source_panel,model,curve,fpr,tpr,recall,precision,metric,point,bootstrap_mean,ci_2_5,ci_97_5,n_bootstrap_valid,comparison,bootstrap_mean_difference,scenario,feature,importance_mean_auprc,importance_std_auprc,importance_mean_auroc,importance_std_auroc,feature_family,feature_label,rank_auprc,rank_auroc,positive_importance_sum_auprc,positive_importance_mean_auprc,positive_importance_sum_auroc,positive_importance_mean_auroc,n_features
A_B,signal_features,roc,0.0,0.0,,,,,,,,,,,,,,,,,,,,,,,,,
A_B,signal_features,roc,0.0,0.029411764705882353,,,,,,,,,,,,,,,,,,,,,,,,,
A_B,signal_features,roc,0.007575757575757576,0.029411764705882353,,,,,,,,,,,,,,,,,,,,,,,,,
A_B,signal_features,roc,0.015151515151515152,0.029411764705882353,,,,,,,,,,,,,,,,,,,,,,,,,
A_B,signal_features,roc,0.015151515151515152,0.058823529411764705,,,,,,,,,,,,,,,,,,,,,,,,,
A_B,signal_features,roc,0.015151515151515152,0.08823529411764706,,,,,,,,,,,,,,,,,,,,,,,,,
A_B,signal_features,roc,0.022727272727272728,0.08823529411764706,,,,,,,,,,,,,,,,,,,,,,,,,
A_B,signal_features,roc,0.030303030303030304,0.08823529411764706,,,,,,,,,,,,,,,,,,,,,,,,,
A_B,signal_features,roc,0.03787878787878788,0.08823529411764706,,,,,,,,,,,,,,,,,,,,,,,,,
A_B,signal_features,roc,0.03787878787878788,0.11764705882352941,,,,,,,,,,,,,,,,,,,,,,,,,
A_B,signal_features,roc,0.045454545454545456,0.11764705882352941,,,,,,,,,,,,,,,,,,,,,,,,,
A_B,signal_features,roc,0.05303030303030303,0.11764705882352941,,,,,,,,,,,,,,,,,,,,,,,,,
A_B,signal_features,roc,0.05303030303030303,0.14705882352941177,,,,,,,,,,,,,,,,,,,,,,,,,
A_B,signal_features,roc,0.05303030303030303,0.17647058823529413,,,,,,,,,,,,,,,,,,,,,,,,,
A_B,signal_features,roc,0.06060606060606061,0.17647058823529413,,,,,,,,,,,,,,,,,,,,,,,,,
A_B,signal_features,roc,0.06060606060606061,0.20588235294117646,,,,,,,,,,,,,,,,,,,,,,,,,
A_B,signal_features,roc,0.06818181818181818,0.20588235294117646,,,,,,,,,,,,,,,,,,,,,,,,,
A_B,signal_features,roc,0.06818181818181818,0.23529411764705882,,,,,,,,,,,,,,,,,,,,,,,,,
A_B,signal_features,roc,0.07575757575757576,0.23529411764705882,,,,,,,,,,,,,,,,,,,,,,,,,
A_B,signal_features,roc,0.08333333333333333,0.23529411764705882,,,,,,,,,,,,,,,,,,,,,,,,,
A_B,signal_features,roc,0.09090909090909091,0.23529411764705882,,,,,,,,,,,,,,,,,,,,,,,,,
A_B,signal_features,roc,0.09848484848484848,0.23529411764705882,,,,,,,,,,,,,,,,,,,,,,,,,
A_B,signal_features,roc,0.10606060606060606,0.23529411764705882,,,,,,,,,,,,,,,,,,,,,,,,,
A_B,signal_features,roc,0.11363636363636363,0.23529411764705882,,,,,,,,,,,,,,,,,,,,,,,,,
A_B,signal_features,roc,0.12121212121212122,0.23529411764705882,,,,,,,,,,,,,,,,,,,,,,,,,
A_B,signal_features,roc,0.12878787878787878,0.23529411764705882,,,,,,,,,,,,,,,,,,,,,,,,,
A_B,signal_features,roc,0.13636363636363635,0.23529411764705882,,,,,,,,,,,,,,,,,,,,,,,,,
A_B,signal_features,roc,0.13636363636363635,0.2647058823529412,,,,,,,,,,,,,,,,,,,,,,,,,
A_B,signal_features,roc,0.13636363636363635,0.29411764705882354,,,,,,,,,,,,,,,,,,,,,,,,,
A_B,signal_features,roc,0.14393939393939395,0.29411764705882354,,,,,,,,,,,,,,,,,,,,,,,,,
A_B,signal_features,roc,0.15151515151515152,0.29411764705882354,,,,,,,,,,,,,,,,,,,,,,,,,
A_B,signal_features,roc,0.1590909090909091,0.29411764705882354,,,,,,,,,,,,,,,,,,,,,,,,,
A_B,signal_features,roc,0.1590909090909091,0.3235294117647059,,,,,,,,,,,,,,,,,,,,,,,,,
A_B,signal_features,roc,0.1590909090909091,0.35294117647058826,,,,,,,,,,,,,,,,,,,,,,,,,
A_B,signal_features,roc,0.16666666666666666,0.35294117647058826,,,,,,,,,,,,,,,,,,,,,,,,,
A_B,signal_features,roc,0.17424242424242425,0.35294117647058826,,,,,,,,,,,,,,,,,,,,,,,,,
A_B,signal_features,roc,0.17424242424242425,0.38235294117647056,,,,,,,,,,,,,,,,,,,,,,,,,
A_B,signal_features,roc,0.18181818181818182,0.38235294117647056,,,,,,,,,,,,,,,,,,,,,,,,,
A_B,signal_features,roc,0.1893939393939394,0.38235294117647056,,,,,,,,,,,,,,,,,,,,,,,,,
A_B,signal_features,roc,0.19696969696969696,0.38235294117647056,,,,,,,,,,,,,,,,,,,,,,,,,
A_B,signal_features,roc,0.20454545454545456,0.38235294117647056,,,,,,,,,,,,,,,,,,,,,,,,,
A_B,signal_features,roc,0.21212121212121213,0.38235294117647056,,,,,,,,,,,,,,,,,,,,,,,,,
A_B,signal_features,roc,0.2196969696969697,0.38235294117647056,,,,,,,,,,,,,,,,,,,,,,,,,
A_B,signal_features,roc,0.22727272727272727,0.38235294117647056,,,,,,,,,,,,,,,,,,,,,,,,,
A_B,signal_features,roc,0.23484848484848486,0.38235294117647056,,,,,,,,,,,,,,,,,,,,,,,,,
A_B,signal_features,roc,0.24242424242424243,0.38235294117647056,,,,,,,,,,,,,,,,,,,,,,,,,
A_B,signal_features,roc,0.25,0.38235294117647056,,,,,,,,,,,,,,,,,,,,,,,,,
A_B,signal_features,roc,0.25757575757575757,0.38235294117647056,,,,,,,,,,,,,,,,,,,,,,,,,
A_B,signal_features,roc,0.26515151515151514,0.38235294117647056,,,,,,,,,,,,,,,,,,,,,,,,,
A_B,signal_features,roc,0.2727272727272727,0.38235294117647056,,,,,,,,,,,,,,,,,,,,,,,,,
A_B,signal_features,roc,0.2803030303030303,0.38235294117647056,,,,,,,,,,,,,,,,,,,,,,,,,
A_B,signal_features,roc,0.2878787878787879,0.38235294117647056,,,,,,,,,,,,,,,,,,,,,,,,,
A_B,signal_features,roc,0.2878787878787879,0.4117647058823529,,,,,,,,,,,,,,,,,,,,,,,,,
A_B,signal_features,roc,0.29545454545454547,0.4117647058823529,,,,,,,,,,,,,,,,,,,,,,,,,
A_B,signal_features,roc,0.30303030303030304,0.4117647058823529,,,,,,,,,,,,,,,,,,,,,,,,,
A_B,signal_features,roc,0.3106060606060606,0.4117647058823529,,,,,,,,,,,,,,,,,,,,,,,,,
A_B,signal_features,roc,0.3181818181818182,0.4117647058823529,,,,,,,,,,,,,,,,,,,,,,,,,
A_B,signal_features,roc,0.3181818181818182,0.4411764705882353,,,,,,,,,,,,,,,,,,,,,,,,,
A_B,signal_features,roc,0.32575757575757575,0.4411764705882353,,,,,,,,,,,,,,,,,,,,,,,,,
A_B,signal_features,roc,0.32575757575757575,0.47058823529411764,,,,,,,,,,,,,,,,,,,,,,,,,
A_B,signal_features,roc,0.3333333333333333,0.47058823529411764,,,,,,,,,,,,,,,,,,,,,,,,,
A_B,signal_features,roc,0.3409090909090909,0.47058823529411764,,,,,,,,,,,,,,,,,,,,,,,,,
A_B,signal_features,roc,0.3484848484848485,0.47058823529411764,,,,,,,,,,,,,,,,,,,,,,,,,
A_B,signal_features,roc,0.3560606060606061,0.47058823529411764,,,,,,,,,,,,,,,,,,,,,,,,,
A_B,signal_features,roc,0.3560606060606061,0.5,,,,,,,,,,,,,,,,,,,,,,,,,
A_B,signal_features,roc,0.36363636363636365,0.5,,,,,,,,,,,,,,,,,,,,,,,,,
A_B,signal_features,roc,0.3712121212121212,0.5,,,,,,,,,,,,,,,,,,,,,,,,,
A_B,signal_features,roc,0.3712121212121212,0.5294117647058824,,,,,,,,,,,,,,,,,,,,,,,,,
A_B,signal_features,roc,0.3787878787878788,0.5294117647058824,,,,,,,,,,,,,,,,,,,,,,,,,
A_B,signal_features,roc,0.38636363636363635,0.5294117647058824,,,,,,,,,,,,,,,,,,,,,,,,,
A_B,signal_features,roc,0.38636363636363635,0.5588235294117647,,,,,,,,,,,,,,,,,,,,,,,,,
A_B,signal_features,roc,0.3939393939393939,0.5588235294117647,,,,,,,,,,,,,,,,,,,,,,,,,
A_B,signal_features,roc,0.4015151515151515,0.5588235294117647,,,,,,,,,,,,,,,,,,,,,,,,,
A_B,signal_features,roc,0.4090909090909091,0.5588235294117647,,,,,,,,,,,,,,,,,,,,,,,,,
A_B,signal_features,roc,0.4166666666666667,0.5588235294117647,,,,,,,,,,,,,,,,,,,,,,,,,
A_B,signal_features,roc,0.42424242424242425,0.5588235294117647,,,,,,,,,,,,,,,,,,,,,,,,,
A_B,signal_features,roc,0.4318181818181818,0.5588235294117647,,,,,,,,,,,,,,,,,,,,,,,,,
A_B,signal_features,roc,0.4393939393939394,0.5588235294117647,,,,,,,,,,,,,,,,,,,,,,,,,
A_B,signal_features,roc,0.4393939393939394,0.5882352941176471,,,,,,,,,,,,,,,,,,,,,,,,,
A_B,signal_features,roc,0.44696969696969696,0.5882352941176471,,,,,,,,,,,,,,,,,,,,,,,,,
A_B,signal_features,roc,0.45454545454545453,0.5882352941176471,,,,,,,,,,,,,,,,,,,,,,,,,
A_B,signal_features,roc,0.4621212121212121,0.5882352941176471,,,,,,,,,,,,,,,,,,,,,,,,,
A_B,signal_features,roc,0.4696969696969697,0.5882352941176471,,,,,,,,,,,,,,,,,,,,,,,,,
A_B,signal_features,roc,0.4696969696969697,0.6176470588235294,,,,,,,,,,,,,,,,,,,,,,,,,
A_B,signal_features,roc,0.4772727272727273,0.6176470588235294,,,,,,,,,,,,,,,,,,,,,,,,,
A_B,signal_features,roc,0.4772727272727273,0.6470588235294118,,,,,,,,,,,,,,,,,,,,,,,,,
A_B,signal_features,roc,0.48484848484848486,0.6470588235294118,,,,,,,,,,,,,,,,,,,,,,,,,
A_B,signal_features,roc,0.49242424242424243,0.6470588235294118,,,,,,,,,,,,,,,,,,,,,,,,,
A_B,signal_features,roc,0.49242424242424243,0.6764705882352942,,,,,,,,,,,,,,,,,,,,,,,,,
A_B,signal_features,roc,0.5,0.6764705882352942,,,,,,,,,,,,,,,,,,,,,,,,,
A_B,signal_features,roc,0.5075757575757576,0.6764705882352942,,,,,,,,,,,,,,,,,,,,,,,,,
A_B,signal_features,roc,0.5151515151515151,0.6764705882352942,,,,,,,,,,,,,,,,,,,,,,,,,
A_B,signal_features,roc,0.5151515151515151,0.7058823529411765,,,,,,,,,,,,,,,,,,,,,,,,,
A_B,signal_features,roc,0.5227272727272727,0.7058823529411765,,,,,,,,,,,,,,,,,,,,,,,,,
A_B,signal_features,roc,0.5303030303030303,0.7058823529411765,,,,,,,,,,,,,,,,,,,,,,,,,
A_B,signal_features,roc,0.5378787878787878,0.7058823529411765,,,,,,,,,,,,,,,,,,,,,,,,,
A_B,signal_features,roc,0.5454545454545454,0.7058823529411765,,,,,,,,,,,,,,,,,,,,,,,,,
A_B,signal_features,roc,0.553030303030303,0.7058823529411765,,,,,,,,,,,,,,,,,,,,,,,,,
A_B,signal_features,roc,0.5606060606060606,0.7058823529411765,,,,,,,,,,,,,,,,,,,,,,,,,
A_B,signal_features,roc,0.5681818181818182,0.7058823529411765,,,,,,,,,,,,,,,,,,,,,,,,,
A_B,signal_features,roc,0.5757575757575758,0.7058823529411765,,,,,,,,,,,,,,,,,,,,,,,,,
A_B,signal_features,roc,0.5757575757575758,0.7352941176470589,,,,,,,,,,,,,,,,,,,,,,,,,
A_B,signal_features,roc,0.5833333333333334,0.7352941176470589,,,,,,,,,,,,,,,,,,,,,,,,,
A_B,signal_features,roc,0.5833333333333334,0.7647058823529411,,,,,,,,,,,,,,,,,,,,,,,,,
A_B,signal_features,roc,0.5833333333333334,0.7941176470588235,,,,,,,,,,,,,,,,,,,,,,,,,
A_B,signal_features,roc,0.5909090909090909,0.7941176470588235,,,,,,,,,,,,,,,,,,,,,,,,,
A_B,signal_features,roc,0.5984848484848485,0.7941176470588235,,,,,,,,,,,,,,,,,,,,,,,,,
A_B,signal_features,roc,0.6060606060606061,0.7941176470588235,,,,,,,,,,,,,,,,,,,,,,,,,
A_B,signal_features,roc,0.6136363636363636,0.7941176470588235,,,,,,,,,,,,,,,,,,,,,,,,,
A_B,signal_features,roc,0.6136363636363636,0.8235294117647058,,,,,,,,,,,,,,,,,,,,,,,,,
A_B,signal_features,roc,0.6212121212121212,0.8235294117647058,,,,,,,,,,,,,,,,,,,,,,,,,
A_B,signal_features,roc,0.6287878787878788,0.8235294117647058,,,,,,,,,,,,,,,,,,,,,,,,,
A_B,signal_features,roc,0.6363636363636364,0.8235294117647058,,,,,,,,,,,,,,,,,,,,,,,,,
A_B,signal_features,roc,0.6439393939393939,0.8235294117647058,,,,,,,,,,,,,,,,,,,,,,,,,
A_B,signal_features,roc,0.6515151515151515,0.8235294117647058,,,,,,,,,,,,,,,,,,,,,,,,,
A_B,signal_features,roc,0.6590909090909091,0.8235294117647058,,,,,,,,,,,,,,,,,,,,,,,,,
A_B,signal_features,roc,0.6666666666666666,0.8235294117647058,,,,,,,,,,,,,,,,,,,,,,,,,
A_B,signal_features,roc,0.6666666666666666,0.8529411764705882,,,,,,,,,,,,,,,,,,,,,,,,,
A_B,signal_features,roc,0.6742424242424242,0.8529411764705882,,,,,,,,,,,,,,,,,,,,,,,,,
A_B,signal_features,roc,0.6818181818181818,0.8529411764705882,,,,,,,,,,,,,,,,,,,,,,,,,
A_B,signal_features,roc,0.6818181818181818,0.8823529411764706,,,,,,,,,,,,,,,,,,,,,,,,,
A_B,signal_features,roc,0.6893939393939394,0.8823529411764706,,,,,,,,,,,,,,,,,,,,,,,,,
A_B,signal_features,roc,0.696969696969697,0.8823529411764706,,,,,,,,,,,,,,,,,,,,,,,,,
A_B,signal_features,roc,0.7045454545454546,0.8823529411764706,,,,,,,,,,,,,,,,,,,,,,,,,
A_B,signal_features,roc,0.7121212121212122,0.8823529411764706,,,,,,,,,,,,,,,,,,,,,,,,,
A_B,signal_features,roc,0.7196969696969697,0.8823529411764706,,,,,,,,,,,,,,,,,,,,,,,,,
A_B,signal_features,roc,0.7272727272727273,0.8823529411764706,,,,,,,,,,,,,,,,,,,,,,,,,
A_B,signal_features,roc,0.7348484848484849,0.8823529411764706,,,,,,,,,,,,,,,,,,,,,,,,,
A_B,signal_features,roc,0.7424242424242424,0.8823529411764706,,,,,,,,,,,,,,,,,,,,,,,,,
A_B,signal_features,roc,0.75,0.8823529411764706,,,,,,,,,,,,,,,,,,,,,,,,,
A_B,signal_features,roc,0.7575757575757576,0.8823529411764706,,,,,,,,,,,,,,,,,,,,,,,,,
A_B,signal_features,roc,0.7651515151515151,0.8823529411764706,,,,,,,,,,,,,,,,,,,,,,,,,
A_B,signal_features,roc,0.7651515151515151,0.9117647058823529,,,,,,,,,,,,,,,,,,,,,,,,,
A_B,signal_features,roc,0.7727272727272727,0.9117647058823529,,,,,,,,,,,,,,,,,,,,,,,,,
A_B,signal_features,roc,0.7727272727272727,0.9411764705882353,,,,,,,,,,,,,,,,,,,,,,,,,
A_B,signal_features,roc,0.7803030303030303,0.9411764705882353,,,,,,,,,,,,,,,,,,,,,,,,,
A_B,signal_features,roc,0.7878787878787878,0.9411764705882353,,,,,,,,,,,,,,,,,,,,,,,,,
A_B,signal_features,roc,0.7954545454545454,0.9411764705882353,,,,,,,,,,,,,,,,,,,,,,,,,
A_B,signal_features,roc,0.803030303030303,0.9411764705882353,,,,,,,,,,,,,,,,,,,,,,,,,
A_B,signal_features,roc,0.8106060606060606,0.9411764705882353,,,,,,,,,,,,,,,,,,,,,,,,,
A_B,signal_features,roc,0.8181818181818182,0.9411764705882353,,,,,,,,,,,,,,,,,,,,,,,,,
A_B,signal_features,roc,0.8257575757575758,0.9411764705882353,,,,,,,,,,,,,,,,,,,,,,,,,
A_B,signal_features,roc,0.8333333333333334,0.9411764705882353,,,,,,,,,,,,,,,,,,,,,,,,,
A_B,signal_features,roc,0.8409090909090909,0.9411764705882353,,,,,,,,,,,,,,,,,,,,,,,,,
A_B,signal_features,roc,0.8484848484848485,0.9411764705882353,,,,,,,,,,,,,,,,,,,,,,,,,
A_B,signal_features,roc,0.8560606060606061,0.9411764705882353,,,,,,,,,,,,,,,,,,,,,,,,,
A_B,signal_features,roc,0.8636363636363636,0.9411764705882353,,,,,,,,,,,,,,,,,,,,,,,,,
A_B,signal_features,roc,0.8712121212121212,0.9411764705882353,,,,,,,,,,,,,,,,,,,,,,,,,
A_B,signal_features,roc,0.8787878787878788,0.9411764705882353,,,,,,,,,,,,,,,,,,,,,,,,,
A_B,signal_features,roc,0.8863636363636364,0.9411764705882353,,,,,,,,,,,,,,,,,,,,,,,,,
A_B,signal_features,roc,0.8939393939393939,0.9411764705882353,,,,,,,,,,,,,,,,,,,,,,,,,
A_B,signal_features,roc,0.9015151515151515,0.9411764705882353,,,,,,,,,,,,,,,,,,,,,,,,,
A_B,signal_features,roc,0.9090909090909091,0.9411764705882353,,,,,,,,,,,,,,,,,,,,,,,,,
A_B,signal_features,roc,0.9090909090909091,0.9705882352941176,,,,,,,,,,,,,,,,,,,,,,,,,
A_B,signal_features,roc,0.9090909090909091,1.0,,,,,,,,,,,,,,,,,,,,,,,,,
A_B,signal_features,roc,0.9166666666666666,1.0,,,,,,,,,,,,,,,,,,,,,,,,,
A_B,signal_features,roc,0.9242424242424242,1.0,,,,,,,,,,,,,,,,,,,,,,,,,
A_B,signal_features,roc,0.9318181818181818,1.0,,,,,,,,,,,,,,,,,,,,,,,,,
A_B,signal_features,roc,0.9393939393939394,1.0,,,,,,,,,,,,,,,,,,,,,,,,,
A_B,signal_features,roc,0.946969696969697,1.0,,,,,,,,,,,,,,,,,,,,,,,,,
A_B,signal_features,roc,0.9545454545454546,1.0,,,,,,,,,,,,,,,,,,,,,,,,,
A_B,signal_features,roc,0.9621212121212122,1.0,,,,,,,,,,,,,,,,,,,,,,,,,
A_B,signal_features,roc,0.9696969696969697,1.0,,,,,,,,,,,,,,,,,,,,,,,,,
A_B,signal_features,roc,0.9772727272727273,1.0,,,,,,,,,,,,,,,,,,,,,,,,,
A_B,signal_features,roc,0.9848484848484849,1.0,,,,,,,,,,,,,,,,,,,,,,,,,
A_B,signal_features,roc,0.9924242424242424,1.0,,,,,,,,,,,,,,,,,,,,,,,,,
A_B,signal_features,roc,1.0,1.0,,,,,,,,,,,,,,,,,,,,,,,,,
A_B,signal_features,precision_recall,,,0.0,0.20481927710843373,,,,,,,,,,,,,,,,,,,,,,,
A_B,signal_features,precision_recall,,,0.029411764705882353,1.0,,,,,,,,,,,,,,,,,,,,,,,
A_B,signal_features,precision_recall,,,0.029411764705882353,0.5,,,,,,,,,,,,,,,,,,,,,,,
A_B,signal_features,precision_recall,,,0.029411764705882353,0.3333333333333333,,,,,,,,,,,,,,,,,,,,,,,
A_B,signal_features,precision_recall,,,0.058823529411764705,0.5,,,,,,,,,,,,,,,,,,,,,,,
A_B,signal_features,precision_recall,,,0.08823529411764706,0.6,,,,,,,,,,,,,,,,,,,,,,,
A_B,signal_features,precision_recall,,,0.08823529411764706,0.5,,,,,,,,,,,,,,,,,,,,,,,
A_B,signal_features,precision_recall,,,0.08823529411764706,0.42857142857142855,,,,,,,,,,,,,,,,,,,,,,,
A_B,signal_features,precision_recall,,,0.08823529411764706,0.375,,,,,,,,,,,,,,,,,,,,,,,
A_B,signal_features,precision_recall,,,0.11764705882352941,0.4444444444444444,,,,,,,,,,,,,,,,,,,,,,,
A_B,signal_features,precision_recall,,,0.11764705882352941,0.4,,,,,,,,,,,,,,,,,,,,,,,
A_B,signal_features,precision_recall,,,0.11764705882352941,0.36363636363636365,,,,,,,,,,,,,,,,,,,,,,,
A_B,signal_features,precision_recall,,,0.14705882352941177,0.4166666666666667,,,,,,,,,,,,,,,,,,,,,,,
A_B,signal_features,precision_recall,,,0.17647058823529413,0.46153846153846156,,,,,,,,,,,,,,,,,,,,,,,
A_B,signal_features,precision_recall,,,0.17647058823529413,0.42857142857142855,,,,,,,,,,,,,,,,,,,,,,,
A_B,signal_features,precision_recall,,,0.20588235294117646,0.4666666666666667,,,,,,,,,,,,,,,,,,,,,,,
A_B,signal_features,precision_recall,,,0.20588235294117646,0.4375,,,,,,,,,,,,,,,,,,,,,,,
A_B,signal_features,precision_recall,,,0.23529411764705882,0.47058823529411764,,,,,,,,,,,,,,,,,,,,,,,
A_B,signal_features,precision_recall,,,0.23529411764705882,0.4444444444444444,,,,,,,,,,,,,,,,,,,,,,,
A_B,signal_features,precision_recall,,,0.23529411764705882,0.42105263157894735,,,,,,,,,,,,,,,,,,,,,,,
A_B,signal_features,precision_recall,,,0.23529411764705882,0.4,,,,,,,,,,,,,,,,,,,,,,,
A_B,signal_features,precision_recall,,,0.23529411764705882,0.38095238095238093,,,,,,,,,,,,,,,,,,,,,,,
A_B,signal_features,precision_recall,,,0.23529411764705882,0.36363636363636365,,,,,,,,,,,,,,,,,,,,,,,
A_B,signal_features,precision_recall,,,0.23529411764705882,0.34782608695652173,,,,,,,,,,,,,,,,,,,,,,,
A_B,signal_features,precision_recall,,,0.23529411764705882,0.3333333333333333,,,,,,,,,,,,,,,,,,,,,,,
A_B,signal_features,precision_recall,,,0.23529411764705882,0.32,,,,,,,,,,,,,,,,,,,,,,,
A_B,signal_features,precision_recall,,,0.23529411764705882,0.3076923076923077,,,,,,,,,,,,,,,,,,,,,,,
A_B,signal_features,precision_recall,,,0.2647058823529412,0.3333333333333333,,,,,,,,,,,,,,,,,,,,,,,
A_B,signal_features,precision_recall,,,0.29411764705882354,0.35714285714285715,,,,,,,,,,,,,,,,,,,,,,,
A_B,signal_features,precision_recall,,,0.29411764705882354,0.3448275862068966,,,,,,,,,,,,,,,,,,,,,,,
A_B,signal_features,precision_recall,,,0.29411764705882354,0.3333333333333333,,,,,,,,,,,,,,,,,,,,,,,
A_B,signal_features,precision_recall,,,0.29411764705882354,0.3225806451612903,,,,,,,,,,,,,,,,,,,,,,,
A_B,signal_features,precision_recall,,,0.3235294117647059,0.34375,,,,,,,,,,,,,,,,,,,,,,,
A_B,signal_features,precision_recall,,,0.35294117647058826,0.36363636363636365,,,,,,,,,,,,,,,,,,,,,,,
A_B,signal_features,precision_recall,,,0.35294117647058826,0.35294117647058826,,,,,,,,,,,,,,,,,,,,,,,
A_B,signal_features,precision_recall,,,0.35294117647058826,0.34285714285714286,,,,,,,,,,,,,,,,,,,,,,,
A_B,signal_features,precision_recall,,,0.38235294117647056,0.3611111111111111,,,,,,,,,,,,,,,,,,,,,,,
A_B,signal_features,precision_recall,,,0.38235294117647056,0.35135135135135137,,,,,,,,,,,,,,,,,,,,,,,
A_B,signal_features,precision_recall,,,0.38235294117647056,0.34210526315789475,,,,,,,,,,,,,,,,,,,,,,,
A_B,signal_features,precision_recall,,,0.38235294117647056,0.3333333333333333,,,,,,,,,,,,,,,,,,,,,,,
A_B,signal_features,precision_recall,,,0.38235294117647056,0.325,,,,,,,,,,,,,,,,,,,,,,,
A_B,signal_features,precision_recall,,,0.38235294117647056,0.3170731707317073,,,,,,,,,,,,,,,,,,,,,,,
A_B,signal_features,precision_recall,,,0.38235294117647056,0.30952380952380953,,,,,,,,,,,,,,,,,,,,,,,
A_B,signal_features,precision_recall,,,0.38235294117647056,0.3023255813953488,,,,,,,,,,,,,,,,,,,,,,,
A_B,signal_features,precision_recall,,,0.38235294117647056,0.29545454545454547,,,,,,,,,,,,,,,,,,,,,,,
A_B,signal_features,precision_recall,,,0.38235294117647056,0.28888888888888886,,,,,,,,,,,,,,,,,,,,,,,
A_B,signal_features,precision_recall,,,0.38235294117647056,0.2826086956521739,,,,,,,,,,,,,,,,,,,,,,,
A_B,signal_features,precision_recall,,,0.38235294117647056,0.2765957446808511,,,,,,,,,,,,,,,,,,,,,,,
A_B,signal_features,precision_recall,,,0.38235294117647056,0.2708333333333333,,,,,,,,,,,,,,,,,,,,,,,
A_B,signal_features,precision_recall,,,0.38235294117647056,0.2653061224489796,,,,,,,,,,,,,,,,,,,,,,,
A_B,signal_features,precision_recall,,,0.38235294117647056,0.26,,,,,,,,,,,,,,,,,,,,,,,
A_B,signal_features,precision_recall,,,0.38235294117647056,0.2549019607843137,,,,,,,,,,,,,,,,,,,,,,,
A_B,signal_features,precision_recall,,,0.4117647058823529,0.2692307692307692,,,,,,,,,,,,,,,,,,,,,,,
A_B,signal_features,precision_recall,,,0.4117647058823529,0.2641509433962264,,,,,,,,,,,,,,,,,,,,,,,
A_B,signal_features,precision_recall,,,0.4117647058823529,0.25925925925925924,,,,,,,,,,,,,,,,,,,,,,,
A_B,signal_features,precision_recall,,,0.4117647058823529,0.2545454545454545,,,,,,,,,,,,,,,,,,,,,,,
A_B,signal_features,precision_recall,,,0.4117647058823529,0.25,,,,,,,,,,,,,,,,,,,,,,,
A_B,signal_features,precision_recall,,,0.4411764705882353,0.2631578947368421,,,,,,,,,,,,,,,,,,,,,,,
A_B,signal_features,precision_recall,,,0.4411764705882353,0.25862068965517243,,,,,,,,,,,,,,,,,,,,,,,
A_B,signal_features,precision_recall,,,0.47058823529411764,0.2711864406779661,,,,,,,,,,,,,,,,,,,,,,,
A_B,signal_features,precision_recall,,,0.47058823529411764,0.26666666666666666,,,,,,,,,,,,,,,,,,,,,,,
A_B,signal_features,precision_recall,,,0.47058823529411764,0.26229508196721313,,,,,,,,,,,,,,,,,,,,,,,
A_B,signal_features,precision_recall,,,0.47058823529411764,0.25806451612903225,,,,,,,,,,,,,,,,,,,,,,,
A_B,signal_features,precision_recall,,,0.47058823529411764,0.25396825396825395,,,,,,,,,,,,,,,,,,,,,,,
A_B,signal_features,precision_recall,,,0.5,0.265625,,,,,,,,,,,,,,,,,,,,,,,
A_B,signal_features,precision_recall,,,0.5,0.26153846153846155,,,,,,,,,,,,,,,,,,,,,,,
A_B,signal_features,precision_recall,,,0.5,0.25757575757575757,,,,,,,,,,,,,,,,,,,,,,,
A_B,signal_features,precision_recall,,,0.5294117647058824,0.26865671641791045,,,,,,,,,,,,,,,,,,,,,,,
A_B,signal_features,precision_recall,,,0.5294117647058824,0.2647058823529412,,,,,,,,,,,,,,,,,,,,,,,
A_B,signal_features,precision_recall,,,0.5294117647058824,0.2608695652173913,,,,,,,,,,,,,,,,,,,,,,,
A_B,signal_features,precision_recall,,,0.5588235294117647,0.2714285714285714,,,,,,,,,,,,,,,,,,,,,,,
A_B,signal_features,precision_recall,,,0.5588235294117647,0.2676056338028169,,,,,,,,,,,,,,,,,,,,,,,
A_B,signal_features,precision_recall,,,0.5588235294117647,0.2638888888888889,,,,,,,,,,,,,,,,,,,,,,,
A_B,signal_features,precision_recall,,,0.5588235294117647,0.2602739726027397,,,,,,,,,,,,,,,,,,,,,,,
A_B,signal_features,precision_recall,,,0.5588235294117647,0.25675675675675674,,,,,,,,,,,,,,,,,,,,,,,
A_B,signal_features,precision_recall,,,0.5588235294117647,0.25333333333333335,,,,,,,,,,,,,,,,,,,,,,,
A_B,signal_features,precision_recall,,,0.5588235294117647,0.25,,,,,,,,,,,,,,,,,,,,,,,
A_B,signal_features,precision_recall,,,0.5588235294117647,0.24675324675324675,,,,,,,,,,,,,,,,,,,,,,,
A_B,signal_features,precision_recall,,,0.5882352941176471,0.2564102564102564,,,,,,,,,,,,,,,,,,,,,,,
A_B,signal_features,precision_recall,,,0.5882352941176471,0.25316455696202533,,,,,,,,,,,,,,,,,,,,,,,
A_B,signal_features,precision_recall,,,0.5882352941176471,0.25,,,,,,,,,,,,,,,,,,,,,,,
A_B,signal_features,precision_recall,,,0.5882352941176471,0.24691358024691357,,,,,,,,,,,,,,,,,,,,,,,
A_B,signal_features,precision_recall,,,0.5882352941176471,0.24390243902439024,,,,,,,,,,,,,,,,,,,,,,,
A_B,signal_features,precision_recall,,,0.6176470588235294,0.25301204819277107,,,,,,,,,,,,,,,,,,,,,,,
A_B,signal_features,precision_recall,,,0.6176470588235294,0.25,,,,,,,,,,,,,,,,,,,,,,,
A_B,signal_features,precision_recall,,,0.6470588235294118,0.25882352941176473,,,,,,,,,,,,,,,,,,,,,,,
A_B,signal_features,precision_recall,,,0.6470588235294118,0.2558139534883721,,,,,,,,,,,,,,,,,,,,,,,
A_B,signal_features,precision_recall,,,0.6470588235294118,0.25287356321839083,,,,,,,,,,,,,,,,,,,,,,,
A_B,signal_features,precision_recall,,,0.6764705882352942,0.26136363636363635,,,,,,,,,,,,,,,,,,,,,,,
A_B,signal_features,precision_recall,,,0.6764705882352942,0.25842696629213485,,,,,,,,,,,,,,,,,,,,,,,
A_B,signal_features,precision_recall,,,0.6764705882352942,0.25555555555555554,,,,,,,,,,,,,,,,,,,,,,,
A_B,signal_features,precision_recall,,,0.6764705882352942,0.25274725274725274,,,,,,,,,,,,,,,,,,,,,,,
A_B,signal_features,precision_recall,,,0.7058823529411765,0.2608695652173913,,,,,,,,,,,,,,,,,,,,,,,
A_B,signal_features,precision_recall,,,0.7058823529411765,0.25806451612903225,,,,,,,,,,,,,,,,,,,,,,,
A_B,signal_features,precision_recall,,,0.7058823529411765,0.2553191489361702,,,,,,,,,,,,,,,,,,,,,,,
A_B,signal_features,precision_recall,,,0.7058823529411765,0.25263157894736843,,,,,,,,,,,,,,,,,,,,,,,
A_B,signal_features,precision_recall,,,0.7058823529411765,0.25,,,,,,,,,,,,,,,,,,,,,,,
A_B,signal_features,precision_recall,,,0.7058823529411765,0.24742268041237114,,,,,,,,,,,,,,,,,,,,,,,
A_B,signal_features,precision_recall,,,0.7058823529411765,0.24489795918367346,,,,,,,,,,,,,,,,,,,,,,,
A_B,signal_features,precision_recall,,,0.7058823529411765,0.24242424242424243,,,,,,,,,,,,,,,,,,,,,,,
A_B,signal_features,precision_recall,,,0.7058823529411765,0.24,,,,,,,,,,,,,,,,,,,,,,,
A_B,signal_features,precision_recall,,,0.7352941176470589,0.24752475247524752,,,,,,,,,,,,,,,,,,,,,,,
A_B,signal_features,precision_recall,,,0.7352941176470589,0.24509803921568626,,,,,,,,,,,,,,,,,,,,,,,
A_B,signal_features,precision_recall,,,0.7647058823529411,0.2524271844660194,,,,,,,,,,,,,,,,,,,,,,,
A_B,signal_features,precision_recall,,,0.7941176470588235,0.25961538461538464,,,,,,,,,,,,,,,,,,,,,,,
A_B,signal_features,precision_recall,,,0.7941176470588235,0.2571428571428571,,,,,,,,,,,,,,,,,,,,,,,
A_B,signal_features,precision_recall,,,0.7941176470588235,0.25471698113207547,,,,,,,,,,,,,,,,,,,,,,,
A_B,signal_features,precision_recall,,,0.7941176470588235,0.2523364485981308,,,,,,,,,,,,,,,,,,,,,,,
A_B,signal_features,precision_recall,,,0.7941176470588235,0.25,,,,,,,,,,,,,,,,,,,,,,,
A_B,signal_features,precision_recall,,,0.8235294117647058,0.25688073394495414,,,,,,,,,,,,,,,,,,,,,,,
A_B,signal_features,precision_recall,,,0.8235294117647058,0.2545454545454545,,,,,,,,,,,,,,,,,,,,,,,
A_B,signal_features,precision_recall,,,0.8235294117647058,0.25225225225225223,,,,,,,,,,,,,,,,,,,,,,,
A_B,signal_features,precision_recall,,,0.8235294117647058,0.25,,,,,,,,,,,,,,,,,,,,,,,
A_B,signal_features,precision_recall,,,0.8235294117647058,0.24778761061946902,,,,,,,,,,,,,,,,,,,,,,,
A_B,signal_features,precision_recall,,,0.8235294117647058,0.24561403508771928,,,,,,,,,,,,,,,,,,,,,,,
A_B,signal_features,precision_recall,,,0.8235294117647058,0.24347826086956523,,,,,,,,,,,,,,,,,,,,,,,
A_B,signal_features,precision_recall,,,0.8235294117647058,0.2413793103448276,,,,,,,,,,,,,,,,,,,,,,,
A_B,signal_features,precision_recall,,,0.8529411764705882,0.24786324786324787,,,,,,,,,,,,,,,,,,,,,,,
A_B,signal_features,precision_recall,,,0.8529411764705882,0.2457627118644068,,,,,,,,,,,,,,,,,,,,,,,
A_B,signal_features,precision_recall,,,0.8529411764705882,0.24369747899159663,,,,,,,,,,,,,,,,,,,,,,,
A_B,signal_features,precision_recall,,,0.8823529411764706,0.25,,,,,,,,,,,,,,,,,,,,,,,
A_B,signal_features,precision_recall,,,0.8823529411764706,0.24793388429752067,,,,,,,,,,,,,,,,,,,,,,,
A_B,signal_features,precision_recall,,,0.8823529411764706,0.2459016393442623,,,,,,,,,,,,,,,,,,,,,,,
A_B,signal_features,precision_recall,,,0.8823529411764706,0.24390243902439024,,,,,,,,,,,,,,,,,,,,,,,
A_B,signal_features,precision_recall,,,0.8823529411764706,0.24193548387096775,,,,,,,,,,,,,,,,,,,,,,,
A_B,signal_features,precision_recall,,,0.8823529411764706,0.24,,,,,,,,,,,,,,,,,,,,,,,
A_B,signal_features,precision_recall,,,0.8823529411764706,0.23809523809523808,,,,,,,,,,,,,,,,,,,,,,,
A_B,signal_features,precision_recall,,,0.8823529411764706,0.23622047244094488,,,,,,,,,,,,,,,,,,,,,,,
A_B,signal_features,precision_recall,,,0.8823529411764706,0.234375,,,,,,,,,,,,,,,,,,,,,,,
A_B,signal_features,precision_recall,,,0.8823529411764706,0.23255813953488372,,,,,,,,,,,,,,,,,,,,,,,
A_B,signal_features,precision_recall,,,0.8823529411764706,0.23076923076923078,,,,,,,,,,,,,,,,,,,,,,,
A_B,signal_features,precision_recall,,,0.8823529411764706,0.22900763358778625,,,,,,,,,,,,,,,,,,,,,,,
A_B,signal_features,precision_recall,,,0.9117647058823529,0.23484848484848486,,,,,,,,,,,,,,,,,,,,,,,
A_B,signal_features,precision_recall,,,0.9117647058823529,0.23308270676691728,,,,,,,,,,,,,,,,,,,,,,,
A_B,signal_features,precision_recall,,,0.9411764705882353,0.23880597014925373,,,,,,,,,,,,,,,,,,,,,,,
A_B,signal_features,precision_recall,,,0.9411764705882353,0.23703703703703705,,,,,,,,,,,,,,,,,,,,,,,
A_B,signal_features,precision_recall,,,0.9411764705882353,0.23529411764705882,,,,,,,,,,,,,,,,,,,,,,,
A_B,signal_features,precision_recall,,,0.9411764705882353,0.23357664233576642,,,,,,,,,,,,,,,,,,,,,,,
A_B,signal_features,precision_recall,,,0.9411764705882353,0.2318840579710145,,,,,,,,,,,,,,,,,,,,,,,
A_B,signal_features,precision_recall,,,0.9411764705882353,0.2302158273381295,,,,,,,,,,,,,,,,,,,,,,,
A_B,signal_features,precision_recall,,,0.9411764705882353,0.22857142857142856,,,,,,,,,,,,,,,,,,,,,,,
A_B,signal_features,precision_recall,,,0.9411764705882353,0.22695035460992907,,,,,,,,,,,,,,,,,,,,,,,
A_B,signal_features,precision_recall,,,0.9411764705882353,0.22535211267605634,,,,,,,,,,,,,,,,,,,,,,,
A_B,signal_features,precision_recall,,,0.9411764705882353,0.22377622377622378,,,,,,,,,,,,,,,,,,,,,,,
A_B,signal_features,precision_recall,,,0.9411764705882353,0.2222222222222222,,,,,,,,,,,,,,,,,,,,,,,
A_B,signal_features,precision_recall,,,0.9411764705882353,0.2206896551724138,,,,,,,,,,,,,,,,,,,,,,,
A_B,signal_features,precision_recall,,,0.9411764705882353,0.2191780821917808,,,,,,,,,,,,,,,,,,,,,,,
A_B,signal_features,precision_recall,,,0.9411764705882353,0.21768707482993196,,,,,,,,,,,,,,,,,,,,,,,
A_B,signal_features,precision_recall,,,0.9411764705882353,0.21621621621621623,,,,,,,,,,,,,,,,,,,,,,,
A_B,signal_features,precision_recall,,,0.9411764705882353,0.21476510067114093,,,,,,,,,,,,,,,,,,,,,,,
A_B,signal_features,precision_recall,,,0.9411764705882353,0.21333333333333335,,,,,,,,,,,,,,,,,,,,,,,
A_B,signal_features,precision_recall,,,0.9411764705882353,0.2119205298013245,,,,,,,,,,,,,,,,,,,,,,,
A_B,signal_features,precision_recall,,,0.9411764705882353,0.21052631578947367,,,,,,,,,,,,,,,,,,,,,,,
A_B,signal_features,precision_recall,,,0.9705882352941176,0.21568627450980393,,,,,,,,,,,,,,,,,,,,,,,
A_B,signal_features,precision_recall,,,1.0,0.22077922077922077,,,,,,,,,,,,,,,,,,,,,,,
A_B,signal_features,precision_recall,,,1.0,0.21935483870967742,,,,,,,,,,,,,,,,,,,,,,,
A_B,signal_features,precision_recall,,,1.0,0.21794871794871795,,,,,,,,,,,,,,,,,,,,,,,
A_B,signal_features,precision_recall,,,1.0,0.21656050955414013,,,,,,,,,,,,,,,,,,,,,,,
A_B,signal_features,precision_recall,,,1.0,0.21518987341772153,,,,,,,,,,,,,,,,,,,,,,,
A_B,signal_features,precision_recall,,,1.0,0.2138364779874214,,,,,,,,,,,,,,,,,,,,,,,
A_B,signal_features,precision_recall,,,1.0,0.2125,,,,,,,,,,,,,,,,,,,,,,,
A_B,signal_features,precision_recall,,,1.0,0.2111801242236025,,,,,,,,,,,,,,,,,,,,,,,
A_B,signal_features,precision_recall,,,1.0,0.20987654320987653,,,,,,,,,,,,,,,,,,,,,,,
A_B,signal_features,precision_recall,,,1.0,0.2085889570552147,,,,,,,,,,,,,,,,,,,,,,,
A_B,signal_features,precision_recall,,,1.0,0.2073170731707317,,,,,,,,,,,,,,,,,,,,,,,
A_B,signal_features,precision_recall,,,1.0,0.20606060606060606,,,,,,,,,,,,,,,,,,,,,,,
A_B,signal_features,precision_recall,,,1.0,0.20481927710843373,,,,,,,,,,,,,,,,,,,,,,,
A_B,ssl_embeddings,roc,0.0,0.0,,,,,,,,,,,,,,,,,,,,,,,,,
A_B,ssl_embeddings,roc,0.007575757575757576,0.0,,,,,,,,,,,,,,,,,,,,,,,,,
A_B,ssl_embeddings,roc,0.015151515151515152,0.0,,,,,,,,,,,,,,,,,,,,,,,,,
A_B,ssl_embeddings,roc,0.015151515151515152,0.029411764705882353,,,,,,,,,,,,,,,,,,,,,,,,,
A_B,ssl_embeddings,roc,0.022727272727272728,0.029411764705882353,,,,,,,,,,,,,,,,,,,,,,,,,
A_B,ssl_embeddings,roc,0.030303030303030304,0.029411764705882353,,,,,,,,,,,,,,,,,,,,,,,,,
A_B,ssl_embeddings,roc,0.03787878787878788,0.029411764705882353,,,,,,,,,,,,,,,,,,,,,,,,,
A_B,ssl_embeddings,roc,0.045454545454545456,0.029411764705882353,,,,,,,,,,,,,,,,,,,,,,,,,
A_B,ssl_embeddings,roc,0.05303030303030303,0.029411764705882353,,,,,,,,,,,,,,,,,,,,,,,,,
A_B,ssl_embeddings,roc,0.06060606060606061,0.029411764705882353,,,,,,,,,,,,,,,,,,,,,,,,,
A_B,ssl_embeddings,roc,0.06818181818181818,0.029411764705882353,,,,,,,,,,,,,,,,,,,,,,,,,
A_B,ssl_embeddings,roc,0.07575757575757576,0.029411764705882353,,,,,,,,,,,,,,,,,,,,,,,,,
A_B,ssl_embeddings,roc,0.07575757575757576,0.058823529411764705,,,,,,,,,,,,,,,,,,,,,,,,,
A_B,ssl_embeddings,roc,0.08333333333333333,0.058823529411764705,,,,,,,,,,,,,,,,,,,,,,,,,
A_B,ssl_embeddings,roc,0.09090909090909091,0.058823529411764705,,,,,,,,,,,,,,,,,,,,,,,,,
A_B,ssl_embeddings,roc,0.09848484848484848,0.058823529411764705,,,,,,,,,,,,,,,,,,,,,,,,,
A_B,ssl_embeddings,roc,0.10606060606060606,0.058823529411764705,,,,,,,,,,,,,,,,,,,,,,,,,
A_B,ssl_embeddings,roc,0.10606060606060606,0.08823529411764706,,,,,,,,,,,,,,,,,,,,,,,,,
A_B,ssl_embeddings,roc,0.11363636363636363,0.08823529411764706,,,,,,,,,,,,,,,,,,,,,,,,,
A_B,ssl_embeddings,roc,0.12121212121212122,0.08823529411764706,,,,,,,,,,,,,,,,,,,,,,,,,
A_B,ssl_embeddings,roc,0.12121212121212122,0.11764705882352941,,,,,,,,,,,,,,,,,,,,,,,,,
A_B,ssl_embeddings,roc,0.12121212121212122,0.14705882352941177,,,,,,,,,,,,,,,,,,,,,,,,,
A_B,ssl_embeddings,roc,0.12878787878787878,0.14705882352941177,,,,,,,,,,,,,,,,,,,,,,,,,
A_B,ssl_embeddings,roc,0.12878787878787878,0.17647058823529413,,,,,,,,,,,,,,,,,,,,,,,,,
A_B,ssl_embeddings,roc,0.12878787878787878,0.20588235294117646,,,,,,,,,,,,,,,,,,,,,,,,,
A_B,ssl_embeddings,roc,0.13636363636363635,0.20588235294117646,,,,,,,,,,,,,,,,,,,,,,,,,
A_B,ssl_embeddings,roc,0.14393939393939395,0.20588235294117646,,,,,,,,,,,,,,,,,,,,,,,,,
A_B,ssl_embeddings,roc,0.15151515151515152,0.20588235294117646,,,,,,,,,,,,,,,,,,,,,,,,,
A_B,ssl_embeddings,roc,0.15151515151515152,0.23529411764705882,,,,,,,,,,,,,,,,,,,,,,,,,
A_B,ssl_embeddings,roc,0.15151515151515152,0.2647058823529412,,,,,,,,,,,,,,,,,,,,,,,,,
A_B,ssl_embeddings,roc,0.15151515151515152,0.29411764705882354,,,,,,,,,,,,,,,,,,,,,,,,,
A_B,ssl_embeddings,roc,0.15151515151515152,0.3235294117647059,,,,,,,,,,,,,,,,,,,,,,,,,
A_B,ssl_embeddings,roc,0.1590909090909091,0.3235294117647059,,,,,,,,,,,,,,,,,,,,,,,,,
A_B,ssl_embeddings,roc,0.1590909090909091,0.35294117647058826,,,,,,,,,,,,,,,,,,,,,,,,,
A_B,ssl_embeddings,roc,0.1590909090909091,0.38235294117647056,,,,,,,,,,,,,,,,,,,,,,,,,
A_B,ssl_embeddings,roc,0.16666666666666666,0.38235294117647056,,,,,,,,,,,,,,,,,,,,,,,,,
A_B,ssl_embeddings,roc,0.16666666666666666,0.4117647058823529,,,,,,,,,,,,,,,,,,,,,,,,,
A_B,ssl_embeddings,roc,0.17424242424242425,0.4117647058823529,,,,,,,,,,,,,,,,,,,,,,,,,
A_B,ssl_embeddings,roc,0.18181818181818182,0.4117647058823529,,,,,,,,,,,,,,,,,,,,,,,,,
A_B,ssl_embeddings,roc,0.1893939393939394,0.4117647058823529,,,,,,,,,,,,,,,,,,,,,,,,,
A_B,ssl_embeddings,roc,0.19696969696969696,0.4117647058823529,,,,,,,,,,,,,,,,,,,,,,,,,
A_B,ssl_embeddings,roc,0.20454545454545456,0.4117647058823529,,,,,,,,,,,,,,,,,,,,,,,,,
A_B,ssl_embeddings,roc,0.21212121212121213,0.4117647058823529,,,,,,,,,,,,,,,,,,,,,,,,,
A_B,ssl_embeddings,roc,0.2196969696969697,0.4117647058823529,,,,,,,,,,,,,,,,,,,,,,,,,
A_B,ssl_embeddings,roc,0.22727272727272727,0.4117647058823529,,,,,,,,,,,,,,,,,,,,,,,,,
A_B,ssl_embeddings,roc,0.23484848484848486,0.4117647058823529,,,,,,,,,,,,,,,,,,,,,,,,,
A_B,ssl_embeddings,roc,0.24242424242424243,0.4117647058823529,,,,,,,,,,,,,,,,,,,,,,,,,
A_B,ssl_embeddings,roc,0.25,0.4117647058823529,,,,,,,,,,,,,,,,,,,,,,,,,
A_B,ssl_embeddings,roc,0.25757575757575757,0.4117647058823529,,,,,,,,,,,,,,,,,,,,,,,,,
A_B,ssl_embeddings,roc,0.26515151515151514,0.4117647058823529,,,,,,,,,,,,,,,,,,,,,,,,,
A_B,ssl_embeddings,roc,0.2727272727272727,0.4117647058823529,,,,,,,,,,,,,,,,,,,,,,,,,
A_B,ssl_embeddings,roc,0.2803030303030303,0.4117647058823529,,,,,,,,,,,,,,,,,,,,,,,,,
A_B,ssl_embeddings,roc,0.2878787878787879,0.4117647058823529,,,,,,,,,,,,,,,,,,,,,,,,,
A_B,ssl_embeddings,roc,0.29545454545454547,0.4117647058823529,,,,,,,,,,,,,,,,,,,,,,,,,
A_B,ssl_embeddings,roc,0.30303030303030304,0.4117647058823529,,,,,,,,,,,,,,,,,,,,,,,,,
A_B,ssl_embeddings,roc,0.3106060606060606,0.4117647058823529,,,,,,,,,,,,,,,,,,,,,,,,,
A_B,ssl_embeddings,roc,0.3181818181818182,0.4117647058823529,,,,,,,,,,,,,,,,,,,,,,,,,
A_B,ssl_embeddings,roc,0.32575757575757575,0.4117647058823529,,,,,,,,,,,,,,,,,,,,,,,,,
A_B,ssl_embeddings,roc,0.3333333333333333,0.4117647058823529,,,,,,,,,,,,,,,,,,,,,,,,,
A_B,ssl_embeddings,roc,0.3333333333333333,0.4411764705882353,,,,,,,,,,,,,,,,,,,,,,,,,
A_B,ssl_embeddings,roc,0.3409090909090909,0.4411764705882353,,,,,,,,,,,,,,,,,,,,,,,,,
A_B,ssl_embeddings,roc,0.3484848484848485,0.4411764705882353,,,,,,,,,,,,,,,,,,,,,,,,,
A_B,ssl_embeddings,roc,0.3560606060606061,0.4411764705882353,,,,,,,,,,,,,,,,,,,,,,,,,
A_B,ssl_embeddings,roc,0.3560606060606061,0.47058823529411764,,,,,,,,,,,,,,,,,,,,,,,,,
A_B,ssl_embeddings,roc,0.36363636363636365,0.47058823529411764,,,,,,,,,,,,,,,,,,,,,,,,,
A_B,ssl_embeddings,roc,0.3712121212121212,0.47058823529411764,,,,,,,,,,,,,,,,,,,,,,,,,
A_B,ssl_embeddings,roc,0.3787878787878788,0.47058823529411764,,,,,,,,,,,,,,,,,,,,,,,,,
A_B,ssl_embeddings,roc,0.38636363636363635,0.47058823529411764,,,,,,,,,,,,,,,,,,,,,,,,,
A_B,ssl_embeddings,roc,0.3939393939393939,0.47058823529411764,,,,,,,,,,,,,,,,,,,,,,,,,
A_B,ssl_embeddings,roc,0.4015151515151515,0.47058823529411764,,,,,,,,,,,,,,,,,,,,,,,,,
A_B,ssl_embeddings,roc,0.4090909090909091,0.47058823529411764,,,,,,,,,,,,,,,,,,,,,,,,,
A_B,ssl_embeddings,roc,0.4166666666666667,0.47058823529411764,,,,,,,,,,,,,,,,,,,,,,,,,
A_B,ssl_embeddings,roc,0.42424242424242425,0.47058823529411764,,,,,,,,,,,,,,,,,,,,,,,,,
A_B,ssl_embeddings,roc,0.4318181818181818,0.47058823529411764,,,,,,,,,,,,,,,,,,,,,,,,,
A_B,ssl_embeddings,roc,0.4393939393939394,0.47058823529411764,,,,,,,,,,,,,,,,,,,,,,,,,
A_B,ssl_embeddings,roc,0.4393939393939394,0.5,,,,,,,,,,,,,,,,,,,,,,,,,
A_B,ssl_embeddings,roc,0.44696969696969696,0.5,,,,,,,,,,,,,,,,,,,,,,,,,
A_B,ssl_embeddings,roc,0.45454545454545453,0.5,,,,,,,,,,,,,,,,,,,,,,,,,
A_B,ssl_embeddings,roc,0.4621212121212121,0.5,,,,,,,,,,,,,,,,,,,,,,,,,
A_B,ssl_embeddings,roc,0.4696969696969697,0.5,,,,,,,,,,,,,,,,,,,,,,,,,
A_B,ssl_embeddings,roc,0.4696969696969697,0.5294117647058824,,,,,,,,,,,,,,,,,,,,,,,,,
A_B,ssl_embeddings,roc,0.4696969696969697,0.5588235294117647,,,,,,,,,,,,,,,,,,,,,,,,,
A_B,ssl_embeddings,roc,0.4772727272727273,0.5588235294117647,,,,,,,,,,,,,,,,,,,,,,,,,
A_B,ssl_embeddings,roc,0.48484848484848486,0.5588235294117647,,,,,,,,,,,,,,,,,,,,,,,,,
A_B,ssl_embeddings,roc,0.49242424242424243,0.5588235294117647,,,,,,,,,,,,,,,,,,,,,,,,,
A_B,ssl_embeddings,roc,0.49242424242424243,0.5882352941176471,,,,,,,,,,,,,,,,,,,,,,,,,
A_B,ssl_embeddings,roc,0.5,0.5882352941176471,,,,,,,,,,,,,,,,,,,,,,,,,
A_B,ssl_embeddings,roc,0.5075757575757576,0.5882352941176471,,,,,,,,,,,,,,,,,,,,,,,,,
A_B,ssl_embeddings,roc,0.5151515151515151,0.5882352941176471,,,,,,,,,,,,,,,,,,,,,,,,,
A_B,ssl_embeddings,roc,0.5227272727272727,0.5882352941176471,,,,,,,,,,,,,,,,,,,,,,,,,
A_B,ssl_embeddings,roc,0.5303030303030303,0.5882352941176471,,,,,,,,,,,,,,,,,,,,,,,,,
A_B,ssl_embeddings,roc,0.5378787878787878,0.5882352941176471,,,,,,,,,,,,,,,,,,,,,,,,,
A_B,ssl_embeddings,roc,0.5378787878787878,0.6176470588235294,,,,,,,,,,,,,,,,,,,,,,,,,
A_B,ssl_embeddings,roc,0.5454545454545454,0.6176470588235294,,,,,,,,,,,,,,,,,,,,,,,,,
A_B,ssl_embeddings,roc,0.553030303030303,0.6176470588235294,,,,,,,,,,,,,,,,,,,,,,,,,
A_B,ssl_embeddings,roc,0.5606060606060606,0.6176470588235294,,,,,,,,,,,,,,,,,,,,,,,,,
A_B,ssl_embeddings,roc,0.5681818181818182,0.6176470588235294,,,,,,,,,,,,,,,,,,,,,,,,,
A_B,ssl_embeddings,roc,0.5757575757575758,0.6176470588235294,,,,,,,,,,,,,,,,,,,,,,,,,
A_B,ssl_embeddings,roc,0.5833333333333334,0.6176470588235294,,,,,,,,,,,,,,,,,,,,,,,,,
A_B,ssl_embeddings,roc,0.5833333333333334,0.6470588235294118,,,,,,,,,,,,,,,,,,,,,,,,,
A_B,ssl_embeddings,roc,0.5909090909090909,0.6470588235294118,,,,,,,,,,,,,,,,,,,,,,,,,
A_B,ssl_embeddings,roc,0.5984848484848485,0.6470588235294118,,,,,,,,,,,,,,,,,,,,,,,,,
A_B,ssl_embeddings,roc,0.6060606060606061,0.6470588235294118,,,,,,,,,,,,,,,,,,,,,,,,,
A_B,ssl_embeddings,roc,0.6136363636363636,0.6470588235294118,,,,,,,,,,,,,,,,,,,,,,,,,
A_B,ssl_embeddings,roc,0.6212121212121212,0.6470588235294118,,,,,,,,,,,,,,,,,,,,,,,,,
A_B,ssl_embeddings,roc,0.6287878787878788,0.6470588235294118,,,,,,,,,,,,,,,,,,,,,,,,,
A_B,ssl_embeddings,roc,0.6363636363636364,0.6470588235294118,,,,,,,,,,,,,,,,,,,,,,,,,
A_B,ssl_embeddings,roc,0.6439393939393939,0.6470588235294118,,,,,,,,,,,,,,,,,,,,,,,,,
A_B,ssl_embeddings,roc,0.6439393939393939,0.6764705882352942,,,,,,,,,,,,,,,,,,,,,,,,,
A_B,ssl_embeddings,roc,0.6439393939393939,0.7058823529411765,,,,,,,,,,,,,,,,,,,,,,,,,
A_B,ssl_embeddings,roc,0.6515151515151515,0.7058823529411765,,,,,,,,,,,,,,,,,,,,,,,,,
A_B,ssl_embeddings,roc,0.6590909090909091,0.7058823529411765,,,,,,,,,,,,,,,,,,,,,,,,,
A_B,ssl_embeddings,roc,0.6666666666666666,0.7058823529411765,,,,,,,,,,,,,,,,,,,,,,,,,
A_B,ssl_embeddings,roc,0.6742424242424242,0.7058823529411765,,,,,,,,,,,,,,,,,,,,,,,,,
A_B,ssl_embeddings,roc,0.6742424242424242,0.7352941176470589,,,,,,,,,,,,,,,,,,,,,,,,,
A_B,ssl_embeddings,roc,0.6818181818181818,0.7352941176470589,,,,,,,,,,,,,,,,,,,,,,,,,
A_B,ssl_embeddings,roc,0.6893939393939394,0.7352941176470589,,,,,,,,,,,,,,,,,,,,,,,,,
A_B,ssl_embeddings,roc,0.696969696969697,0.7352941176470589,,,,,,,,,,,,,,,,,,,,,,,,,
A_B,ssl_embeddings,roc,0.7045454545454546,0.7352941176470589,,,,,,,,,,,,,,,,,,,,,,,,,
A_B,ssl_embeddings,roc,0.7121212121212122,0.7352941176470589,,,,,,,,,,,,,,,,,,,,,,,,,
A_B,ssl_embeddings,roc,0.7196969696969697,0.7352941176470589,,,,,,,,,,,,,,,,,,,,,,,,,
A_B,ssl_embeddings,roc,0.7272727272727273,0.7352941176470589,,,,,,,,,,,,,,,,,,,,,,,,,
A_B,ssl_embeddings,roc,0.7348484848484849,0.7352941176470589,,,,,,,,,,,,,,,,,,,,,,,,,
A_B,ssl_embeddings,roc,0.7424242424242424,0.7352941176470589,,,,,,,,,,,,,,,,,,,,,,,,,
A_B,ssl_embeddings,roc,0.75,0.7352941176470589,,,,,,,,,,,,,,,,,,,,,,,,,
A_B,ssl_embeddings,roc,0.7575757575757576,0.7352941176470589,,,,,,,,,,,,,,,,,,,,,,,,,
A_B,ssl_embeddings,roc,0.7651515151515151,0.7352941176470589,,,,,,,,,,,,,,,,,,,,,,,,,
A_B,ssl_embeddings,roc,0.7651515151515151,0.7647058823529411,,,,,,,,,,,,,,,,,,,,,,,,,
A_B,ssl_embeddings,roc,0.7727272727272727,0.7647058823529411,,,,,,,,,,,,,,,,,,,,,,,,,
A_B,ssl_embeddings,roc,0.7803030303030303,0.7647058823529411,,,,,,,,,,,,,,,,,,,,,,,,,
A_B,ssl_embeddings,roc,0.7878787878787878,0.7647058823529411,,,,,,,,,,,,,,,,,,,,,,,,,
A_B,ssl_embeddings,roc,0.7954545454545454,0.7647058823529411,,,,,,,,,,,,,,,,,,,,,,,,,
A_B,ssl_embeddings,roc,0.803030303030303,0.7647058823529411,,,,,,,,,,,,,,,,,,,,,,,,,
A_B,ssl_embeddings,roc,0.803030303030303,0.7941176470588235,,,,,,,,,,,,,,,,,,,,,,,,,
A_B,ssl_embeddings,roc,0.8106060606060606,0.7941176470588235,,,,,,,,,,,,,,,,,,,,,,,,,
A_B,ssl_embeddings,roc,0.8181818181818182,0.7941176470588235,,,,,,,,,,,,,,,,,,,,,,,,,
A_B,ssl_embeddings,roc,0.8257575757575758,0.7941176470588235,,,,,,,,,,,,,,,,,,,,,,,,,
A_B,ssl_embeddings,roc,0.8257575757575758,0.8235294117647058,,,,,,,,,,,,,,,,,,,,,,,,,
A_B,ssl_embeddings,roc,0.8333333333333334,0.8235294117647058,,,,,,,,,,,,,,,,,,,,,,,,,
A_B,ssl_embeddings,roc,0.8409090909090909,0.8235294117647058,,,,,,,,,,,,,,,,,,,,,,,,,
A_B,ssl_embeddings,roc,0.8484848484848485,0.8235294117647058,,,,,,,,,,,,,,,,,,,,,,,,,
A_B,ssl_embeddings,roc,0.8484848484848485,0.8529411764705882,,,,,,,,,,,,,,,,,,,,,,,,,
A_B,ssl_embeddings,roc,0.8560606060606061,0.8529411764705882,,,,,,,,,,,,,,,,,,,,,,,,,
A_B,ssl_embeddings,roc,0.8636363636363636,0.8529411764705882,,,,,,,,,,,,,,,,,,,,,,,,,
A_B,ssl_embeddings,roc,0.8712121212121212,0.8529411764705882,,,,,,,,,,,,,,,,,,,,,,,,,
A_B,ssl_embeddings,roc,0.8712121212121212,0.8823529411764706,,,,,,,,,,,,,,,,,,,,,,,,,
A_B,ssl_embeddings,roc,0.8787878787878788,0.8823529411764706,,,,,,,,,,,,,,,,,,,,,,,,,
A_B,ssl_embeddings,roc,0.8863636363636364,0.8823529411764706,,,,,,,,,,,,,,,,,,,,,,,,,
A_B,ssl_embeddings,roc,0.8863636363636364,0.9117647058823529,,,,,,,,,,,,,,,,,,,,,,,,,
A_B,ssl_embeddings,roc,0.8939393939393939,0.9117647058823529,,,,,,,,,,,,,,,,,,,,,,,,,
A_B,ssl_embeddings,roc,0.8939393939393939,0.9411764705882353,,,,,,,,,,,,,,,,,,,,,,,,,
A_B,ssl_embeddings,roc,0.9015151515151515,0.9411764705882353,,,,,,,,,,,,,,,,,,,,,,,,,
A_B,ssl_embeddings,roc,0.9090909090909091,0.9411764705882353,,,,,,,,,,,,,,,,,,,,,,,,,
A_B,ssl_embeddings,roc,0.9166666666666666,0.9411764705882353,,,,,,,,,,,,,,,,,,,,,,,,,
A_B,ssl_embeddings,roc,0.9242424242424242,0.9411764705882353,,,,,,,,,,,,,,,,,,,,,,,,,
A_B,ssl_embeddings,roc,0.9318181818181818,0.9411764705882353,,,,,,,,,,,,,,,,,,,,,,,,,
A_B,ssl_embeddings,roc,0.9393939393939394,0.9411764705882353,,,,,,,,,,,,,,,,,,,,,,,,,
A_B,ssl_embeddings,roc,0.946969696969697,0.9411764705882353,,,,,,,,,,,,,,,,,,,,,,,,,
A_B,ssl_embeddings,roc,0.9545454545454546,0.9411764705882353,,,,,,,,,,,,,,,,,,,,,,,,,
A_B,ssl_embeddings,roc,0.9621212121212122,0.9411764705882353,,,,,,,,,,,,,,,,,,,,,,,,,
A_B,ssl_embeddings,roc,0.9621212121212122,0.9705882352941176,,,,,,,,,,,,,,,,,,,,,,,,,
A_B,ssl_embeddings,roc,0.9696969696969697,0.9705882352941176,,,,,,,,,,,,,,,,,,,,,,,,,
A_B,ssl_embeddings,roc,0.9696969696969697,1.0,,,,,,,,,,,,,,,,,,,,,,,,,
A_B,ssl_embeddings,roc,0.9772727272727273,1.0,,,,,,,,,,,,,,,,,,,,,,,,,
A_B,ssl_embeddings,roc,0.9848484848484849,1.0,,,,,,,,,,,,,,,,,,,,,,,,,
A_B,ssl_embeddings,roc,0.9924242424242424,1.0,,,,,,,,,,,,,,,,,,,,,,,,,
A_B,ssl_embeddings,roc,1.0,1.0,,,,,,,,,,,,,,,,,,,,,,,,,
A_B,ssl_embeddings,precision_recall,,,0.0,0.20481927710843373,,,,,,,,,,,,,,,,,,,,,,,
A_B,ssl_embeddings,precision_recall,,,0.0,0.0,,,,,,,,,,,,,,,,,,,,,,,
A_B,ssl_embeddings,precision_recall,,,0.0,0.0,,,,,,,,,,,,,,,,,,,,,,,
A_B,ssl_embeddings,precision_recall,,,0.029411764705882353,0.3333333333333333,,,,,,,,,,,,,,,,,,,,,,,
A_B,ssl_embeddings,precision_recall,,,0.029411764705882353,0.25,,,,,,,,,,,,,,,,,,,,,,,
A_B,ssl_embeddings,precision_recall,,,0.029411764705882353,0.2,,,,,,,,,,,,,,,,,,,,,,,
A_B,ssl_embeddings,precision_recall,,,0.029411764705882353,0.16666666666666666,,,,,,,,,,,,,,,,,,,,,,,
A_B,ssl_embeddings,precision_recall,,,0.029411764705882353,0.14285714285714285,,,,,,,,,,,,,,,,,,,,,,,
A_B,ssl_embeddings,precision_recall,,,0.029411764705882353,0.125,,,,,,,,,,,,,,,,,,,,,,,
A_B,ssl_embeddings,precision_recall,,,0.029411764705882353,0.1111111111111111,,,,,,,,,,,,,,,,,,,,,,,
A_B,ssl_embeddings,precision_recall,,,0.029411764705882353,0.1,,,,,,,,,,,,,,,,,,,,,,,
A_B,ssl_embeddings,precision_recall,,,0.029411764705882353,0.09090909090909091,,,,,,,,,,,,,,,,,,,,,,,
A_B,ssl_embeddings,precision_recall,,,0.058823529411764705,0.16666666666666666,,,,,,,,,,,,,,,,,,,,,,,
A_B,ssl_embeddings,precision_recall,,,0.058823529411764705,0.15384615384615385,,,,,,,,,,,,,,,,,,,,,,,
A_B,ssl_embeddings,precision_recall,,,0.058823529411764705,0.14285714285714285,,,,,,,,,,,,,,,,,,,,,,,
A_B,ssl_embeddings,precision_recall,,,0.058823529411764705,0.13333333333333333,,,,,,,,,,,,,,,,,,,,,,,
A_B,ssl_embeddings,precision_recall,,,0.058823529411764705,0.125,,,,,,,,,,,,,,,,,,,,,,,
A_B,ssl_embeddings,precision_recall,,,0.08823529411764706,0.17647058823529413,,,,,,,,,,,,,,,,,,,,,,,
A_B,ssl_embeddings,precision_recall,,,0.08823529411764706,0.16666666666666666,,,,,,,,,,,,,,,,,,,,,,,
A_B,ssl_embeddings,precision_recall,,,0.08823529411764706,0.15789473684210525,,,,,,,,,,,,,,,,,,,,,,,
A_B,ssl_embeddings,precision_recall,,,0.11764705882352941,0.2,,,,,,,,,,,,,,,,,,,,,,,
A_B,ssl_embeddings,precision_recall,,,0.14705882352941177,0.23809523809523808,,,,,,,,,,,,,,,,,,,,,,,
A_B,ssl_embeddings,precision_recall,,,0.14705882352941177,0.22727272727272727,,,,,,,,,,,,,,,,,,,,,,,
A_B,ssl_embeddings,precision_recall,,,0.17647058823529413,0.2608695652173913,,,,,,,,,,,,,,,,,,,,,,,
A_B,ssl_embeddings,precision_recall,,,0.20588235294117646,0.2916666666666667,,,,,,,,,,,,,,,,,,,,,,,
A_B,ssl_embeddings,precision_recall,,,0.20588235294117646,0.28,,,,,,,,,,,,,,,,,,,,,,,
A_B,ssl_embeddings,precision_recall,,,0.20588235294117646,0.2692307692307692,,,,,,,,,,,,,,,,,,,,,,,
A_B,ssl_embeddings,precision_recall,,,0.20588235294117646,0.25925925925925924,,,,,,,,,,,,,,,,,,,,,,,
A_B,ssl_embeddings,precision_recall,,,0.23529411764705882,0.2857142857142857,,,,,,,,,,,,,,,,,,,,,,,
A_B,ssl_embeddings,precision_recall,,,0.2647058823529412,0.3103448275862069,,,,,,,,,,,,,,,,,,,,,,,
A_B,ssl_embeddings,precision_recall,,,0.29411764705882354,0.3333333333333333,,,,,,,,,,,,,,,,,,,,,,,
A_B,ssl_embeddings,precision_recall,,,0.3235294117647059,0.3548387096774194,,,,,,,,,,,,,,,,,,,,,,,
A_B,ssl_embeddings,precision_recall,,,0.3235294117647059,0.34375,,,,,,,,,,,,,,,,,,,,,,,
A_B,ssl_embeddings,precision_recall,,,0.35294117647058826,0.36363636363636365,,,,,,,,,,,,,,,,,,,,,,,
A_B,ssl_embeddings,precision_recall,,,0.38235294117647056,0.38235294117647056,,,,,,,,,,,,,,,,,,,,,,,
A_B,ssl_embeddings,precision_recall,,,0.38235294117647056,0.37142857142857144,,,,,,,,,,,,,,,,,,,,,,,
A_B,ssl_embeddings,precision_recall,,,0.4117647058823529,0.3888888888888889,,,,,,,,,,,,,,,,,,,,,,,
A_B,ssl_embeddings,precision_recall,,,0.4117647058823529,0.3783783783783784,,,,,,,,,,,,,,,,,,,,,,,
A_B,ssl_embeddings,precision_recall,,,0.4117647058823529,0.3684210526315789,,,,,,,,,,,,,,,,,,,,,,,
A_B,ssl_embeddings,precision_recall,,,0.4117647058823529,0.358974358974359,,,,,,,,,,,,,,,,,,,,,,,
A_B,ssl_embeddings,precision_recall,,,0.4117647058823529,0.35,,,,,,,,,,,,,,,,,,,,,,,
A_B,ssl_embeddings,precision_recall,,,0.4117647058823529,0.34146341463414637,,,,,,,,,,,,,,,,,,,,,,,
A_B,ssl_embeddings,precision_recall,,,0.4117647058823529,0.3333333333333333,,,,,,,,,,,,,,,,,,,,,,,
A_B,ssl_embeddings,precision_recall,,,0.4117647058823529,0.32558139534883723,,,,,,,,,,,,,,,,,,,,,,,
A_B,ssl_embeddings,precision_recall,,,0.4117647058823529,0.3181818181818182,,,,,,,,,,,,,,,,,,,,,,,
A_B,ssl_embeddings,precision_recall,,,0.4117647058823529,0.3111111111111111,,,,,,,,,,,,,,,,,,,,,,,
A_B,ssl_embeddings,precision_recall,,,0.4117647058823529,0.30434782608695654,,,,,,,,,,,,,,,,,,,,,,,
A_B,ssl_embeddings,precision_recall,,,0.4117647058823529,0.2978723404255319,,,,,,,,,,,,,,,,,,,,,,,
A_B,ssl_embeddings,precision_recall,,,0.4117647058823529,0.2916666666666667,,,,,,,,,,,,,,,,,,,,,,,
A_B,ssl_embeddings,precision_recall,,,0.4117647058823529,0.2857142857142857,,,,,,,,,,,,,,,,,,,,,,,
A_B,ssl_embeddings,precision_recall,,,0.4117647058823529,0.28,,,,,,,,,,,,,,,,,,,,,,,
A_B,ssl_embeddings,precision_recall,,,0.4117647058823529,0.27450980392156865,,,,,,,,,,,,,,,,,,,,,,,
A_B,ssl_embeddings,precision_recall,,,0.4117647058823529,0.2692307692307692,,,,,,,,,,,,,,,,,,,,,,,
A_B,ssl_embeddings,precision_recall,,,0.4117647058823529,0.2641509433962264,,,,,,,,,,,,,,,,,,,,,,,
A_B,ssl_embeddings,precision_recall,,,0.4117647058823529,0.25925925925925924,,,,,,,,,,,,,,,,,,,,,,,
A_B,ssl_embeddings,precision_recall,,,0.4117647058823529,0.2545454545454545,,,,,,,,,,,,,,,,,,,,,,,
A_B,ssl_embeddings,precision_recall,,,0.4117647058823529,0.25,,,,,,,,,,,,,,,,,,,,,,,
A_B,ssl_embeddings,precision_recall,,,0.4117647058823529,0.24561403508771928,,,,,,,,,,,,,,,,,,,,,,,
A_B,ssl_embeddings,precision_recall,,,0.4117647058823529,0.2413793103448276,,,,,,,,,,,,,,,,,,,,,,,
A_B,ssl_embeddings,precision_recall,,,0.4411764705882353,0.2542372881355932,,,,,,,,,,,,,,,,,,,,,,,
A_B,ssl_embeddings,precision_recall,,,0.4411764705882353,0.25,,,,,,,,,,,,,,,,,,,,,,,
A_B,ssl_embeddings,precision_recall,,,0.4411764705882353,0.2459016393442623,,,,,,,,,,,,,,,,,,,,,,,
A_B,ssl_embeddings,precision_recall,,,0.4411764705882353,0.24193548387096775,,,,,,,,,,,,,,,,,,,,,,,
A_B,ssl_embeddings,precision_recall,,,0.47058823529411764,0.25396825396825395,,,,,,,,,,,,,,,,,,,,,,,
A_B,ssl_embeddings,precision_recall,,,0.47058823529411764,0.25,,,,,,,,,,,,,,,,,,,,,,,
A_B,ssl_embeddings,precision_recall,,,0.47058823529411764,0.24615384615384617,,,,,,,,,,,,,,,,,,,,,,,
A_B,ssl_embeddings,precision_recall,,,0.47058823529411764,0.24242424242424243,,,,,,,,,,,,,,,,,,,,,,,
A_B,ssl_embeddings,precision_recall,,,0.47058823529411764,0.23880597014925373,,,,,,,,,,,,,,,,,,,,,,,
A_B,ssl_embeddings,precision_recall,,,0.47058823529411764,0.23529411764705882,,,,,,,,,,,,,,,,,,,,,,,
A_B,ssl_embeddings,precision_recall,,,0.47058823529411764,0.2318840579710145,,,,,,,,,,,,,,,,,,,,,,,
A_B,ssl_embeddings,precision_recall,,,0.47058823529411764,0.22857142857142856,,,,,,,,,,,,,,,,,,,,,,,
A_B,ssl_embeddings,precision_recall,,,0.47058823529411764,0.22535211267605634,,,,,,,,,,,,,,,,,,,,,,,
A_B,ssl_embeddings,precision_recall,,,0.47058823529411764,0.2222222222222222,,,,,,,,,,,,,,,,,,,,,,,
A_B,ssl_embeddings,precision_recall,,,0.47058823529411764,0.2191780821917808,,,,,,,,,,,,,,,,,,,,,,,
A_B,ssl_embeddings,precision_recall,,,0.47058823529411764,0.21621621621621623,,,,,,,,,,,,,,,,,,,,,,,
A_B,ssl_embeddings,precision_recall,,,0.5,0.22666666666666666,,,,,,,,,,,,,,,,,,,,,,,
A_B,ssl_embeddings,precision_recall,,,0.5,0.2236842105263158,,,,,,,,,,,,,,,,,,,,,,,
A_B,ssl_embeddings,precision_recall,,,0.5,0.22077922077922077,,,,,,,,,,,,,,,,,,,,,,,
A_B,ssl_embeddings,precision_recall,,,0.5,0.21794871794871795,,,,,,,,,,,,,,,,,,,,,,,
A_B,ssl_embeddings,precision_recall,,,0.5,0.21518987341772153,,,,,,,,,,,,,,,,,,,,,,,
A_B,ssl_embeddings,precision_recall,,,0.5294117647058824,0.225,,,,,,,,,,,,,,,,,,,,,,,
A_B,ssl_embeddings,precision_recall,,,0.5588235294117647,0.2345679012345679,,,,,,,,,,,,,,,,,,,,,,,
A_B,ssl_embeddings,precision_recall,,,0.5588235294117647,0.23170731707317074,,,,,,,,,,,,,,,,,,,,,,,
A_B,ssl_embeddings,precision_recall,,,0.5588235294117647,0.2289156626506024,,,,,,,,,,,,,,,,,,,,,,,
A_B,ssl_embeddings,precision_recall,,,0.5588235294117647,0.2261904761904762,,,,,,,,,,,,,,,,,,,,,,,
A_B,ssl_embeddings,precision_recall,,,0.5882352941176471,0.23529411764705882,,,,,,,,,,,,,,,,,,,,,,,
A_B,ssl_embeddings,precision_recall,,,0.5882352941176471,0.23255813953488372,,,,,,,,,,,,,,,,,,,,,,,
A_B,ssl_embeddings,precision_recall,,,0.5882352941176471,0.22988505747126436,,,,,,,,,,,,,,,,,,,,,,,
A_B,ssl_embeddings,precision_recall,,,0.5882352941176471,0.22727272727272727,,,,,,,,,,,,,,,,,,,,,,,
A_B,ssl_embeddings,precision_recall,,,0.5882352941176471,0.2247191011235955,,,,,,,,,,,,,,,,,,,,,,,
A_B,ssl_embeddings,precision_recall,,,0.5882352941176471,0.2222222222222222,,,,,,,,,,,,,,,,,,,,,,,
A_B,ssl_embeddings,precision_recall,,,0.5882352941176471,0.21978021978021978,,,,,,,,,,,,,,,,,,,,,,,
A_B,ssl_embeddings,precision_recall,,,0.6176470588235294,0.22826086956521738,,,,,,,,,,,,,,,,,,,,,,,
A_B,ssl_embeddings,precision_recall,,,0.6176470588235294,0.22580645161290322,,,,,,,,,,,,,,,,,,,,,,,
A_B,ssl_embeddings,precision_recall,,,0.6176470588235294,0.22340425531914893,,,,,,,,,,,,,,,,,,,,,,,
A_B,ssl_embeddings,precision_recall,,,0.6176470588235294,0.22105263157894736,,,,,,,,,,,,,,,,,,,,,,,
A_B,ssl_embeddings,precision_recall,,,0.6176470588235294,0.21875,,,,,,,,,,,,,,,,,,,,,,,
A_B,ssl_embeddings,precision_recall,,,0.6176470588235294,0.21649484536082475,,,,,,,,,,,,,,,,,,,,,,,
A_B,ssl_embeddings,precision_recall,,,0.6176470588235294,0.21428571428571427,,,,,,,,,,,,,,,,,,,,,,,
A_B,ssl_embeddings,precision_recall,,,0.6470588235294118,0.2222222222222222,,,,,,,,,,,,,,,,,,,,,,,
A_B,ssl_embeddings,precision_recall,,,0.6470588235294118,0.22,,,,,,,,,,,,,,,,,,,,,,,
A_B,ssl_embeddings,precision_recall,,,0.6470588235294118,0.21782178217821782,,,,,,,,,,,,,,,,,,,,,,,
A_B,ssl_embeddings,precision_recall,,,0.6470588235294118,0.21568627450980393,,,,,,,,,,,,,,,,,,,,,,,
A_B,ssl_embeddings,precision_recall,,,0.6470588235294118,0.21359223300970873,,,,,,,,,,,,,,,,,,,,,,,
A_B,ssl_embeddings,precision_recall,,,0.6470588235294118,0.21153846153846154,,,,,,,,,,,,,,,,,,,,,,,
A_B,ssl_embeddings,precision_recall,,,0.6470588235294118,0.20952380952380953,,,,,,,,,,,,,,,,,,,,,,,
A_B,ssl_embeddings,precision_recall,,,0.6470588235294118,0.20754716981132076,,,,,,,,,,,,,,,,,,,,,,,
A_B,ssl_embeddings,precision_recall,,,0.6470588235294118,0.205607476635514,,,,,,,,,,,,,,,,,,,,,,,
A_B,ssl_embeddings,precision_recall,,,0.6764705882352942,0.21296296296296297,,,,,,,,,,,,,,,,,,,,,,,
A_B,ssl_embeddings,precision_recall,,,0.7058823529411765,0.22018348623853212,,,,,,,,,,,,,,,,,,,,,,,
A_B,ssl_embeddings,precision_recall,,,0.7058823529411765,0.21818181818181817,,,,,,,,,,,,,,,,,,,,,,,
A_B,ssl_embeddings,precision_recall,,,0.7058823529411765,0.21621621621621623,,,,,,,,,,,,,,,,,,,,,,,
A_B,ssl_embeddings,precision_recall,,,0.7058823529411765,0.21428571428571427,,,,,,,,,,,,,,,,,,,,,,,
A_B,ssl_embeddings,precision_recall,,,0.7058823529411765,0.21238938053097345,,,,,,,,,,,,,,,,,,,,,,,
A_B,ssl_embeddings,precision_recall,,,0.7352941176470589,0.21929824561403508,,,,,,,,,,,,,,,,,,,,,,,
A_B,ssl_embeddings,precision_recall,,,0.7352941176470589,0.21739130434782608,,,,,,,,,,,,,,,,,,,,,,,
A_B,ssl_embeddings,precision_recall,,,0.7352941176470589,0.21551724137931033,,,,,,,,,,,,,,,,,,,,,,,
A_B,ssl_embeddings,precision_recall,,,0.7352941176470589,0.21367521367521367,,,,,,,,,,,,,,,,,,,,,,,
A_B,ssl_embeddings,precision_recall,,,0.7352941176470589,0.211864406779661,,,,,,,,,,,,,,,,,,,,,,,
A_B,ssl_embeddings,precision_recall,,,0.7352941176470589,0.21008403361344538,,,,,,,,,,,,,,,,,,,,,,,
A_B,ssl_embeddings,precision_recall,,,0.7352941176470589,0.20833333333333334,,,,,,,,,,,,,,,,,,,,,,,
A_B,ssl_embeddings,precision_recall,,,0.7352941176470589,0.2066115702479339,,,,,,,,,,,,,,,,,,,,,,,
A_B,ssl_embeddings,precision_recall,,,0.7352941176470589,0.20491803278688525,,,,,,,,,,,,,,,,,,,,,,,
A_B,ssl_embeddings,precision_recall,,,0.7352941176470589,0.2032520325203252,,,,,,,,,,,,,,,,,,,,,,,
A_B,ssl_embeddings,precision_recall,,,0.7352941176470589,0.20161290322580644,,,,,,,,,,,,,,,,,,,,,,,
A_B,ssl_embeddings,precision_recall,,,0.7352941176470589,0.2,,,,,,,,,,,,,,,,,,,,,,,
A_B,ssl_embeddings,precision_recall,,,0.7352941176470589,0.1984126984126984,,,,,,,,,,,,,,,,,,,,,,,
A_B,ssl_embeddings,precision_recall,,,0.7647058823529411,0.2047244094488189,,,,,,,,,,,,,,,,,,,,,,,
A_B,ssl_embeddings,precision_recall,,,0.7647058823529411,0.203125,,,,,,,,,,,,,,,,,,,,,,,
A_B,ssl_embeddings,precision_recall,,,0.7647058823529411,0.20155038759689922,,,,,,,,,,,,,,,,,,,,,,,
A_B,ssl_embeddings,precision_recall,,,0.7647058823529411,0.2,,,,,,,,,,,,,,,,,,,,,,,
A_B,ssl_embeddings,precision_recall,,,0.7647058823529411,0.1984732824427481,,,,,,,,,,,,,,,,,,,,,,,
A_B,ssl_embeddings,precision_recall,,,0.7647058823529411,0.19696969696969696,,,,,,,,,,,,,,,,,,,,,,,
A_B,ssl_embeddings,precision_recall,,,0.7941176470588235,0.20300751879699247,,,,,,,,,,,,,,,,,,,,,,,
A_B,ssl_embeddings,precision_recall,,,0.7941176470588235,0.20149253731343283,,,,,,,,,,,,,,,,,,,,,,,
A_B,ssl_embeddings,precision_recall,,,0.7941176470588235,0.2,,,,,,,,,,,,,,,,,,,,,,,
A_B,ssl_embeddings,precision_recall,,,0.7941176470588235,0.19852941176470587,,,,,,,,,,,,,,,,,,,,,,,
A_B,ssl_embeddings,precision_recall,,,0.8235294117647058,0.20437956204379562,,,,,,,,,,,,,,,,,,,,,,,
A_B,ssl_embeddings,precision_recall,,,0.8235294117647058,0.2028985507246377,,,,,,,,,,,,,,,,,,,,,,,
A_B,ssl_embeddings,precision_recall,,,0.8235294117647058,0.2014388489208633,,,,,,,,,,,,,,,,,,,,,,,
A_B,ssl_embeddings,precision_recall,,,0.8235294117647058,0.2,,,,,,,,,,,,,,,,,,,,,,,
A_B,ssl_embeddings,precision_recall,,,0.8529411764705882,0.20567375886524822,,,,,,,,,,,,,,,,,,,,,,,
A_B,ssl_embeddings,precision_recall,,,0.8529411764705882,0.20422535211267606,,,,,,,,,,,,,,,,,,,,,,,
A_B,ssl_embeddings,precision_recall,,,0.8529411764705882,0.20279720279720279,,,,,,,,,,,,,,,,,,,,,,,
A_B,ssl_embeddings,precision_recall,,,0.8529411764705882,0.2013888888888889,,,,,,,,,,,,,,,,,,,,,,,
A_B,ssl_embeddings,precision_recall,,,0.8823529411764706,0.20689655172413793,,,,,,,,,,,,,,,,,,,,,,,
A_B,ssl_embeddings,precision_recall,,,0.8823529411764706,0.2054794520547945,,,,,,,,,,,,,,,,,,,,,,,
A_B,ssl_embeddings,precision_recall,,,0.8823529411764706,0.20408163265306123,,,,,,,,,,,,,,,,,,,,,,,
A_B,ssl_embeddings,precision_recall,,,0.9117647058823529,0.20945945945945946,,,,,,,,,,,,,,,,,,,,,,,
A_B,ssl_embeddings,precision_recall,,,0.9117647058823529,0.2080536912751678,,,,,,,,,,,,,,,,,,,,,,,
A_B,ssl_embeddings,precision_recall,,,0.9411764705882353,0.21333333333333335,,,,,,,,,,,,,,,,,,,,,,,
A_B,ssl_embeddings,precision_recall,,,0.9411764705882353,0.2119205298013245,,,,,,,,,,,,,,,,,,,,,,,
A_B,ssl_embeddings,precision_recall,,,0.9411764705882353,0.21052631578947367,,,,,,,,,,,,,,,,,,,,,,,
A_B,ssl_embeddings,precision_recall,,,0.9411764705882353,0.20915032679738563,,,,,,,,,,,,,,,,,,,,,,,
A_B,ssl_embeddings,precision_recall,,,0.9411764705882353,0.2077922077922078,,,,,,,,,,,,,,,,,,,,,,,
A_B,ssl_embeddings,precision_recall,,,0.9411764705882353,0.2064516129032258,,,,,,,,,,,,,,,,,,,,,,,
A_B,ssl_embeddings,precision_recall,,,0.9411764705882353,0.20512820512820512,,,,,,,,,,,,,,,,,,,,,,,
A_B,ssl_embeddings,precision_recall,,,0.9411764705882353,0.20382165605095542,,,,,,,,,,,,,,,,,,,,,,,
A_B,ssl_embeddings,precision_recall,,,0.9411764705882353,0.20253164556962025,,,,,,,,,,,,,,,,,,,,,,,
A_B,ssl_embeddings,precision_recall,,,0.9411764705882353,0.20125786163522014,,,,,,,,,,,,,,,,,,,,,,,
A_B,ssl_embeddings,precision_recall,,,0.9705882352941176,0.20625,,,,,,,,,,,,,,,,,,,,,,,
A_B,ssl_embeddings,precision_recall,,,0.9705882352941176,0.20496894409937888,,,,,,,,,,,,,,,,,,,,,,,
A_B,ssl_embeddings,precision_recall,,,1.0,0.20987654320987653,,,,,,,,,,,,,,,,,,,,,,,
A_B,ssl_embeddings,precision_recall,,,1.0,0.2085889570552147,,,,,,,,,,,,,,,,,,,,,,,
A_B,ssl_embeddings,precision_recall,,,1.0,0.2073170731707317,,,,,,,,,,,,,,,,,,,,,,,
A_B,ssl_embeddings,precision_recall,,,1.0,0.20606060606060606,,,,,,,,,,,,,,,,,,,,,,,
A_B,ssl_embeddings,precision_recall,,,1.0,0.20481927710843373,,,,,,,,,,,,,,,,,,,,,,,
A_B,signal_plus_ssl,roc,0.0,0.0,,,,,,,,,,,,,,,,,,,,,,,,,
A_B,signal_plus_ssl,roc,0.0,0.029411764705882353,,,,,,,,,,,,,,,,,,,,,,,,,
A_B,signal_plus_ssl,roc,0.0,0.058823529411764705,,,,,,,,,,,,,,,,,,,,,,,,,
A_B,signal_plus_ssl,roc,0.0,0.08823529411764706,,,,,,,,,,,,,,,,,,,,,,,,,
A_B,signal_plus_ssl,roc,0.0,0.11764705882352941,,,,,,,,,,,,,,,,,,,,,,,,,
A_B,signal_plus_ssl,roc,0.0,0.14705882352941177,,,,,,,,,,,,,,,,,,,,,,,,,
A_B,signal_plus_ssl,roc,0.0,0.17647058823529413,,,,,,,,,,,,,,,,,,,,,,,,,
A_B,signal_plus_ssl,roc,0.007575757575757576,0.17647058823529413,,,,,,,,,,,,,,,,,,,,,,,,,
A_B,signal_plus_ssl,roc,0.007575757575757576,0.20588235294117646,,,,,,,,,,,,,,,,,,,,,,,,,
A_B,signal_plus_ssl,roc,0.015151515151515152,0.20588235294117646,,,,,,,,,,,,,,,,,,,,,,,,,
A_B,signal_plus_ssl,roc,0.022727272727272728,0.20588235294117646,,,,,,,,,,,,,,,,,,,,,,,,,
A_B,signal_plus_ssl,roc,0.030303030303030304,0.20588235294117646,,,,,,,,,,,,,,,,,,,,,,,,,
A_B,signal_plus_ssl,roc,0.030303030303030304,0.23529411764705882,,,,,,,,,,,,,,,,,,,,,,,,,
A_B,signal_plus_ssl,roc,0.03787878787878788,0.23529411764705882,,,,,,,,,,,,,,,,,,,,,,,,,
A_B,signal_plus_ssl,roc,0.03787878787878788,0.2647058823529412,,,,,,,,,,,,,,,,,,,,,,,,,
A_B,signal_plus_ssl,roc,0.045454545454545456,0.2647058823529412,,,,,,,,,,,,,,,,,,,,,,,,,
A_B,signal_plus_ssl,roc,0.05303030303030303,0.2647058823529412,,,,,,,,,,,,,,,,,,,,,,,,,
A_B,signal_plus_ssl,roc,0.06060606060606061,0.2647058823529412,,,,,,,,,,,,,,,,,,,,,,,,,
A_B,signal_plus_ssl,roc,0.06818181818181818,0.2647058823529412,,,,,,,,,,,,,,,,,,,,,,,,,
A_B,signal_plus_ssl,roc,0.07575757575757576,0.2647058823529412,,,,,,,,,,,,,,,,,,,,,,,,,
A_B,signal_plus_ssl,roc,0.08333333333333333,0.2647058823529412,,,,,,,,,,,,,,,,,,,,,,,,,
A_B,signal_plus_ssl,roc,0.09090909090909091,0.2647058823529412,,,,,,,,,,,,,,,,,,,,,,,,,
A_B,signal_plus_ssl,roc,0.09848484848484848,0.2647058823529412,,,,,,,,,,,,,,,,,,,,,,,,,
A_B,signal_plus_ssl,roc,0.10606060606060606,0.2647058823529412,,,,,,,,,,,,,,,,,,,,,,,,,
A_B,signal_plus_ssl,roc,0.11363636363636363,0.2647058823529412,,,,,,,,,,,,,,,,,,,,,,,,,
A_B,signal_plus_ssl,roc,0.12121212121212122,0.2647058823529412,,,,,,,,,,,,,,,,,,,,,,,,,
A_B,signal_plus_ssl,roc,0.12878787878787878,0.2647058823529412,,,,,,,,,,,,,,,,,,,,,,,,,
A_B,signal_plus_ssl,roc,0.13636363636363635,0.2647058823529412,,,,,,,,,,,,,,,,,,,,,,,,,
A_B,signal_plus_ssl,roc,0.13636363636363635,0.29411764705882354,,,,,,,,,,,,,,,,,,,,,,,,,
A_B,signal_plus_ssl,roc,0.13636363636363635,0.3235294117647059,,,,,,,,,,,,,,,,,,,,,,,,,
A_B,signal_plus_ssl,roc,0.14393939393939395,0.3235294117647059,,,,,,,,,,,,,,,,,,,,,,,,,
A_B,signal_plus_ssl,roc,0.15151515151515152,0.3235294117647059,,,,,,,,,,,,,,,,,,,,,,,,,
A_B,signal_plus_ssl,roc,0.1590909090909091,0.3235294117647059,,,,,,,,,,,,,,,,,,,,,,,,,
A_B,signal_plus_ssl,roc,0.16666666666666666,0.3235294117647059,,,,,,,,,,,,,,,,,,,,,,,,,
A_B,signal_plus_ssl,roc,0.17424242424242425,0.3235294117647059,,,,,,,,,,,,,,,,,,,,,,,,,
A_B,signal_plus_ssl,roc,0.17424242424242425,0.35294117647058826,,,,,,,,,,,,,,,,,,,,,,,,,
A_B,signal_plus_ssl,roc,0.18181818181818182,0.35294117647058826,,,,,,,,,,,,,,,,,,,,,,,,,
A_B,signal_plus_ssl,roc,0.1893939393939394,0.35294117647058826,,,,,,,,,,,,,,,,,,,,,,,,,
A_B,signal_plus_ssl,roc,0.19696969696969696,0.35294117647058826,,,,,,,,,,,,,,,,,,,,,,,,,
A_B,signal_plus_ssl,roc,0.20454545454545456,0.35294117647058826,,,,,,,,,,,,,,,,,,,,,,,,,
A_B,signal_plus_ssl,roc,0.21212121212121213,0.35294117647058826,,,,,,,,,,,,,,,,,,,,,,,,,
A_B,signal_plus_ssl,roc,0.2196969696969697,0.35294117647058826,,,,,,,,,,,,,,,,,,,,,,,,,
A_B,signal_plus_ssl,roc,0.22727272727272727,0.35294117647058826,,,,,,,,,,,,,,,,,,,,,,,,,
A_B,signal_plus_ssl,roc,0.23484848484848486,0.35294117647058826,,,,,,,,,,,,,,,,,,,,,,,,,
A_B,signal_plus_ssl,roc,0.24242424242424243,0.35294117647058826,,,,,,,,,,,,,,,,,,,,,,,,,
A_B,signal_plus_ssl,roc,0.25,0.35294117647058826,,,,,,,,,,,,,,,,,,,,,,,,,
A_B,signal_plus_ssl,roc,0.25757575757575757,0.35294117647058826,,,,,,,,,,,,,,,,,,,,,,,,,
A_B,signal_plus_ssl,roc,0.25757575757575757,0.38235294117647056,,,,,,,,,,,,,,,,,,,,,,,,,
A_B,signal_plus_ssl,roc,0.26515151515151514,0.38235294117647056,,,,,,,,,,,,,,,,,,,,,,,,,
A_B,signal_plus_ssl,roc,0.2727272727272727,0.38235294117647056,,,,,,,,,,,,,,,,,,,,,,,,,
A_B,signal_plus_ssl,roc,0.2803030303030303,0.38235294117647056,,,,,,,,,,,,,,,,,,,,,,,,,
A_B,signal_plus_ssl,roc,0.2803030303030303,0.4117647058823529,,,,,,,,,,,,,,,,,,,,,,,,,
A_B,signal_plus_ssl,roc,0.2878787878787879,0.4117647058823529,,,,,,,,,,,,,,,,,,,,,,,,,
A_B,signal_plus_ssl,roc,0.29545454545454547,0.4117647058823529,,,,,,,,,,,,,,,,,,,,,,,,,
A_B,signal_plus_ssl,roc,0.29545454545454547,0.4411764705882353,,,,,,,,,,,,,,,,,,,,,,,,,
A_B,signal_plus_ssl,roc,0.29545454545454547,0.47058823529411764,,,,,,,,,,,,,,,,,,,,,,,,,
A_B,signal_plus_ssl,roc,0.29545454545454547,0.5,,,,,,,,,,,,,,,,,,,,,,,,,
A_B,signal_plus_ssl,roc,0.29545454545454547,0.5294117647058824,,,,,,,,,,,,,,,,,,,,,,,,,
A_B,signal_plus_ssl,roc,0.30303030303030304,0.5294117647058824,,,,,,,,,,,,,,,,,,,,,,,,,
A_B,signal_plus_ssl,roc,0.3106060606060606,0.5294117647058824,,,,,,,,,,,,,,,,,,,,,,,,,
A_B,signal_plus_ssl,roc,0.3181818181818182,0.5294117647058824,,,,,,,,,,,,,,,,,,,,,,,,,
A_B,signal_plus_ssl,roc,0.32575757575757575,0.5294117647058824,,,,,,,,,,,,,,,,,,,,,,,,,
A_B,signal_plus_ssl,roc,0.3333333333333333,0.5294117647058824,,,,,,,,,,,,,,,,,,,,,,,,,
A_B,signal_plus_ssl,roc,0.3409090909090909,0.5294117647058824,,,,,,,,,,,,,,,,,,,,,,,,,
A_B,signal_plus_ssl,roc,0.3484848484848485,0.5294117647058824,,,,,,,,,,,,,,,,,,,,,,,,,
A_B,signal_plus_ssl,roc,0.3560606060606061,0.5294117647058824,,,,,,,,,,,,,,,,,,,,,,,,,
A_B,signal_plus_ssl,roc,0.36363636363636365,0.5294117647058824,,,,,,,,,,,,,,,,,,,,,,,,,
A_B,signal_plus_ssl,roc,0.3712121212121212,0.5294117647058824,,,,,,,,,,,,,,,,,,,,,,,,,
A_B,signal_plus_ssl,roc,0.3712121212121212,0.5588235294117647,,,,,,,,,,,,,,,,,,,,,,,,,
A_B,signal_plus_ssl,roc,0.3712121212121212,0.5882352941176471,,,,,,,,,,,,,,,,,,,,,,,,,
A_B,signal_plus_ssl,roc,0.3787878787878788,0.5882352941176471,,,,,,,,,,,,,,,,,,,,,,,,,
A_B,signal_plus_ssl,roc,0.38636363636363635,0.5882352941176471,,,,,,,,,,,,,,,,,,,,,,,,,
A_B,signal_plus_ssl,roc,0.3939393939393939,0.5882352941176471,,,,,,,,,,,,,,,,,,,,,,,,,
A_B,signal_plus_ssl,roc,0.4015151515151515,0.5882352941176471,,,,,,,,,,,,,,,,,,,,,,,,,
A_B,signal_plus_ssl,roc,0.4090909090909091,0.5882352941176471,,,,,,,,,,,,,,,,,,,,,,,,,
A_B,signal_plus_ssl,roc,0.4166666666666667,0.5882352941176471,,,,,,,,,,,,,,,,,,,,,,,,,
A_B,signal_plus_ssl,roc,0.42424242424242425,0.5882352941176471,,,,,,,,,,,,,,,,,,,,,,,,,
A_B,signal_plus_ssl,roc,0.42424242424242425,0.6176470588235294,,,,,,,,,,,,,,,,,,,,,,,,,
A_B,signal_plus_ssl,roc,0.4318181818181818,0.6176470588235294,,,,,,,,,,,,,,,,,,,,,,,,,
A_B,signal_plus_ssl,roc,0.4393939393939394,0.6176470588235294,,,,,,,,,,,,,,,,,,,,,,,,,
A_B,signal_plus_ssl,roc,0.44696969696969696,0.6176470588235294,,,,,,,,,,,,,,,,,,,,,,,,,
A_B,signal_plus_ssl,roc,0.45454545454545453,0.6176470588235294,,,,,,,,,,,,,,,,,,,,,,,,,
A_B,signal_plus_ssl,roc,0.4621212121212121,0.6176470588235294,,,,,,,,,,,,,,,,,,,,,,,,,
A_B,signal_plus_ssl,roc,0.4621212121212121,0.6470588235294118,,,,,,,,,,,,,,,,,,,,,,,,,
A_B,signal_plus_ssl,roc,0.4696969696969697,0.6470588235294118,,,,,,,,,,,,,,,,,,,,,,,,,
A_B,signal_plus_ssl,roc,0.4696969696969697,0.6764705882352942,,,,,,,,,,,,,,,,,,,,,,,,,
A_B,signal_plus_ssl,roc,0.4772727272727273,0.6764705882352942,,,,,,,,,,,,,,,,,,,,,,,,,
A_B,signal_plus_ssl,roc,0.48484848484848486,0.6764705882352942,,,,,,,,,,,,,,,,,,,,,,,,,
A_B,signal_plus_ssl,roc,0.49242424242424243,0.6764705882352942,,,,,,,,,,,,,,,,,,,,,,,,,
A_B,signal_plus_ssl,roc,0.5,0.6764705882352942,,,,,,,,,,,,,,,,,,,,,,,,,
A_B,signal_plus_ssl,roc,0.5,0.7058823529411765,,,,,,,,,,,,,,,,,,,,,,,,,
A_B,signal_plus_ssl,roc,0.5075757575757576,0.7058823529411765,,,,,,,,,,,,,,,,,,,,,,,,,
A_B,signal_plus_ssl,roc,0.5151515151515151,0.7058823529411765,,,,,,,,,,,,,,,,,,,,,,,,,
A_B,signal_plus_ssl,roc,0.5227272727272727,0.7058823529411765,,,,,,,,,,,,,,,,,,,,,,,,,
A_B,signal_plus_ssl,roc,0.5227272727272727,0.7352941176470589,,,,,,,,,,,,,,,,,,,,,,,,,
A_B,signal_plus_ssl,roc,0.5303030303030303,0.7352941176470589,,,,,,,,,,,,,,,,,,,,,,,,,
A_B,signal_plus_ssl,roc,0.5378787878787878,0.7352941176470589,,,,,,,,,,,,,,,,,,,,,,,,,
A_B,signal_plus_ssl,roc,0.5454545454545454,0.7352941176470589,,,,,,,,,,,,,,,,,,,,,,,,,
A_B,signal_plus_ssl,roc,0.553030303030303,0.7352941176470589,,,,,,,,,,,,,,,,,,,,,,,,,
A_B,signal_plus_ssl,roc,0.5606060606060606,0.7352941176470589,,,,,,,,,,,,,,,,,,,,,,,,,
A_B,signal_plus_ssl,roc,0.5606060606060606,0.7647058823529411,,,,,,,,,,,,,,,,,,,,,,,,,
A_B,signal_plus_ssl,roc,0.5681818181818182,0.7647058823529411,,,,,,,,,,,,,,,,,,,,,,,,,
A_B,signal_plus_ssl,roc,0.5681818181818182,0.7941176470588235,,,,,,,,,,,,,,,,,,,,,,,,,
A_B,signal_plus_ssl,roc,0.5757575757575758,0.7941176470588235,,,,,,,,,,,,,,,,,,,,,,,,,
A_B,signal_plus_ssl,roc,0.5833333333333334,0.7941176470588235,,,,,,,,,,,,,,,,,,,,,,,,,
A_B,signal_plus_ssl,roc,0.5909090909090909,0.7941176470588235,,,,,,,,,,,,,,,,,,,,,,,,,
A_B,signal_plus_ssl,roc,0.5984848484848485,0.7941176470588235,,,,,,,,,,,,,,,,,,,,,,,,,
A_B,signal_plus_ssl,roc,0.6060606060606061,0.7941176470588235,,,,,,,,,,,,,,,,,,,,,,,,,
A_B,signal_plus_ssl,roc,0.6136363636363636,0.7941176470588235,,,,,,,,,,,,,,,,,,,,,,,,,
A_B,signal_plus_ssl,roc,0.6212121212121212,0.7941176470588235,,,,,,,,,,,,,,,,,,,,,,,,,
A_B,signal_plus_ssl,roc,0.6287878787878788,0.7941176470588235,,,,,,,,,,,,,,,,,,,,,,,,,
A_B,signal_plus_ssl,roc,0.6363636363636364,0.7941176470588235,,,,,,,,,,,,,,,,,,,,,,,,,
A_B,signal_plus_ssl,roc,0.6439393939393939,0.7941176470588235,,,,,,,,,,,,,,,,,,,,,,,,,
A_B,signal_plus_ssl,roc,0.6439393939393939,0.8235294117647058,,,,,,,,,,,,,,,,,,,,,,,,,
A_B,signal_plus_ssl,roc,0.6439393939393939,0.8529411764705882,,,,,,,,,,,,,,,,,,,,,,,,,
A_B,signal_plus_ssl,roc,0.6515151515151515,0.8529411764705882,,,,,,,,,,,,,,,,,,,,,,,,,
A_B,signal_plus_ssl,roc,0.6590909090909091,0.8529411764705882,,,,,,,,,,,,,,,,,,,,,,,,,
A_B,signal_plus_ssl,roc,0.6666666666666666,0.8529411764705882,,,,,,,,,,,,,,,,,,,,,,,,,
A_B,signal_plus_ssl,roc,0.6742424242424242,0.8529411764705882,,,,,,,,,,,,,,,,,,,,,,,,,
A_B,signal_plus_ssl,roc,0.6818181818181818,0.8529411764705882,,,,,,,,,,,,,,,,,,,,,,,,,
A_B,signal_plus_ssl,roc,0.6893939393939394,0.8529411764705882,,,,,,,,,,,,,,,,,,,,,,,,,
A_B,signal_plus_ssl,roc,0.6893939393939394,0.8823529411764706,,,,,,,,,,,,,,,,,,,,,,,,,
A_B,signal_plus_ssl,roc,0.696969696969697,0.8823529411764706,,,,,,,,,,,,,,,,,,,,,,,,,
A_B,signal_plus_ssl,roc,0.7045454545454546,0.8823529411764706,,,,,,,,,,,,,,,,,,,,,,,,,
A_B,signal_plus_ssl,roc,0.7121212121212122,0.8823529411764706,,,,,,,,,,,,,,,,,,,,,,,,,
A_B,signal_plus_ssl,roc,0.7196969696969697,0.8823529411764706,,,,,,,,,,,,,,,,,,,,,,,,,
A_B,signal_plus_ssl,roc,0.7272727272727273,0.8823529411764706,,,,,,,,,,,,,,,,,,,,,,,,,
A_B,signal_plus_ssl,roc,0.7348484848484849,0.8823529411764706,,,,,,,,,,,,,,,,,,,,,,,,,
A_B,signal_plus_ssl,roc,0.7424242424242424,0.8823529411764706,,,,,,,,,,,,,,,,,,,,,,,,,
A_B,signal_plus_ssl,roc,0.75,0.8823529411764706,,,,,,,,,,,,,,,,,,,,,,,,,
A_B,signal_plus_ssl,roc,0.7575757575757576,0.8823529411764706,,,,,,,,,,,,,,,,,,,,,,,,,
A_B,signal_plus_ssl,roc,0.7651515151515151,0.8823529411764706,,,,,,,,,,,,,,,,,,,,,,,,,
A_B,signal_plus_ssl,roc,0.7727272727272727,0.8823529411764706,,,,,,,,,,,,,,,,,,,,,,,,,
A_B,signal_plus_ssl,roc,0.7803030303030303,0.8823529411764706,,,,,,,,,,,,,,,,,,,,,,,,,
A_B,signal_plus_ssl,roc,0.7878787878787878,0.8823529411764706,,,,,,,,,,,,,,,,,,,,,,,,,
A_B,signal_plus_ssl,roc,0.7878787878787878,0.9117647058823529,,,,,,,,,,,,,,,,,,,,,,,,,
A_B,signal_plus_ssl,roc,0.7954545454545454,0.9117647058823529,,,,,,,,,,,,,,,,,,,,,,,,,
A_B,signal_plus_ssl,roc,0.803030303030303,0.9117647058823529,,,,,,,,,,,,,,,,,,,,,,,,,
A_B,signal_plus_ssl,roc,0.8106060606060606,0.9117647058823529,,,,,,,,,,,,,,,,,,,,,,,,,
A_B,signal_plus_ssl,roc,0.8181818181818182,0.9117647058823529,,,,,,,,,,,,,,,,,,,,,,,,,
A_B,signal_plus_ssl,roc,0.8257575757575758,0.9117647058823529,,,,,,,,,,,,,,,,,,,,,,,,,
A_B,signal_plus_ssl,roc,0.8333333333333334,0.9117647058823529,,,,,,,,,,,,,,,,,,,,,,,,,
A_B,signal_plus_ssl,roc,0.8409090909090909,0.9117647058823529,,,,,,,,,,,,,,,,,,,,,,,,,
A_B,signal_plus_ssl,roc,0.8484848484848485,0.9117647058823529,,,,,,,,,,,,,,,,,,,,,,,,,
A_B,signal_plus_ssl,roc,0.8560606060606061,0.9117647058823529,,,,,,,,,,,,,,,,,,,,,,,,,
A_B,signal_plus_ssl,roc,0.8636363636363636,0.9117647058823529,,,,,,,,,,,,,,,,,,,,,,,,,
A_B,signal_plus_ssl,roc,0.8636363636363636,0.9411764705882353,,,,,,,,,,,,,,,,,,,,,,,,,
A_B,signal_plus_ssl,roc,0.8712121212121212,0.9411764705882353,,,,,,,,,,,,,,,,,,,,,,,,,
A_B,signal_plus_ssl,roc,0.8787878787878788,0.9411764705882353,,,,,,,,,,,,,,,,,,,,,,,,,
A_B,signal_plus_ssl,roc,0.8863636363636364,0.9411764705882353,,,,,,,,,,,,,,,,,,,,,,,,,
A_B,signal_plus_ssl,roc,0.8939393939393939,0.9411764705882353,,,,,,,,,,,,,,,,,,,,,,,,,
A_B,signal_plus_ssl,roc,0.9015151515151515,0.9411764705882353,,,,,,,,,,,,,,,,,,,,,,,,,
A_B,signal_plus_ssl,roc,0.9015151515151515,0.9705882352941176,,,,,,,,,,,,,,,,,,,,,,,,,
A_B,signal_plus_ssl,roc,0.9090909090909091,0.9705882352941176,,,,,,,,,,,,,,,,,,,,,,,,,
A_B,signal_plus_ssl,roc,0.9166666666666666,0.9705882352941176,,,,,,,,,,,,,,,,,,,,,,,,,
A_B,signal_plus_ssl,roc,0.9242424242424242,0.9705882352941176,,,,,,,,,,,,,,,,,,,,,,,,,
A_B,signal_plus_ssl,roc,0.9318181818181818,0.9705882352941176,,,,,,,,,,,,,,,,,,,,,,,,,
A_B,signal_plus_ssl,roc,0.9393939393939394,0.9705882352941176,,,,,,,,,,,,,,,,,,,,,,,,,
A_B,signal_plus_ssl,roc,0.9393939393939394,1.0,,,,,,,,,,,,,,,,,,,,,,,,,
A_B,signal_plus_ssl,roc,0.946969696969697,1.0,,,,,,,,,,,,,,,,,,,,,,,,,
A_B,signal_plus_ssl,roc,0.9545454545454546,1.0,,,,,,,,,,,,,,,,,,,,,,,,,
A_B,signal_plus_ssl,roc,0.9621212121212122,1.0,,,,,,,,,,,,,,,,,,,,,,,,,
A_B,signal_plus_ssl,roc,0.9696969696969697,1.0,,,,,,,,,,,,,,,,,,,,,,,,,
A_B,signal_plus_ssl,roc,0.9772727272727273,1.0,,,,,,,,,,,,,,,,,,,,,,,,,
A_B,signal_plus_ssl,roc,0.9848484848484849,1.0,,,,,,,,,,,,,,,,,,,,,,,,,
A_B,signal_plus_ssl,roc,0.9924242424242424,1.0,,,,,,,,,,,,,,,,,,,,,,,,,
A_B,signal_plus_ssl,roc,1.0,1.0,,,,,,,,,,,,,,,,,,,,,,,,,
A_B,signal_plus_ssl,precision_recall,,,0.0,0.20481927710843373,,,,,,,,,,,,,,,,,,,,,,,
A_B,signal_plus_ssl,precision_recall,,,0.029411764705882353,1.0,,,,,,,,,,,,,,,,,,,,,,,
A_B,signal_plus_ssl,precision_recall,,,0.058823529411764705,1.0,,,,,,,,,,,,,,,,,,,,,,,
A_B,signal_plus_ssl,precision_recall,,,0.08823529411764706,1.0,,,,,,,,,,,,,,,,,,,,,,,
A_B,signal_plus_ssl,precision_recall,,,0.11764705882352941,1.0,,,,,,,,,,,,,,,,,,,,,,,
A_B,signal_plus_ssl,precision_recall,,,0.14705882352941177,1.0,,,,,,,,,,,,,,,,,,,,,,,
A_B,signal_plus_ssl,precision_recall,,,0.17647058823529413,1.0,,,,,,,,,,,,,,,,,,,,,,,
A_B,signal_plus_ssl,precision_recall,,,0.17647058823529413,0.8571428571428571,,,,,,,,,,,,,,,,,,,,,,,
A_B,signal_plus_ssl,precision_recall,,,0.20588235294117646,0.875,,,,,,,,,,,,,,,,,,,,,,,
A_B,signal_plus_ssl,precision_recall,,,0.20588235294117646,0.7777777777777778,,,,,,,,,,,,,,,,,,,,,,,
A_B,signal_plus_ssl,precision_recall,,,0.20588235294117646,0.7,,,,,,,,,,,,,,,,,,,,,,,
A_B,signal_plus_ssl,precision_recall,,,0.20588235294117646,0.6363636363636364,,,,,,,,,,,,,,,,,,,,,,,
A_B,signal_plus_ssl,precision_recall,,,0.23529411764705882,0.6666666666666666,,,,,,,,,,,,,,,,,,,,,,,
A_B,signal_plus_ssl,precision_recall,,,0.23529411764705882,0.6153846153846154,,,,,,,,,,,,,,,,,,,,,,,
A_B,signal_plus_ssl,precision_recall,,,0.2647058823529412,0.6428571428571429,,,,,,,,,,,,,,,,,,,,,,,
A_B,signal_plus_ssl,precision_recall,,,0.2647058823529412,0.6,,,,,,,,,,,,,,,,,,,,,,,
A_B,signal_plus_ssl,precision_recall,,,0.2647058823529412,0.5625,,,,,,,,,,,,,,,,,,,,,,,
A_B,signal_plus_ssl,precision_recall,,,0.2647058823529412,0.5294117647058824,,,,,,,,,,,,,,,,,,,,,,,
A_B,signal_plus_ssl,precision_recall,,,0.2647058823529412,0.5,,,,,,,,,,,,,,,,,,,,,,,
A_B,signal_plus_ssl,precision_recall,,,0.2647058823529412,0.47368421052631576,,,,,,,,,,,,,,,,,,,,,,,
A_B,signal_plus_ssl,precision_recall,,,0.2647058823529412,0.45,,,,,,,,,,,,,,,,,,,,,,,
A_B,signal_plus_ssl,precision_recall,,,0.2647058823529412,0.42857142857142855,,,,,,,,,,,,,,,,,,,,,,,
A_B,signal_plus_ssl,precision_recall,,,0.2647058823529412,0.4090909090909091,,,,,,,,,,,,,,,,,,,,,,,
A_B,signal_plus_ssl,precision_recall,,,0.2647058823529412,0.391304347826087,,,,,,,,,,,,,,,,,,,,,,,
A_B,signal_plus_ssl,precision_recall,,,0.2647058823529412,0.375,,,,,,,,,,,,,,,,,,,,,,,
A_B,signal_plus_ssl,precision_recall,,,0.2647058823529412,0.36,,,,,,,,,,,,,,,,,,,,,,,
A_B,signal_plus_ssl,precision_recall,,,0.2647058823529412,0.34615384615384615,,,,,,,,,,,,,,,,,,,,,,,
A_B,signal_plus_ssl,precision_recall,,,0.2647058823529412,0.3333333333333333,,,,,,,,,,,,,,,,,,,,,,,
A_B,signal_plus_ssl,precision_recall,,,0.29411764705882354,0.35714285714285715,,,,,,,,,,,,,,,,,,,,,,,
A_B,signal_plus_ssl,precision_recall,,,0.3235294117647059,0.3793103448275862,,,,,,,,,,,,,,,,,,,,,,,
A_B,signal_plus_ssl,precision_recall,,,0.3235294117647059,0.36666666666666664,,,,,,,,,,,,,,,,,,,,,,,
A_B,signal_plus_ssl,precision_recall,,,0.3235294117647059,0.3548387096774194,,,,,,,,,,,,,,,,,,,,,,,
A_B,signal_plus_ssl,precision_recall,,,0.3235294117647059,0.34375,,,,,,,,,,,,,,,,,,,,,,,
A_B,signal_plus_ssl,precision_recall,,,0.3235294117647059,0.3333333333333333,,,,,,,,,,,,,,,,,,,,,,,
A_B,signal_plus_ssl,precision_recall,,,0.3235294117647059,0.3235294117647059,,,,,,,,,,,,,,,,,,,,,,,
A_B,signal_plus_ssl,precision_recall,,,0.35294117647058826,0.34285714285714286,,,,,,,,,,,,,,,,,,,,,,,
A_B,signal_plus_ssl,precision_recall,,,0.35294117647058826,0.3333333333333333,,,,,,,,,,,,,,,,,,,,,,,
A_B,signal_plus_ssl,precision_recall,,,0.35294117647058826,0.32432432432432434,,,,,,,,,,,,,,,,,,,,,,,
A_B,signal_plus_ssl,precision_recall,,,0.35294117647058826,0.3157894736842105,,,,,,,,,,,,,,,,,,,,,,,
A_B,signal_plus_ssl,precision_recall,,,0.35294117647058826,0.3076923076923077,,,,,,,,,,,,,,,,,,,,,,,
A_B,signal_plus_ssl,precision_recall,,,0.35294117647058826,0.3,,,,,,,,,,,,,,,,,,,,,,,
A_B,signal_plus_ssl,precision_recall,,,0.35294117647058826,0.2926829268292683,,,,,,,,,,,,,,,,,,,,,,,
A_B,signal_plus_ssl,precision_recall,,,0.35294117647058826,0.2857142857142857,,,,,,,,,,,,,,,,,,,,,,,
A_B,signal_plus_ssl,precision_recall,,,0.35294117647058826,0.27906976744186046,,,,,,,,,,,,,,,,,,,,,,,
A_B,signal_plus_ssl,precision_recall,,,0.35294117647058826,0.2727272727272727,,,,,,,,,,,,,,,,,,,,,,,
A_B,signal_plus_ssl,precision_recall,,,0.35294117647058826,0.26666666666666666,,,,,,,,,,,,,,,,,,,,,,,
A_B,signal_plus_ssl,precision_recall,,,0.35294117647058826,0.2608695652173913,,,,,,,,,,,,,,,,,,,,,,,
A_B,signal_plus_ssl,precision_recall,,,0.38235294117647056,0.2765957446808511,,,,,,,,,,,,,,,,,,,,,,,
A_B,signal_plus_ssl,precision_recall,,,0.38235294117647056,0.2708333333333333,,,,,,,,,,,,,,,,,,,,,,,
A_B,signal_plus_ssl,precision_recall,,,0.38235294117647056,0.2653061224489796,,,,,,,,,,,,,,,,,,,,,,,
A_B,signal_plus_ssl,precision_recall,,,0.38235294117647056,0.26,,,,,,,,,,,,,,,,,,,,,,,
A_B,signal_plus_ssl,precision_recall,,,0.4117647058823529,0.27450980392156865,,,,,,,,,,,,,,,,,,,,,,,
A_B,signal_plus_ssl,precision_recall,,,0.4117647058823529,0.2692307692307692,,,,,,,,,,,,,,,,,,,,,,,
A_B,signal_plus_ssl,precision_recall,,,0.4117647058823529,0.2641509433962264,,,,,,,,,,,,,,,,,,,,,,,
A_B,signal_plus_ssl,precision_recall,,,0.4411764705882353,0.2777777777777778,,,,,,,,,,,,,,,,,,,,,,,
A_B,signal_plus_ssl,precision_recall,,,0.47058823529411764,0.2909090909090909,,,,,,,,,,,,,,,,,,,,,,,
A_B,signal_plus_ssl,precision_recall,,,0.5,0.30357142857142855,,,,,,,,,,,,,,,,,,,,,,,
A_B,signal_plus_ssl,precision_recall,,,0.5294117647058824,0.3157894736842105,,,,,,,,,,,,,,,,,,,,,,,
A_B,signal_plus_ssl,precision_recall,,,0.5294117647058824,0.3103448275862069,,,,,,,,,,,,,,,,,,,,,,,
A_B,signal_plus_ssl,precision_recall,,,0.5294117647058824,0.3050847457627119,,,,,,,,,,,,,,,,,,,,,,,
A_B,signal_plus_ssl,precision_recall,,,0.5294117647058824,0.3,,,,,,,,,,,,,,,,,,,,,,,
A_B,signal_plus_ssl,precision_recall,,,0.5294117647058824,0.29508196721311475,,,,,,,,,,,,,,,,,,,,,,,
A_B,signal_plus_ssl,precision_recall,,,0.5294117647058824,0.2903225806451613,,,,,,,,,,,,,,,,,,,,,,,
A_B,signal_plus_ssl,precision_recall,,,0.5294117647058824,0.2857142857142857,,,,,,,,,,,,,,,,,,,,,,,
A_B,signal_plus_ssl,precision_recall,,,0.5294117647058824,0.28125,,,,,,,,,,,,,,,,,,,,,,,
A_B,signal_plus_ssl,precision_recall,,,0.5294117647058824,0.27692307692307694,,,,,,,,,,,,,,,,,,,,,,,
A_B,signal_plus_ssl,precision_recall,,,0.5294117647058824,0.2727272727272727,,,,,,,,,,,,,,,,,,,,,,,
A_B,signal_plus_ssl,precision_recall,,,0.5294117647058824,0.26865671641791045,,,,,,,,,,,,,,,,,,,,,,,
A_B,signal_plus_ssl,precision_recall,,,0.5588235294117647,0.27941176470588236,,,,,,,,,,,,,,,,,,,,,,,
A_B,signal_plus_ssl,precision_recall,,,0.5882352941176471,0.2898550724637681,,,,,,,,,,,,,,,,,,,,,,,
A_B,signal_plus_ssl,precision_recall,,,0.5882352941176471,0.2857142857142857,,,,,,,,,,,,,,,,,,,,,,,
A_B,signal_plus_ssl,precision_recall,,,0.5882352941176471,0.28169014084507044,,,,,,,,,,,,,,,,,,,,,,,
A_B,signal_plus_ssl,precision_recall,,,0.5882352941176471,0.2777777777777778,,,,,,,,,,,,,,,,,,,,,,,
A_B,signal_plus_ssl,precision_recall,,,0.5882352941176471,0.273972602739726,,,,,,,,,,,,,,,,,,,,,,,
A_B,signal_plus_ssl,precision_recall,,,0.5882352941176471,0.2702702702702703,,,,,,,,,,,,,,,,,,,,,,,
A_B,signal_plus_ssl,precision_recall,,,0.5882352941176471,0.26666666666666666,,,,,,,,,,,,,,,,,,,,,,,
A_B,signal_plus_ssl,precision_recall,,,0.5882352941176471,0.2631578947368421,,,,,,,,,,,,,,,,,,,,,,,
A_B,signal_plus_ssl,precision_recall,,,0.6176470588235294,0.2727272727272727,,,,,,,,,,,,,,,,,,,,,,,
A_B,signal_plus_ssl,precision_recall,,,0.6176470588235294,0.2692307692307692,,,,,,,,,,,,,,,,,,,,,,,
A_B,signal_plus_ssl,precision_recall,,,0.6176470588235294,0.26582278481012656,,,,,,,,,,,,,,,,,,,,,,,
A_B,signal_plus_ssl,precision_recall,,,0.6176470588235294,0.2625,,,,,,,,,,,,,,,,,,,,,,,
A_B,signal_plus_ssl,precision_recall,,,0.6176470588235294,0.25925925925925924,,,,,,,,,,,,,,,,,,,,,,,
A_B,signal_plus_ssl,precision_recall,,,0.6176470588235294,0.25609756097560976,,,,,,,,,,,,,,,,,,,,,,,
A_B,signal_plus_ssl,precision_recall,,,0.6470588235294118,0.26506024096385544,,,,,,,,,,,,,,,,,,,,,,,
A_B,signal_plus_ssl,precision_recall,,,0.6470588235294118,0.2619047619047619,,,,,,,,,,,,,,,,,,,,,,,
A_B,signal_plus_ssl,precision_recall,,,0.6764705882352942,0.27058823529411763,,,,,,,,,,,,,,,,,,,,,,,
A_B,signal_plus_ssl,precision_recall,,,0.6764705882352942,0.26744186046511625,,,,,,,,,,,,,,,,,,,,,,,
A_B,signal_plus_ssl,precision_recall,,,0.6764705882352942,0.26436781609195403,,,,,,,,,,,,,,,,,,,,,,,
A_B,signal_plus_ssl,precision_recall,,,0.6764705882352942,0.26136363636363635,,,,,,,,,,,,,,,,,,,,,,,
A_B,signal_plus_ssl,precision_recall,,,0.6764705882352942,0.25842696629213485,,,,,,,,,,,,,,,,,,,,,,,
A_B,signal_plus_ssl,precision_recall,,,0.7058823529411765,0.26666666666666666,,,,,,,,,,,,,,,,,,,,,,,
A_B,signal_plus_ssl,precision_recall,,,0.7058823529411765,0.26373626373626374,,,,,,,,,,,,,,,,,,,,,,,
A_B,signal_plus_ssl,precision_recall,,,0.7058823529411765,0.2608695652173913,,,,,,,,,,,,,,,,,,,,,,,
A_B,signal_plus_ssl,precision_recall,,,0.7058823529411765,0.25806451612903225,,,,,,,,,,,,,,,,,,,,,,,
A_B,signal_plus_ssl,precision_recall,,,0.7352941176470589,0.26595744680851063,,,,,,,,,,,,,,,,,,,,,,,
A_B,signal_plus_ssl,precision_recall,,,0.7352941176470589,0.2631578947368421,,,,,,,,,,,,,,,,,,,,,,,
A_B,signal_plus_ssl,precision_recall,,,0.7352941176470589,0.2604166666666667,,,,,,,,,,,,,,,,,,,,,,,
A_B,signal_plus_ssl,precision_recall,,,0.7352941176470589,0.25773195876288657,,,,,,,,,,,,,,,,,,,,,,,
A_B,signal_plus_ssl,precision_recall,,,0.7352941176470589,0.25510204081632654,,,,,,,,,,,,,,,,,,,,,,,
A_B,signal_plus_ssl,precision_recall,,,0.7352941176470589,0.25252525252525254,,,,,,,,,,,,,,,,,,,,,,,
A_B,signal_plus_ssl,precision_recall,,,0.7647058823529411,0.26,,,,,,,,,,,,,,,,,,,,,,,
A_B,signal_plus_ssl,precision_recall,,,0.7647058823529411,0.25742574257425743,,,,,,,,,,,,,,,,,,,,,,,
A_B,signal_plus_ssl,precision_recall,,,0.7941176470588235,0.2647058823529412,,,,,,,,,,,,,,,,,,,,,,,
A_B,signal_plus_ssl,precision_recall,,,0.7941176470588235,0.2621359223300971,,,,,,,,,,,,,,,,,,,,,,,
A_B,signal_plus_ssl,precision_recall,,,0.7941176470588235,0.25961538461538464,,,,,,,,,,,,,,,,,,,,,,,
A_B,signal_plus_ssl,precision_recall,,,0.7941176470588235,0.2571428571428571,,,,,,,,,,,,,,,,,,,,,,,
A_B,signal_plus_ssl,precision_recall,,,0.7941176470588235,0.25471698113207547,,,,,,,,,,,,,,,,,,,,,,,
A_B,signal_plus_ssl,precision_recall,,,0.7941176470588235,0.2523364485981308,,,,,,,,,,,,,,,,,,,,,,,
A_B,signal_plus_ssl,precision_recall,,,0.7941176470588235,0.25,,,,,,,,,,,,,,,,,,,,,,,
A_B,signal_plus_ssl,precision_recall,,,0.7941176470588235,0.24770642201834864,,,,,,,,,,,,,,,,,,,,,,,
A_B,signal_plus_ssl,precision_recall,,,0.7941176470588235,0.24545454545454545,,,,,,,,,,,,,,,,,,,,,,,
A_B,signal_plus_ssl,precision_recall,,,0.7941176470588235,0.24324324324324326,,,,,,,,,,,,,,,,,,,,,,,
A_B,signal_plus_ssl,precision_recall,,,0.7941176470588235,0.24107142857142858,,,,,,,,,,,,,,,,,,,,,,,
A_B,signal_plus_ssl,precision_recall,,,0.8235294117647058,0.24778761061946902,,,,,,,,,,,,,,,,,,,,,,,
A_B,signal_plus_ssl,precision_recall,,,0.8529411764705882,0.2543859649122807,,,,,,,,,,,,,,,,,,,,,,,
A_B,signal_plus_ssl,precision_recall,,,0.8529411764705882,0.25217391304347825,,,,,,,,,,,,,,,,,,,,,,,
A_B,signal_plus_ssl,precision_recall,,,0.8529411764705882,0.25,,,,,,,,,,,,,,,,,,,,,,,
A_B,signal_plus_ssl,precision_recall,,,0.8529411764705882,0.24786324786324787,,,,,,,,,,,,,,,,,,,,,,,
A_B,signal_plus_ssl,precision_recall,,,0.8529411764705882,0.2457627118644068,,,,,,,,,,,,,,,,,,,,,,,
A_B,signal_plus_ssl,precision_recall,,,0.8529411764705882,0.24369747899159663,,,,,,,,,,,,,,,,,,,,,,,
A_B,signal_plus_ssl,precision_recall,,,0.8529411764705882,0.24166666666666667,,,,,,,,,,,,,,,,,,,,,,,
A_B,signal_plus_ssl,precision_recall,,,0.8823529411764706,0.24793388429752067,,,,,,,,,,,,,,,,,,,,,,,
A_B,signal_plus_ssl,precision_recall,,,0.8823529411764706,0.2459016393442623,,,,,,,,,,,,,,,,,,,,,,,
A_B,signal_plus_ssl,precision_recall,,,0.8823529411764706,0.24390243902439024,,,,,,,,,,,,,,,,,,,,,,,
A_B,signal_plus_ssl,precision_recall,,,0.8823529411764706,0.24193548387096775,,,,,,,,,,,,,,,,,,,,,,,
A_B,signal_plus_ssl,precision_recall,,,0.8823529411764706,0.24,,,,,,,,,,,,,,,,,,,,,,,
A_B,signal_plus_ssl,precision_recall,,,0.8823529411764706,0.23809523809523808,,,,,,,,,,,,,,,,,,,,,,,
A_B,signal_plus_ssl,precision_recall,,,0.8823529411764706,0.23622047244094488,,,,,,,,,,,,,,,,,,,,,,,
A_B,signal_plus_ssl,precision_recall,,,0.8823529411764706,0.234375,,,,,,,,,,,,,,,,,,,,,,,
A_B,signal_plus_ssl,precision_recall,,,0.8823529411764706,0.23255813953488372,,,,,,,,,,,,,,,,,,,,,,,
A_B,signal_plus_ssl,precision_recall,,,0.8823529411764706,0.23076923076923078,,,,,,,,,,,,,,,,,,,,,,,
A_B,signal_plus_ssl,precision_recall,,,0.8823529411764706,0.22900763358778625,,,,,,,,,,,,,,,,,,,,,,,
A_B,signal_plus_ssl,precision_recall,,,0.8823529411764706,0.22727272727272727,,,,,,,,,,,,,,,,,,,,,,,
A_B,signal_plus_ssl,precision_recall,,,0.8823529411764706,0.22556390977443608,,,,,,,,,,,,,,,,,,,,,,,
A_B,signal_plus_ssl,precision_recall,,,0.8823529411764706,0.22388059701492538,,,,,,,,,,,,,,,,,,,,,,,
A_B,signal_plus_ssl,precision_recall,,,0.9117647058823529,0.22962962962962963,,,,,,,,,,,,,,,,,,,,,,,
A_B,signal_plus_ssl,precision_recall,,,0.9117647058823529,0.22794117647058823,,,,,,,,,,,,,,,,,,,,,,,
A_B,signal_plus_ssl,precision_recall,,,0.9117647058823529,0.22627737226277372,,,,,,,,,,,,,,,,,,,,,,,
A_B,signal_plus_ssl,precision_recall,,,0.9117647058823529,0.2246376811594203,,,,,,,,,,,,,,,,,,,,,,,
A_B,signal_plus_ssl,precision_recall,,,0.9117647058823529,0.22302158273381295,,,,,,,,,,,,,,,,,,,,,,,
A_B,signal_plus_ssl,precision_recall,,,0.9117647058823529,0.22142857142857142,,,,,,,,,,,,,,,,,,,,,,,
A_B,signal_plus_ssl,precision_recall,,,0.9117647058823529,0.2198581560283688,,,,,,,,,,,,,,,,,,,,,,,
A_B,signal_plus_ssl,precision_recall,,,0.9117647058823529,0.21830985915492956,,,,,,,,,,,,,,,,,,,,,,,
A_B,signal_plus_ssl,precision_recall,,,0.9117647058823529,0.21678321678321677,,,,,,,,,,,,,,,,,,,,,,,
A_B,signal_plus_ssl,precision_recall,,,0.9117647058823529,0.2152777777777778,,,,,,,,,,,,,,,,,,,,,,,
A_B,signal_plus_ssl,precision_recall,,,0.9117647058823529,0.21379310344827587,,,,,,,,,,,,,,,,,,,,,,,
A_B,signal_plus_ssl,precision_recall,,,0.9411764705882353,0.2191780821917808,,,,,,,,,,,,,,,,,,,,,,,
A_B,signal_plus_ssl,precision_recall,,,0.9411764705882353,0.21768707482993196,,,,,,,,,,,,,,,,,,,,,,,
A_B,signal_plus_ssl,precision_recall,,,0.9411764705882353,0.21621621621621623,,,,,,,,,,,,,,,,,,,,,,,
A_B,signal_plus_ssl,precision_recall,,,0.9411764705882353,0.21476510067114093,,,,,,,,,,,,,,,,,,,,,,,
A_B,signal_plus_ssl,precision_recall,,,0.9411764705882353,0.21333333333333335,,,,,,,,,,,,,,,,,,,,,,,
A_B,signal_plus_ssl,precision_recall,,,0.9411764705882353,0.2119205298013245,,,,,,,,,,,,,,,,,,,,,,,
A_B,signal_plus_ssl,precision_recall,,,0.9705882352941176,0.21710526315789475,,,,,,,,,,,,,,,,,,,,,,,
A_B,signal_plus_ssl,precision_recall,,,0.9705882352941176,0.21568627450980393,,,,,,,,,,,,,,,,,,,,,,,
A_B,signal_plus_ssl,precision_recall,,,0.9705882352941176,0.21428571428571427,,,,,,,,,,,,,,,,,,,,,,,
A_B,signal_plus_ssl,precision_recall,,,0.9705882352941176,0.2129032258064516,,,,,,,,,,,,,,,,,,,,,,,
A_B,signal_plus_ssl,precision_recall,,,0.9705882352941176,0.21153846153846154,,,,,,,,,,,,,,,,,,,,,,,
A_B,signal_plus_ssl,precision_recall,,,0.9705882352941176,0.21019108280254778,,,,,,,,,,,,,,,,,,,,,,,
A_B,signal_plus_ssl,precision_recall,,,1.0,0.21518987341772153,,,,,,,,,,,,,,,,,,,,,,,
A_B,signal_plus_ssl,precision_recall,,,1.0,0.2138364779874214,,,,,,,,,,,,,,,,,,,,,,,
A_B,signal_plus_ssl,precision_recall,,,1.0,0.2125,,,,,,,,,,,,,,,,,,,,,,,
A_B,signal_plus_ssl,precision_recall,,,1.0,0.2111801242236025,,,,,,,,,,,,,,,,,,,,,,,
A_B,signal_plus_ssl,precision_recall,,,1.0,0.20987654320987653,,,,,,,,,,,,,,,,,,,,,,,
A_B,signal_plus_ssl,precision_recall,,,1.0,0.2085889570552147,,,,,,,,,,,,,,,,,,,,,,,
A_B,signal_plus_ssl,precision_recall,,,1.0,0.2073170731707317,,,,,,,,,,,,,,,,,,,,,,,
A_B,signal_plus_ssl,precision_recall,,,1.0,0.20606060606060606,,,,,,,,,,,,,,,,,,,,,,,
A_B,signal_plus_ssl,precision_recall,,,1.0,0.20481927710843373,,,,,,,,,,,,,,,,,,,,,,,
A_B,signal_plus_ssl_plus_signal_phenotype,roc,0.0,0.0,,,,,,,,,,,,,,,,,,,,,,,,,
A_B,signal_plus_ssl_plus_signal_phenotype,roc,0.0,0.029411764705882353,,,,,,,,,,,,,,,,,,,,,,,,,
A_B,signal_plus_ssl_plus_signal_phenotype,roc,0.0,0.058823529411764705,,,,,,,,,,,,,,,,,,,,,,,,,
A_B,signal_plus_ssl_plus_signal_phenotype,roc,0.0,0.08823529411764706,,,,,,,,,,,,,,,,,,,,,,,,,
A_B,signal_plus_ssl_plus_signal_phenotype,roc,0.0,0.11764705882352941,,,,,,,,,,,,,,,,,,,,,,,,,
A_B,signal_plus_ssl_plus_signal_phenotype,roc,0.007575757575757576,0.11764705882352941,,,,,,,,,,,,,,,,,,,,,,,,,
A_B,signal_plus_ssl_plus_signal_phenotype,roc,0.015151515151515152,0.11764705882352941,,,,,,,,,,,,,,,,,,,,,,,,,
A_B,signal_plus_ssl_plus_signal_phenotype,roc,0.015151515151515152,0.14705882352941177,,,,,,,,,,,,,,,,,,,,,,,,,
A_B,signal_plus_ssl_plus_signal_phenotype,roc,0.015151515151515152,0.17647058823529413,,,,,,,,,,,,,,,,,,,,,,,,,
A_B,signal_plus_ssl_plus_signal_phenotype,roc,0.015151515151515152,0.20588235294117646,,,,,,,,,,,,,,,,,,,,,,,,,
A_B,signal_plus_ssl_plus_signal_phenotype,roc,0.015151515151515152,0.23529411764705882,,,,,,,,,,,,,,,,,,,,,,,,,
A_B,signal_plus_ssl_plus_signal_phenotype,roc,0.022727272727272728,0.23529411764705882,,,,,,,,,,,,,,,,,,,,,,,,,
A_B,signal_plus_ssl_plus_signal_phenotype,roc,0.030303030303030304,0.23529411764705882,,,,,,,,,,,,,,,,,,,,,,,,,
A_B,signal_plus_ssl_plus_signal_phenotype,roc,0.03787878787878788,0.23529411764705882,,,,,,,,,,,,,,,,,,,,,,,,,
A_B,signal_plus_ssl_plus_signal_phenotype,roc,0.03787878787878788,0.2647058823529412,,,,,,,,,,,,,,,,,,,,,,,,,
A_B,signal_plus_ssl_plus_signal_phenotype,roc,0.045454545454545456,0.2647058823529412,,,,,,,,,,,,,,,,,,,,,,,,,
A_B,signal_plus_ssl_plus_signal_phenotype,roc,0.05303030303030303,0.2647058823529412,,,,,,,,,,,,,,,,,,,,,,,,,
A_B,signal_plus_ssl_plus_signal_phenotype,roc,0.06060606060606061,0.2647058823529412,,,,,,,,,,,,,,,,,,,,,,,,,
A_B,signal_plus_ssl_plus_signal_phenotype,roc,0.06818181818181818,0.2647058823529412,,,,,,,,,,,,,,,,,,,,,,,,,
A_B,signal_plus_ssl_plus_signal_phenotype,roc,0.07575757575757576,0.2647058823529412,,,,,,,,,,,,,,,,,,,,,,,,,
A_B,signal_plus_ssl_plus_signal_phenotype,roc,0.08333333333333333,0.2647058823529412,,,,,,,,,,,,,,,,,,,,,,,,,
A_B,signal_plus_ssl_plus_signal_phenotype,roc,0.09090909090909091,0.2647058823529412,,,,,,,,,,,,,,,,,,,,,,,,,
A_B,signal_plus_ssl_plus_signal_phenotype,roc,0.09848484848484848,0.2647058823529412,,,,,,,,,,,,,,,,,,,,,,,,,
A_B,signal_plus_ssl_plus_signal_phenotype,roc,0.10606060606060606,0.2647058823529412,,,,,,,,,,,,,,,,,,,,,,,,,
A_B,signal_plus_ssl_plus_signal_phenotype,roc,0.11363636363636363,0.2647058823529412,,,,,,,,,,,,,,,,,,,,,,,,,
A_B,signal_plus_ssl_plus_signal_phenotype,roc,0.12121212121212122,0.2647058823529412,,,,,,,,,,,,,,,,,,,,,,,,,
A_B,signal_plus_ssl_plus_signal_phenotype,roc,0.12121212121212122,0.29411764705882354,,,,,,,,,,,,,,,,,,,,,,,,,
A_B,signal_plus_ssl_plus_signal_phenotype,roc,0.12878787878787878,0.29411764705882354,,,,,,,,,,,,,,,,,,,,,,,,,
A_B,signal_plus_ssl_plus_signal_phenotype,roc,0.13636363636363635,0.29411764705882354,,,,,,,,,,,,,,,,,,,,,,,,,
A_B,signal_plus_ssl_plus_signal_phenotype,roc,0.13636363636363635,0.3235294117647059,,,,,,,,,,,,,,,,,,,,,,,,,
A_B,signal_plus_ssl_plus_signal_phenotype,roc,0.14393939393939395,0.3235294117647059,,,,,,,,,,,,,,,,,,,,,,,,,
A_B,signal_plus_ssl_plus_signal_phenotype,roc,0.15151515151515152,0.3235294117647059,,,,,,,,,,,,,,,,,,,,,,,,,
A_B,signal_plus_ssl_plus_signal_phenotype,roc,0.1590909090909091,0.3235294117647059,,,,,,,,,,,,,,,,,,,,,,,,,
A_B,signal_plus_ssl_plus_signal_phenotype,roc,0.16666666666666666,0.3235294117647059,,,,,,,,,,,,,,,,,,,,,,,,,
A_B,signal_plus_ssl_plus_signal_phenotype,roc,0.17424242424242425,0.3235294117647059,,,,,,,,,,,,,,,,,,,,,,,,,
A_B,signal_plus_ssl_plus_signal_phenotype,roc,0.18181818181818182,0.3235294117647059,,,,,,,,,,,,,,,,,,,,,,,,,
A_B,signal_plus_ssl_plus_signal_phenotype,roc,0.1893939393939394,0.3235294117647059,,,,,,,,,,,,,,,,,,,,,,,,,
A_B,signal_plus_ssl_plus_signal_phenotype,roc,0.19696969696969696,0.3235294117647059,,,,,,,,,,,,,,,,,,,,,,,,,
A_B,signal_plus_ssl_plus_signal_phenotype,roc,0.20454545454545456,0.3235294117647059,,,,,,,,,,,,,,,,,,,,,,,,,
A_B,signal_plus_ssl_plus_signal_phenotype,roc,0.21212121212121213,0.3235294117647059,,,,,,,,,,,,,,,,,,,,,,,,,
A_B,signal_plus_ssl_plus_signal_phenotype,roc,0.21212121212121213,0.35294117647058826,,,,,,,,,,,,,,,,,,,,,,,,,
A_B,signal_plus_ssl_plus_signal_phenotype,roc,0.2196969696969697,0.35294117647058826,,,,,,,,,,,,,,,,,,,,,,,,,
A_B,signal_plus_ssl_plus_signal_phenotype,roc,0.22727272727272727,0.35294117647058826,,,,,,,,,,,,,,,,,,,,,,,,,
A_B,signal_plus_ssl_plus_signal_phenotype,roc,0.23484848484848486,0.35294117647058826,,,,,,,,,,,,,,,,,,,,,,,,,
A_B,signal_plus_ssl_plus_signal_phenotype,roc,0.23484848484848486,0.38235294117647056,,,,,,,,,,,,,,,,,,,,,,,,,
A_B,signal_plus_ssl_plus_signal_phenotype,roc,0.23484848484848486,0.4117647058823529,,,,,,,,,,,,,,,,,,,,,,,,,
A_B,signal_plus_ssl_plus_signal_phenotype,roc,0.24242424242424243,0.4117647058823529,,,,,,,,,,,,,,,,,,,,,,,,,
A_B,signal_plus_ssl_plus_signal_phenotype,roc,0.25,0.4117647058823529,,,,,,,,,,,,,,,,,,,,,,,,,
A_B,signal_plus_ssl_plus_signal_phenotype,roc,0.25757575757575757,0.4117647058823529,,,,,,,,,,,,,,,,,,,,,,,,,
A_B,signal_plus_ssl_plus_signal_phenotype,roc,0.26515151515151514,0.4117647058823529,,,,,,,,,,,,,,,,,,,,,,,,,
A_B,signal_plus_ssl_plus_signal_phenotype,roc,0.26515151515151514,0.4411764705882353,,,,,,,,,,,,,,,,,,,,,,,,,
A_B,signal_plus_ssl_plus_signal_phenotype,roc,0.2727272727272727,0.4411764705882353,,,,,,,,,,,,,,,,,,,,,,,,,
A_B,signal_plus_ssl_plus_signal_phenotype,roc,0.2803030303030303,0.4411764705882353,,,,,,,,,,,,,,,,,,,,,,,,,
A_B,signal_plus_ssl_plus_signal_phenotype,roc,0.2878787878787879,0.4411764705882353,,,,,,,,,,,,,,,,,,,,,,,,,
A_B,signal_plus_ssl_plus_signal_phenotype,roc,0.2878787878787879,0.47058823529411764,,,,,,,,,,,,,,,,,,,,,,,,,
A_B,signal_plus_ssl_plus_signal_phenotype,roc,0.2878787878787879,0.5,,,,,,,,,,,,,,,,,,,,,,,,,
A_B,signal_plus_ssl_plus_signal_phenotype,roc,0.29545454545454547,0.5,,,,,,,,,,,,,,,,,,,,,,,,,
A_B,signal_plus_ssl_plus_signal_phenotype,roc,0.29545454545454547,0.5294117647058824,,,,,,,,,,,,,,,,,,,,,,,,,
A_B,signal_plus_ssl_plus_signal_phenotype,roc,0.30303030303030304,0.5294117647058824,,,,,,,,,,,,,,,,,,,,,,,,,
A_B,signal_plus_ssl_plus_signal_phenotype,roc,0.3106060606060606,0.5294117647058824,,,,,,,,,,,,,,,,,,,,,,,,,
A_B,signal_plus_ssl_plus_signal_phenotype,roc,0.3181818181818182,0.5294117647058824,,,,,,,,,,,,,,,,,,,,,,,,,
A_B,signal_plus_ssl_plus_signal_phenotype,roc,0.32575757575757575,0.5294117647058824,,,,,,,,,,,,,,,,,,,,,,,,,
A_B,signal_plus_ssl_plus_signal_phenotype,roc,0.3333333333333333,0.5294117647058824,,,,,,,,,,,,,,,,,,,,,,,,,
A_B,signal_plus_ssl_plus_signal_phenotype,roc,0.3409090909090909,0.5294117647058824,,,,,,,,,,,,,,,,,,,,,,,,,
A_B,signal_plus_ssl_plus_signal_phenotype,roc,0.3484848484848485,0.5294117647058824,,,,,,,,,,,,,,,,,,,,,,,,,
A_B,signal_plus_ssl_plus_signal_phenotype,roc,0.3484848484848485,0.5588235294117647,,,,,,,,,,,,,,,,,,,,,,,,,
A_B,signal_plus_ssl_plus_signal_phenotype,roc,0.3560606060606061,0.5588235294117647,,,,,,,,,,,,,,,,,,,,,,,,,
A_B,signal_plus_ssl_plus_signal_phenotype,roc,0.36363636363636365,0.5588235294117647,,,,,,,,,,,,,,,,,,,,,,,,,
A_B,signal_plus_ssl_plus_signal_phenotype,roc,0.3712121212121212,0.5588235294117647,,,,,,,,,,,,,,,,,,,,,,,,,
A_B,signal_plus_ssl_plus_signal_phenotype,roc,0.3787878787878788,0.5588235294117647,,,,,,,,,,,,,,,,,,,,,,,,,
A_B,signal_plus_ssl_plus_signal_phenotype,roc,0.38636363636363635,0.5588235294117647,,,,,,,,,,,,,,,,,,,,,,,,,
A_B,signal_plus_ssl_plus_signal_phenotype,roc,0.38636363636363635,0.5882352941176471,,,,,,,,,,,,,,,,,,,,,,,,,
A_B,signal_plus_ssl_plus_signal_phenotype,roc,0.3939393939393939,0.5882352941176471,,,,,,,,,,,,,,,,,,,,,,,,,
A_B,signal_plus_ssl_plus_signal_phenotype,roc,0.3939393939393939,0.6176470588235294,,,,,,,,,,,,,,,,,,,,,,,,,
A_B,signal_plus_ssl_plus_signal_phenotype,roc,0.4015151515151515,0.6176470588235294,,,,,,,,,,,,,,,,,,,,,,,,,
A_B,signal_plus_ssl_plus_signal_phenotype,roc,0.4090909090909091,0.6176470588235294,,,,,,,,,,,,,,,,,,,,,,,,,
A_B,signal_plus_ssl_plus_signal_phenotype,roc,0.4090909090909091,0.6470588235294118,,,,,,,,,,,,,,,,,,,,,,,,,
A_B,signal_plus_ssl_plus_signal_phenotype,roc,0.4166666666666667,0.6470588235294118,,,,,,,,,,,,,,,,,,,,,,,,,
A_B,signal_plus_ssl_plus_signal_phenotype,roc,0.42424242424242425,0.6470588235294118,,,,,,,,,,,,,,,,,,,,,,,,,
A_B,signal_plus_ssl_plus_signal_phenotype,roc,0.4318181818181818,0.6470588235294118,,,,,,,,,,,,,,,,,,,,,,,,,
A_B,signal_plus_ssl_plus_signal_phenotype,roc,0.4393939393939394,0.6470588235294118,,,,,,,,,,,,,,,,,,,,,,,,,
A_B,signal_plus_ssl_plus_signal_phenotype,roc,0.44696969696969696,0.6470588235294118,,,,,,,,,,,,,,,,,,,,,,,,,
A_B,signal_plus_ssl_plus_signal_phenotype,roc,0.45454545454545453,0.6470588235294118,,,,,,,,,,,,,,,,,,,,,,,,,
A_B,signal_plus_ssl_plus_signal_phenotype,roc,0.4621212121212121,0.6470588235294118,,,,,,,,,,,,,,,,,,,,,,,,,
A_B,signal_plus_ssl_plus_signal_phenotype,roc,0.4696969696969697,0.6470588235294118,,,,,,,,,,,,,,,,,,,,,,,,,
A_B,signal_plus_ssl_plus_signal_phenotype,roc,0.4696969696969697,0.6764705882352942,,,,,,,,,,,,,,,,,,,,,,,,,
A_B,signal_plus_ssl_plus_signal_phenotype,roc,0.4772727272727273,0.6764705882352942,,,,,,,,,,,,,,,,,,,,,,,,,
A_B,signal_plus_ssl_plus_signal_phenotype,roc,0.48484848484848486,0.6764705882352942,,,,,,,,,,,,,,,,,,,,,,,,,
A_B,signal_plus_ssl_plus_signal_phenotype,roc,0.49242424242424243,0.6764705882352942,,,,,,,,,,,,,,,,,,,,,,,,,
A_B,signal_plus_ssl_plus_signal_phenotype,roc,0.49242424242424243,0.7058823529411765,,,,,,,,,,,,,,,,,,,,,,,,,
A_B,signal_plus_ssl_plus_signal_phenotype,roc,0.5,0.7058823529411765,,,,,,,,,,,,,,,,,,,,,,,,,
A_B,signal_plus_ssl_plus_signal_phenotype,roc,0.5075757575757576,0.7058823529411765,,,,,,,,,,,,,,,,,,,,,,,,,
A_B,signal_plus_ssl_plus_signal_phenotype,roc,0.5151515151515151,0.7058823529411765,,,,,,,,,,,,,,,,,,,,,,,,,
A_B,signal_plus_ssl_plus_signal_phenotype,roc,0.5227272727272727,0.7058823529411765,,,,,,,,,,,,,,,,,,,,,,,,,
A_B,signal_plus_ssl_plus_signal_phenotype,roc,0.5303030303030303,0.7058823529411765,,,,,,,,,,,,,,,,,,,,,,,,,
A_B,signal_plus_ssl_plus_signal_phenotype,roc,0.5303030303030303,0.7352941176470589,,,,,,,,,,,,,,,,,,,,,,,,,
A_B,signal_plus_ssl_plus_signal_phenotype,roc,0.5378787878787878,0.7352941176470589,,,,,,,,,,,,,,,,,,,,,,,,,
A_B,signal_plus_ssl_plus_signal_phenotype,roc,0.5454545454545454,0.7352941176470589,,,,,,,,,,,,,,,,,,,,,,,,,
A_B,signal_plus_ssl_plus_signal_phenotype,roc,0.5454545454545454,0.7647058823529411,,,,,,,,,,,,,,,,,,,,,,,,,
A_B,signal_plus_ssl_plus_signal_phenotype,roc,0.553030303030303,0.7647058823529411,,,,,,,,,,,,,,,,,,,,,,,,,
A_B,signal_plus_ssl_plus_signal_phenotype,roc,0.5606060606060606,0.7647058823529411,,,,,,,,,,,,,,,,,,,,,,,,,
A_B,signal_plus_ssl_plus_signal_phenotype,roc,0.5681818181818182,0.7647058823529411,,,,,,,,,,,,,,,,,,,,,,,,,
A_B,signal_plus_ssl_plus_signal_phenotype,roc,0.5757575757575758,0.7647058823529411,,,,,,,,,,,,,,,,,,,,,,,,,
A_B,signal_plus_ssl_plus_signal_phenotype,roc,0.5833333333333334,0.7647058823529411,,,,,,,,,,,,,,,,,,,,,,,,,
A_B,signal_plus_ssl_plus_signal_phenotype,roc,0.5909090909090909,0.7647058823529411,,,,,,,,,,,,,,,,,,,,,,,,,
A_B,signal_plus_ssl_plus_signal_phenotype,roc,0.5984848484848485,0.7647058823529411,,,,,,,,,,,,,,,,,,,,,,,,,
A_B,signal_plus_ssl_plus_signal_phenotype,roc,0.6060606060606061,0.7647058823529411,,,,,,,,,,,,,,,,,,,,,,,,,
A_B,signal_plus_ssl_plus_signal_phenotype,roc,0.6136363636363636,0.7647058823529411,,,,,,,,,,,,,,,,,,,,,,,,,
A_B,signal_plus_ssl_plus_signal_phenotype,roc,0.6136363636363636,0.7941176470588235,,,,,,,,,,,,,,,,,,,,,,,,,
A_B,signal_plus_ssl_plus_signal_phenotype,roc,0.6136363636363636,0.8235294117647058,,,,,,,,,,,,,,,,,,,,,,,,,
A_B,signal_plus_ssl_plus_signal_phenotype,roc,0.6212121212121212,0.8235294117647058,,,,,,,,,,,,,,,,,,,,,,,,,
A_B,signal_plus_ssl_plus_signal_phenotype,roc,0.6287878787878788,0.8235294117647058,,,,,,,,,,,,,,,,,,,,,,,,,
A_B,signal_plus_ssl_plus_signal_phenotype,roc,0.6363636363636364,0.8235294117647058,,,,,,,,,,,,,,,,,,,,,,,,,
A_B,signal_plus_ssl_plus_signal_phenotype,roc,0.6439393939393939,0.8235294117647058,,,,,,,,,,,,,,,,,,,,,,,,,
A_B,signal_plus_ssl_plus_signal_phenotype,roc,0.6515151515151515,0.8235294117647058,,,,,,,,,,,,,,,,,,,,,,,,,
A_B,signal_plus_ssl_plus_signal_phenotype,roc,0.6590909090909091,0.8235294117647058,,,,,,,,,,,,,,,,,,,,,,,,,
A_B,signal_plus_ssl_plus_signal_phenotype,roc,0.6666666666666666,0.8235294117647058,,,,,,,,,,,,,,,,,,,,,,,,,
A_B,signal_plus_ssl_plus_signal_phenotype,roc,0.6742424242424242,0.8235294117647058,,,,,,,,,,,,,,,,,,,,,,,,,
A_B,signal_plus_ssl_plus_signal_phenotype,roc,0.6818181818181818,0.8235294117647058,,,,,,,,,,,,,,,,,,,,,,,,,
A_B,signal_plus_ssl_plus_signal_phenotype,roc,0.6893939393939394,0.8235294117647058,,,,,,,,,,,,,,,,,,,,,,,,,
A_B,signal_plus_ssl_plus_signal_phenotype,roc,0.696969696969697,0.8235294117647058,,,,,,,,,,,,,,,,,,,,,,,,,
A_B,signal_plus_ssl_plus_signal_phenotype,roc,0.696969696969697,0.8529411764705882,,,,,,,,,,,,,,,,,,,,,,,,,
A_B,signal_plus_ssl_plus_signal_phenotype,roc,0.7045454545454546,0.8529411764705882,,,,,,,,,,,,,,,,,,,,,,,,,
A_B,signal_plus_ssl_plus_signal_phenotype,roc,0.7121212121212122,0.8529411764705882,,,,,,,,,,,,,,,,,,,,,,,,,
A_B,signal_plus_ssl_plus_signal_phenotype,roc,0.7196969696969697,0.8529411764705882,,,,,,,,,,,,,,,,,,,,,,,,,
A_B,signal_plus_ssl_plus_signal_phenotype,roc,0.7272727272727273,0.8529411764705882,,,,,,,,,,,,,,,,,,,,,,,,,
A_B,signal_plus_ssl_plus_signal_phenotype,roc,0.7272727272727273,0.8823529411764706,,,,,,,,,,,,,,,,,,,,,,,,,
A_B,signal_plus_ssl_plus_signal_phenotype,roc,0.7348484848484849,0.8823529411764706,,,,,,,,,,,,,,,,,,,,,,,,,
A_B,signal_plus_ssl_plus_signal_phenotype,roc,0.7424242424242424,0.8823529411764706,,,,,,,,,,,,,,,,,,,,,,,,,
A_B,signal_plus_ssl_plus_signal_phenotype,roc,0.75,0.8823529411764706,,,,,,,,,,,,,,,,,,,,,,,,,
A_B,signal_plus_ssl_plus_signal_phenotype,roc,0.7575757575757576,0.8823529411764706,,,,,,,,,,,,,,,,,,,,,,,,,
A_B,signal_plus_ssl_plus_signal_phenotype,roc,0.7651515151515151,0.8823529411764706,,,,,,,,,,,,,,,,,,,,,,,,,
A_B,signal_plus_ssl_plus_signal_phenotype,roc,0.7727272727272727,0.8823529411764706,,,,,,,,,,,,,,,,,,,,,,,,,
A_B,signal_plus_ssl_plus_signal_phenotype,roc,0.7803030303030303,0.8823529411764706,,,,,,,,,,,,,,,,,,,,,,,,,
A_B,signal_plus_ssl_plus_signal_phenotype,roc,0.7878787878787878,0.8823529411764706,,,,,,,,,,,,,,,,,,,,,,,,,
A_B,signal_plus_ssl_plus_signal_phenotype,roc,0.7878787878787878,0.9117647058823529,,,,,,,,,,,,,,,,,,,,,,,,,
A_B,signal_plus_ssl_plus_signal_phenotype,roc,0.7878787878787878,0.9411764705882353,,,,,,,,,,,,,,,,,,,,,,,,,
A_B,signal_plus_ssl_plus_signal_phenotype,roc,0.7954545454545454,0.9411764705882353,,,,,,,,,,,,,,,,,,,,,,,,,
A_B,signal_plus_ssl_plus_signal_phenotype,roc,0.7954545454545454,0.9705882352941176,,,,,,,,,,,,,,,,,,,,,,,,,
A_B,signal_plus_ssl_plus_signal_phenotype,roc,0.803030303030303,0.9705882352941176,,,,,,,,,,,,,,,,,,,,,,,,,
A_B,signal_plus_ssl_plus_signal_phenotype,roc,0.8106060606060606,0.9705882352941176,,,,,,,,,,,,,,,,,,,,,,,,,
A_B,signal_plus_ssl_plus_signal_phenotype,roc,0.8181818181818182,0.9705882352941176,,,,,,,,,,,,,,,,,,,,,,,,,
A_B,signal_plus_ssl_plus_signal_phenotype,roc,0.8257575757575758,0.9705882352941176,,,,,,,,,,,,,,,,,,,,,,,,,
A_B,signal_plus_ssl_plus_signal_phenotype,roc,0.8333333333333334,0.9705882352941176,,,,,,,,,,,,,,,,,,,,,,,,,
A_B,signal_plus_ssl_plus_signal_phenotype,roc,0.8409090909090909,0.9705882352941176,,,,,,,,,,,,,,,,,,,,,,,,,
A_B,signal_plus_ssl_plus_signal_phenotype,roc,0.8484848484848485,0.9705882352941176,,,,,,,,,,,,,,,,,,,,,,,,,
A_B,signal_plus_ssl_plus_signal_phenotype,roc,0.8560606060606061,0.9705882352941176,,,,,,,,,,,,,,,,,,,,,,,,,
A_B,signal_plus_ssl_plus_signal_phenotype,roc,0.8636363636363636,0.9705882352941176,,,,,,,,,,,,,,,,,,,,,,,,,
A_B,signal_plus_ssl_plus_signal_phenotype,roc,0.8712121212121212,0.9705882352941176,,,,,,,,,,,,,,,,,,,,,,,,,
A_B,signal_plus_ssl_plus_signal_phenotype,roc,0.8787878787878788,0.9705882352941176,,,,,,,,,,,,,,,,,,,,,,,,,
A_B,signal_plus_ssl_plus_signal_phenotype,roc,0.8863636363636364,0.9705882352941176,,,,,,,,,,,,,,,,,,,,,,,,,
A_B,signal_plus_ssl_plus_signal_phenotype,roc,0.8939393939393939,0.9705882352941176,,,,,,,,,,,,,,,,,,,,,,,,,
A_B,signal_plus_ssl_plus_signal_phenotype,roc,0.9015151515151515,0.9705882352941176,,,,,,,,,,,,,,,,,,,,,,,,,
A_B,signal_plus_ssl_plus_signal_phenotype,roc,0.9090909090909091,0.9705882352941176,,,,,,,,,,,,,,,,,,,,,,,,,
A_B,signal_plus_ssl_plus_signal_phenotype,roc,0.9166666666666666,0.9705882352941176,,,,,,,,,,,,,,,,,,,,,,,,,
A_B,signal_plus_ssl_plus_signal_phenotype,roc,0.9242424242424242,0.9705882352941176,,,,,,,,,,,,,,,,,,,,,,,,,
A_B,signal_plus_ssl_plus_signal_phenotype,roc,0.9242424242424242,1.0,,,,,,,,,,,,,,,,,,,,,,,,,
A_B,signal_plus_ssl_plus_signal_phenotype,roc,0.9318181818181818,1.0,,,,,,,,,,,,,,,,,,,,,,,,,
A_B,signal_plus_ssl_plus_signal_phenotype,roc,0.9393939393939394,1.0,,,,,,,,,,,,,,,,,,,,,,,,,
A_B,signal_plus_ssl_plus_signal_phenotype,roc,0.946969696969697,1.0,,,,,,,,,,,,,,,,,,,,,,,,,
A_B,signal_plus_ssl_plus_signal_phenotype,roc,0.9545454545454546,1.0,,,,,,,,,,,,,,,,,,,,,,,,,
A_B,signal_plus_ssl_plus_signal_phenotype,roc,0.9621212121212122,1.0,,,,,,,,,,,,,,,,,,,,,,,,,
A_B,signal_plus_ssl_plus_signal_phenotype,roc,0.9696969696969697,1.0,,,,,,,,,,,,,,,,,,,,,,,,,
A_B,signal_plus_ssl_plus_signal_phenotype,roc,0.9772727272727273,1.0,,,,,,,,,,,,,,,,,,,,,,,,,
A_B,signal_plus_ssl_plus_signal_phenotype,roc,0.9848484848484849,1.0,,,,,,,,,,,,,,,,,,,,,,,,,
A_B,signal_plus_ssl_plus_signal_phenotype,roc,0.9924242424242424,1.0,,,,,,,,,,,,,,,,,,,,,,,,,
A_B,signal_plus_ssl_plus_signal_phenotype,roc,1.0,1.0,,,,,,,,,,,,,,,,,,,,,,,,,
A_B,signal_plus_ssl_plus_signal_phenotype,precision_recall,,,0.0,0.20481927710843373,,,,,,,,,,,,,,,,,,,,,,,
A_B,signal_plus_ssl_plus_signal_phenotype,precision_recall,,,0.029411764705882353,1.0,,,,,,,,,,,,,,,,,,,,,,,
A_B,signal_plus_ssl_plus_signal_phenotype,precision_recall,,,0.058823529411764705,1.0,,,,,,,,,,,,,,,,,,,,,,,
A_B,signal_plus_ssl_plus_signal_phenotype,precision_recall,,,0.08823529411764706,1.0,,,,,,,,,,,,,,,,,,,,,,,
A_B,signal_plus_ssl_plus_signal_phenotype,precision_recall,,,0.11764705882352941,1.0,,,,,,,,,,,,,,,,,,,,,,,
A_B,signal_plus_ssl_plus_signal_phenotype,precision_recall,,,0.11764705882352941,0.8,,,,,,,,,,,,,,,,,,,,,,,
A_B,signal_plus_ssl_plus_signal_phenotype,precision_recall,,,0.11764705882352941,0.6666666666666666,,,,,,,,,,,,,,,,,,,,,,,
A_B,signal_plus_ssl_plus_signal_phenotype,precision_recall,,,0.14705882352941177,0.7142857142857143,,,,,,,,,,,,,,,,,,,,,,,
A_B,signal_plus_ssl_plus_signal_phenotype,precision_recall,,,0.17647058823529413,0.75,,,,,,,,,,,,,,,,,,,,,,,
A_B,signal_plus_ssl_plus_signal_phenotype,precision_recall,,,0.20588235294117646,0.7777777777777778,,,,,,,,,,,,,,,,,,,,,,,
A_B,signal_plus_ssl_plus_signal_phenotype,precision_recall,,,0.23529411764705882,0.8,,,,,,,,,,,,,,,,,,,,,,,
A_B,signal_plus_ssl_plus_signal_phenotype,precision_recall,,,0.23529411764705882,0.7272727272727273,,,,,,,,,,,,,,,,,,,,,,,
A_B,signal_plus_ssl_plus_signal_phenotype,precision_recall,,,0.23529411764705882,0.6666666666666666,,,,,,,,,,,,,,,,,,,,,,,
A_B,signal_plus_ssl_plus_signal_phenotype,precision_recall,,,0.23529411764705882,0.6153846153846154,,,,,,,,,,,,,,,,,,,,,,,
A_B,signal_plus_ssl_plus_signal_phenotype,precision_recall,,,0.2647058823529412,0.6428571428571429,,,,,,,,,,,,,,,,,,,,,,,
A_B,signal_plus_ssl_plus_signal_phenotype,precision_recall,,,0.2647058823529412,0.6,,,,,,,,,,,,,,,,,,,,,,,
A_B,signal_plus_ssl_plus_signal_phenotype,precision_recall,,,0.2647058823529412,0.5625,,,,,,,,,,,,,,,,,,,,,,,
A_B,signal_plus_ssl_plus_signal_phenotype,precision_recall,,,0.2647058823529412,0.5294117647058824,,,,,,,,,,,,,,,,,,,,,,,
A_B,signal_plus_ssl_plus_signal_phenotype,precision_recall,,,0.2647058823529412,0.5,,,,,,,,,,,,,,,,,,,,,,,
A_B,signal_plus_ssl_plus_signal_phenotype,precision_recall,,,0.2647058823529412,0.47368421052631576,,,,,,,,,,,,,,,,,,,,,,,
A_B,signal_plus_ssl_plus_signal_phenotype,precision_recall,,,0.2647058823529412,0.45,,,,,,,,,,,,,,,,,,,,,,,
A_B,signal_plus_ssl_plus_signal_phenotype,precision_recall,,,0.2647058823529412,0.42857142857142855,,,,,,,,,,,,,,,,,,,,,,,
A_B,signal_plus_ssl_plus_signal_phenotype,precision_recall,,,0.2647058823529412,0.4090909090909091,,,,,,,,,,,,,,,,,,,,,,,
A_B,signal_plus_ssl_plus_signal_phenotype,precision_recall,,,0.2647058823529412,0.391304347826087,,,,,,,,,,,,,,,,,,,,,,,
A_B,signal_plus_ssl_plus_signal_phenotype,precision_recall,,,0.2647058823529412,0.375,,,,,,,,,,,,,,,,,,,,,,,
A_B,signal_plus_ssl_plus_signal_phenotype,precision_recall,,,0.2647058823529412,0.36,,,,,,,,,,,,,,,,,,,,,,,
A_B,signal_plus_ssl_plus_signal_phenotype,precision_recall,,,0.29411764705882354,0.38461538461538464,,,,,,,,,,,,,,,,,,,,,,,
A_B,signal_plus_ssl_plus_signal_phenotype,precision_recall,,,0.29411764705882354,0.37037037037037035,,,,,,,,,,,,,,,,,,,,,,,
A_B,signal_plus_ssl_plus_signal_phenotype,precision_recall,,,0.29411764705882354,0.35714285714285715,,,,,,,,,,,,,,,,,,,,,,,
A_B,signal_plus_ssl_plus_signal_phenotype,precision_recall,,,0.3235294117647059,0.3793103448275862,,,,,,,,,,,,,,,,,,,,,,,
A_B,signal_plus_ssl_plus_signal_phenotype,precision_recall,,,0.3235294117647059,0.36666666666666664,,,,,,,,,,,,,,,,,,,,,,,
A_B,signal_plus_ssl_plus_signal_phenotype,precision_recall,,,0.3235294117647059,0.3548387096774194,,,,,,,,,,,,,,,,,,,,,,,
A_B,signal_plus_ssl_plus_signal_phenotype,precision_recall,,,0.3235294117647059,0.34375,,,,,,,,,,,,,,,,,,,,,,,
A_B,signal_plus_ssl_plus_signal_phenotype,precision_recall,,,0.3235294117647059,0.3333333333333333,,,,,,,,,,,,,,,,,,,,,,,
A_B,signal_plus_ssl_plus_signal_phenotype,precision_recall,,,0.3235294117647059,0.3235294117647059,,,,,,,,,,,,,,,,,,,,,,,
A_B,signal_plus_ssl_plus_signal_phenotype,precision_recall,,,0.3235294117647059,0.3142857142857143,,,,,,,,,,,,,,,,,,,,,,,
A_B,signal_plus_ssl_plus_signal_phenotype,precision_recall,,,0.3235294117647059,0.3055555555555556,,,,,,,,,,,,,,,,,,,,,,,
A_B,signal_plus_ssl_plus_signal_phenotype,precision_recall,,,0.3235294117647059,0.2972972972972973,,,,,,,,,,,,,,,,,,,,,,,
A_B,signal_plus_ssl_plus_signal_phenotype,precision_recall,,,0.3235294117647059,0.2894736842105263,,,,,,,,,,,,,,,,,,,,,,,
A_B,signal_plus_ssl_plus_signal_phenotype,precision_recall,,,0.3235294117647059,0.28205128205128205,,,,,,,,,,,,,,,,,,,,,,,
A_B,signal_plus_ssl_plus_signal_phenotype,precision_recall,,,0.35294117647058826,0.3,,,,,,,,,,,,,,,,,,,,,,,
A_B,signal_plus_ssl_plus_signal_phenotype,precision_recall,,,0.35294117647058826,0.2926829268292683,,,,,,,,,,,,,,,,,,,,,,,
A_B,signal_plus_ssl_plus_signal_phenotype,precision_recall,,,0.35294117647058826,0.2857142857142857,,,,,,,,,,,,,,,,,,,,,,,
A_B,signal_plus_ssl_plus_signal_phenotype,precision_recall,,,0.35294117647058826,0.27906976744186046,,,,,,,,,,,,,,,,,,,,,,,
A_B,signal_plus_ssl_plus_signal_phenotype,precision_recall,,,0.38235294117647056,0.29545454545454547,,,,,,,,,,,,,,,,,,,,,,,
A_B,signal_plus_ssl_plus_signal_phenotype,precision_recall,,,0.4117647058823529,0.3111111111111111,,,,,,,,,,,,,,,,,,,,,,,
A_B,signal_plus_ssl_plus_signal_phenotype,precision_recall,,,0.4117647058823529,0.30434782608695654,,,,,,,,,,,,,,,,,,,,,,,
A_B,signal_plus_ssl_plus_signal_phenotype,precision_recall,,,0.4117647058823529,0.2978723404255319,,,,,,,,,,,,,,,,,,,,,,,
A_B,signal_plus_ssl_plus_signal_phenotype,precision_recall,,,0.4117647058823529,0.2916666666666667,,,,,,,,,,,,,,,,,,,,,,,
A_B,signal_plus_ssl_plus_signal_phenotype,precision_recall,,,0.4117647058823529,0.2857142857142857,,,,,,,,,,,,,,,,,,,,,,,
A_B,signal_plus_ssl_plus_signal_phenotype,precision_recall,,,0.4411764705882353,0.3,,,,,,,,,,,,,,,,,,,,,,,
A_B,signal_plus_ssl_plus_signal_phenotype,precision_recall,,,0.4411764705882353,0.29411764705882354,,,,,,,,,,,,,,,,,,,,,,,
A_B,signal_plus_ssl_plus_signal_phenotype,precision_recall,,,0.4411764705882353,0.28846153846153844,,,,,,,,,,,,,,,,,,,,,,,
A_B,signal_plus_ssl_plus_signal_phenotype,precision_recall,,,0.4411764705882353,0.2830188679245283,,,,,,,,,,,,,,,,,,,,,,,
A_B,signal_plus_ssl_plus_signal_phenotype,precision_recall,,,0.47058823529411764,0.2962962962962963,,,,,,,,,,,,,,,,,,,,,,,
A_B,signal_plus_ssl_plus_signal_phenotype,precision_recall,,,0.5,0.3090909090909091,,,,,,,,,,,,,,,,,,,,,,,
A_B,signal_plus_ssl_plus_signal_phenotype,precision_recall,,,0.5,0.30357142857142855,,,,,,,,,,,,,,,,,,,,,,,
A_B,signal_plus_ssl_plus_signal_phenotype,precision_recall,,,0.5294117647058824,0.3157894736842105,,,,,,,,,,,,,,,,,,,,,,,
A_B,signal_plus_ssl_plus_signal_phenotype,precision_recall,,,0.5294117647058824,0.3103448275862069,,,,,,,,,,,,,,,,,,,,,,,
A_B,signal_plus_ssl_plus_signal_phenotype,precision_recall,,,0.5294117647058824,0.3050847457627119,,,,,,,,,,,,,,,,,,,,,,,
A_B,signal_plus_ssl_plus_signal_phenotype,precision_recall,,,0.5294117647058824,0.3,,,,,,,,,,,,,,,,,,,,,,,
A_B,signal_plus_ssl_plus_signal_phenotype,precision_recall,,,0.5294117647058824,0.29508196721311475,,,,,,,,,,,,,,,,,,,,,,,
A_B,signal_plus_ssl_plus_signal_phenotype,precision_recall,,,0.5294117647058824,0.2903225806451613,,,,,,,,,,,,,,,,,,,,,,,
A_B,signal_plus_ssl_plus_signal_phenotype,precision_recall,,,0.5294117647058824,0.2857142857142857,,,,,,,,,,,,,,,,,,,,,,,
A_B,signal_plus_ssl_plus_signal_phenotype,precision_recall,,,0.5294117647058824,0.28125,,,,,,,,,,,,,,,,,,,,,,,
A_B,signal_plus_ssl_plus_signal_phenotype,precision_recall,,,0.5588235294117647,0.2923076923076923,,,,,,,,,,,,,,,,,,,,,,,
A_B,signal_plus_ssl_plus_signal_phenotype,precision_recall,,,0.5588235294117647,0.2878787878787879,,,,,,,,,,,,,,,,,,,,,,,
A_B,signal_plus_ssl_plus_signal_phenotype,precision_recall,,,0.5588235294117647,0.2835820895522388,,,,,,,,,,,,,,,,,,,,,,,
A_B,signal_plus_ssl_plus_signal_phenotype,precision_recall,,,0.5588235294117647,0.27941176470588236,,,,,,,,,,,,,,,,,,,,,,,
A_B,signal_plus_ssl_plus_signal_phenotype,precision_recall,,,0.5588235294117647,0.2753623188405797,,,,,,,,,,,,,,,,,,,,,,,
A_B,signal_plus_ssl_plus_signal_phenotype,precision_recall,,,0.5588235294117647,0.2714285714285714,,,,,,,,,,,,,,,,,,,,,,,
A_B,signal_plus_ssl_plus_signal_phenotype,precision_recall,,,0.5882352941176471,0.28169014084507044,,,,,,,,,,,,,,,,,,,,,,,
A_B,signal_plus_ssl_plus_signal_phenotype,precision_recall,,,0.5882352941176471,0.2777777777777778,,,,,,,,,,,,,,,,,,,,,,,
A_B,signal_plus_ssl_plus_signal_phenotype,precision_recall,,,0.6176470588235294,0.2876712328767123,,,,,,,,,,,,,,,,,,,,,,,
A_B,signal_plus_ssl_plus_signal_phenotype,precision_recall,,,0.6176470588235294,0.28378378378378377,,,,,,,,,,,,,,,,,,,,,,,
A_B,signal_plus_ssl_plus_signal_phenotype,precision_recall,,,0.6176470588235294,0.28,,,,,,,,,,,,,,,,,,,,,,,
A_B,signal_plus_ssl_plus_signal_phenotype,precision_recall,,,0.6470588235294118,0.2894736842105263,,,,,,,,,,,,,,,,,,,,,,,
A_B,signal_plus_ssl_plus_signal_phenotype,precision_recall,,,0.6470588235294118,0.2857142857142857,,,,,,,,,,,,,,,,,,,,,,,
A_B,signal_plus_ssl_plus_signal_phenotype,precision_recall,,,0.6470588235294118,0.28205128205128205,,,,,,,,,,,,,,,,,,,,,,,
A_B,signal_plus_ssl_plus_signal_phenotype,precision_recall,,,0.6470588235294118,0.27848101265822783,,,,,,,,,,,,,,,,,,,,,,,
A_B,signal_plus_ssl_plus_signal_phenotype,precision_recall,,,0.6470588235294118,0.275,,,,,,,,,,,,,,,,,,,,,,,
A_B,signal_plus_ssl_plus_signal_phenotype,precision_recall,,,0.6470588235294118,0.2716049382716049,,,,,,,,,,,,,,,,,,,,,,,
A_B,signal_plus_ssl_plus_signal_phenotype,precision_recall,,,0.6470588235294118,0.2682926829268293,,,,,,,,,,,,,,,,,,,,,,,
A_B,signal_plus_ssl_plus_signal_phenotype,precision_recall,,,0.6470588235294118,0.26506024096385544,,,,,,,,,,,,,,,,,,,,,,,
A_B,signal_plus_ssl_plus_signal_phenotype,precision_recall,,,0.6470588235294118,0.2619047619047619,,,,,,,,,,,,,,,,,,,,,,,
A_B,signal_plus_ssl_plus_signal_phenotype,precision_recall,,,0.6764705882352942,0.27058823529411763,,,,,,,,,,,,,,,,,,,,,,,
A_B,signal_plus_ssl_plus_signal_phenotype,precision_recall,,,0.6764705882352942,0.26744186046511625,,,,,,,,,,,,,,,,,,,,,,,
A_B,signal_plus_ssl_plus_signal_phenotype,precision_recall,,,0.6764705882352942,0.26436781609195403,,,,,,,,,,,,,,,,,,,,,,,
A_B,signal_plus_ssl_plus_signal_phenotype,precision_recall,,,0.6764705882352942,0.26136363636363635,,,,,,,,,,,,,,,,,,,,,,,
A_B,signal_plus_ssl_plus_signal_phenotype,precision_recall,,,0.7058823529411765,0.2696629213483146,,,,,,,,,,,,,,,,,,,,,,,
A_B,signal_plus_ssl_plus_signal_phenotype,precision_recall,,,0.7058823529411765,0.26666666666666666,,,,,,,,,,,,,,,,,,,,,,,
A_B,signal_plus_ssl_plus_signal_phenotype,precision_recall,,,0.7058823529411765,0.26373626373626374,,,,,,,,,,,,,,,,,,,,,,,
A_B,signal_plus_ssl_plus_signal_phenotype,precision_recall,,,0.7058823529411765,0.2608695652173913,,,,,,,,,,,,,,,,,,,,,,,
A_B,signal_plus_ssl_plus_signal_phenotype,precision_recall,,,0.7058823529411765,0.25806451612903225,,,,,,,,,,,,,,,,,,,,,,,
A_B,signal_plus_ssl_plus_signal_phenotype,precision_recall,,,0.7058823529411765,0.2553191489361702,,,,,,,,,,,,,,,,,,,,,,,
A_B,signal_plus_ssl_plus_signal_phenotype,precision_recall,,,0.7352941176470589,0.2631578947368421,,,,,,,,,,,,,,,,,,,,,,,
A_B,signal_plus_ssl_plus_signal_phenotype,precision_recall,,,0.7352941176470589,0.2604166666666667,,,,,,,,,,,,,,,,,,,,,,,
A_B,signal_plus_ssl_plus_signal_phenotype,precision_recall,,,0.7352941176470589,0.25773195876288657,,,,,,,,,,,,,,,,,,,,,,,
A_B,signal_plus_ssl_plus_signal_phenotype,precision_recall,,,0.7647058823529411,0.2653061224489796,,,,,,,,,,,,,,,,,,,,,,,
A_B,signal_plus_ssl_plus_signal_phenotype,precision_recall,,,0.7647058823529411,0.26262626262626265,,,,,,,,,,,,,,,,,,,,,,,
A_B,signal_plus_ssl_plus_signal_phenotype,precision_recall,,,0.7647058823529411,0.26,,,,,,,,,,,,,,,,,,,,,,,
A_B,signal_plus_ssl_plus_signal_phenotype,precision_recall,,,0.7647058823529411,0.25742574257425743,,,,,,,,,,,,,,,,,,,,,,,
A_B,signal_plus_ssl_plus_signal_phenotype,precision_recall,,,0.7647058823529411,0.2549019607843137,,,,,,,,,,,,,,,,,,,,,,,
A_B,signal_plus_ssl_plus_signal_phenotype,precision_recall,,,0.7647058823529411,0.2524271844660194,,,,,,,,,,,,,,,,,,,,,,,
A_B,signal_plus_ssl_plus_signal_phenotype,precision_recall,,,0.7647058823529411,0.25,,,,,,,,,,,,,,,,,,,,,,,
A_B,signal_plus_ssl_plus_signal_phenotype,precision_recall,,,0.7647058823529411,0.24761904761904763,,,,,,,,,,,,,,,,,,,,,,,
A_B,signal_plus_ssl_plus_signal_phenotype,precision_recall,,,0.7647058823529411,0.24528301886792453,,,,,,,,,,,,,,,,,,,,,,,
A_B,signal_plus_ssl_plus_signal_phenotype,precision_recall,,,0.7647058823529411,0.24299065420560748,,,,,,,,,,,,,,,,,,,,,,,
A_B,signal_plus_ssl_plus_signal_phenotype,precision_recall,,,0.7941176470588235,0.25,,,,,,,,,,,,,,,,,,,,,,,
A_B,signal_plus_ssl_plus_signal_phenotype,precision_recall,,,0.8235294117647058,0.25688073394495414,,,,,,,,,,,,,,,,,,,,,,,
A_B,signal_plus_ssl_plus_signal_phenotype,precision_recall,,,0.8235294117647058,0.2545454545454545,,,,,,,,,,,,,,,,,,,,,,,
A_B,signal_plus_ssl_plus_signal_phenotype,precision_recall,,,0.8235294117647058,0.25225225225225223,,,,,,,,,,,,,,,,,,,,,,,
A_B,signal_plus_ssl_plus_signal_phenotype,precision_recall,,,0.8235294117647058,0.25,,,,,,,,,,,,,,,,,,,,,,,
A_B,signal_plus_ssl_plus_signal_phenotype,precision_recall,,,0.8235294117647058,0.24778761061946902,,,,,,,,,,,,,,,,,,,,,,,
A_B,signal_plus_ssl_plus_signal_phenotype,precision_recall,,,0.8235294117647058,0.24561403508771928,,,,,,,,,,,,,,,,,,,,,,,
A_B,signal_plus_ssl_plus_signal_phenotype,precision_recall,,,0.8235294117647058,0.24347826086956523,,,,,,,,,,,,,,,,,,,,,,,
A_B,signal_plus_ssl_plus_signal_phenotype,precision_recall,,,0.8235294117647058,0.2413793103448276,,,,,,,,,,,,,,,,,,,,,,,
A_B,signal_plus_ssl_plus_signal_phenotype,precision_recall,,,0.8235294117647058,0.23931623931623933,,,,,,,,,,,,,,,,,,,,,,,
A_B,signal_plus_ssl_plus_signal_phenotype,precision_recall,,,0.8235294117647058,0.23728813559322035,,,,,,,,,,,,,,,,,,,,,,,
A_B,signal_plus_ssl_plus_signal_phenotype,precision_recall,,,0.8235294117647058,0.23529411764705882,,,,,,,,,,,,,,,,,,,,,,,
A_B,signal_plus_ssl_plus_signal_phenotype,precision_recall,,,0.8235294117647058,0.23333333333333334,,,,,,,,,,,,,,,,,,,,,,,
A_B,signal_plus_ssl_plus_signal_phenotype,precision_recall,,,0.8529411764705882,0.2396694214876033,,,,,,,,,,,,,,,,,,,,,,,
A_B,signal_plus_ssl_plus_signal_phenotype,precision_recall,,,0.8529411764705882,0.23770491803278687,,,,,,,,,,,,,,,,,,,,,,,
A_B,signal_plus_ssl_plus_signal_phenotype,precision_recall,,,0.8529411764705882,0.23577235772357724,,,,,,,,,,,,,,,,,,,,,,,
A_B,signal_plus_ssl_plus_signal_phenotype,precision_recall,,,0.8529411764705882,0.23387096774193547,,,,,,,,,,,,,,,,,,,,,,,
A_B,signal_plus_ssl_plus_signal_phenotype,precision_recall,,,0.8529411764705882,0.232,,,,,,,,,,,,,,,,,,,,,,,
A_B,signal_plus_ssl_plus_signal_phenotype,precision_recall,,,0.8823529411764706,0.23809523809523808,,,,,,,,,,,,,,,,,,,,,,,
A_B,signal_plus_ssl_plus_signal_phenotype,precision_recall,,,0.8823529411764706,0.23622047244094488,,,,,,,,,,,,,,,,,,,,,,,
A_B,signal_plus_ssl_plus_signal_phenotype,precision_recall,,,0.8823529411764706,0.234375,,,,,,,,,,,,,,,,,,,,,,,
A_B,signal_plus_ssl_plus_signal_phenotype,precision_recall,,,0.8823529411764706,0.23255813953488372,,,,,,,,,,,,,,,,,,,,,,,
A_B,signal_plus_ssl_plus_signal_phenotype,precision_recall,,,0.8823529411764706,0.23076923076923078,,,,,,,,,,,,,,,,,,,,,,,
A_B,signal_plus_ssl_plus_signal_phenotype,precision_recall,,,0.8823529411764706,0.22900763358778625,,,,,,,,,,,,,,,,,,,,,,,
A_B,signal_plus_ssl_plus_signal_phenotype,precision_recall,,,0.8823529411764706,0.22727272727272727,,,,,,,,,,,,,,,,,,,,,,,
A_B,signal_plus_ssl_plus_signal_phenotype,precision_recall,,,0.8823529411764706,0.22556390977443608,,,,,,,,,,,,,,,,,,,,,,,
A_B,signal_plus_ssl_plus_signal_phenotype,precision_recall,,,0.8823529411764706,0.22388059701492538,,,,,,,,,,,,,,,,,,,,,,,
A_B,signal_plus_ssl_plus_signal_phenotype,precision_recall,,,0.9117647058823529,0.22962962962962963,,,,,,,,,,,,,,,,,,,,,,,
A_B,signal_plus_ssl_plus_signal_phenotype,precision_recall,,,0.9411764705882353,0.23529411764705882,,,,,,,,,,,,,,,,,,,,,,,
A_B,signal_plus_ssl_plus_signal_phenotype,precision_recall,,,0.9411764705882353,0.23357664233576642,,,,,,,,,,,,,,,,,,,,,,,
A_B,signal_plus_ssl_plus_signal_phenotype,precision_recall,,,0.9705882352941176,0.2391304347826087,,,,,,,,,,,,,,,,,,,,,,,
A_B,signal_plus_ssl_plus_signal_phenotype,precision_recall,,,0.9705882352941176,0.23741007194244604,,,,,,,,,,,,,,,,,,,,,,,
A_B,signal_plus_ssl_plus_signal_phenotype,precision_recall,,,0.9705882352941176,0.2357142857142857,,,,,,,,,,,,,,,,,,,,,,,
A_B,signal_plus_ssl_plus_signal_phenotype,precision_recall,,,0.9705882352941176,0.23404255319148937,,,,,,,,,,,,,,,,,,,,,,,
A_B,signal_plus_ssl_plus_signal_phenotype,precision_recall,,,0.9705882352941176,0.2323943661971831,,,,,,,,,,,,,,,,,,,,,,,
A_B,signal_plus_ssl_plus_signal_phenotype,precision_recall,,,0.9705882352941176,0.23076923076923078,,,,,,,,,,,,,,,,,,,,,,,
A_B,signal_plus_ssl_plus_signal_phenotype,precision_recall,,,0.9705882352941176,0.22916666666666666,,,,,,,,,,,,,,,,,,,,,,,
A_B,signal_plus_ssl_plus_signal_phenotype,precision_recall,,,0.9705882352941176,0.22758620689655173,,,,,,,,,,,,,,,,,,,,,,,
A_B,signal_plus_ssl_plus_signal_phenotype,precision_recall,,,0.9705882352941176,0.22602739726027396,,,,,,,,,,,,,,,,,,,,,,,
A_B,signal_plus_ssl_plus_signal_phenotype,precision_recall,,,0.9705882352941176,0.22448979591836735,,,,,,,,,,,,,,,,,,,,,,,
A_B,signal_plus_ssl_plus_signal_phenotype,precision_recall,,,0.9705882352941176,0.22297297297297297,,,,,,,,,,,,,,,,,,,,,,,
A_B,signal_plus_ssl_plus_signal_phenotype,precision_recall,,,0.9705882352941176,0.2214765100671141,,,,,,,,,,,,,,,,,,,,,,,
A_B,signal_plus_ssl_plus_signal_phenotype,precision_recall,,,0.9705882352941176,0.22,,,,,,,,,,,,,,,,,,,,,,,
A_B,signal_plus_ssl_plus_signal_phenotype,precision_recall,,,0.9705882352941176,0.2185430463576159,,,,,,,,,,,,,,,,,,,,,,,
A_B,signal_plus_ssl_plus_signal_phenotype,precision_recall,,,0.9705882352941176,0.21710526315789475,,,,,,,,,,,,,,,,,,,,,,,
A_B,signal_plus_ssl_plus_signal_phenotype,precision_recall,,,0.9705882352941176,0.21568627450980393,,,,,,,,,,,,,,,,,,,,,,,
A_B,signal_plus_ssl_plus_signal_phenotype,precision_recall,,,0.9705882352941176,0.21428571428571427,,,,,,,,,,,,,,,,,,,,,,,
A_B,signal_plus_ssl_plus_signal_phenotype,precision_recall,,,0.9705882352941176,0.2129032258064516,,,,,,,,,,,,,,,,,,,,,,,
A_B,signal_plus_ssl_plus_signal_phenotype,precision_recall,,,1.0,0.21794871794871795,,,,,,,,,,,,,,,,,,,,,,,
A_B,signal_plus_ssl_plus_signal_phenotype,precision_recall,,,1.0,0.21656050955414013,,,,,,,,,,,,,,,,,,,,,,,
A_B,signal_plus_ssl_plus_signal_phenotype,precision_recall,,,1.0,0.21518987341772153,,,,,,,,,,,,,,,,,,,,,,,
A_B,signal_plus_ssl_plus_signal_phenotype,precision_recall,,,1.0,0.2138364779874214,,,,,,,,,,,,,,,,,,,,,,,
A_B,signal_plus_ssl_plus_signal_phenotype,precision_recall,,,1.0,0.2125,,,,,,,,,,,,,,,,,,,,,,,
A_B,signal_plus_ssl_plus_signal_phenotype,precision_recall,,,1.0,0.2111801242236025,,,,,,,,,,,,,,,,,,,,,,,
A_B,signal_plus_ssl_plus_signal_phenotype,precision_recall,,,1.0,0.20987654320987653,,,,,,,,,,,,,,,,,,,,,,,
A_B,signal_plus_ssl_plus_signal_phenotype,precision_recall,,,1.0,0.2085889570552147,,,,,,,,,,,,,,,,,,,,,,,
A_B,signal_plus_ssl_plus_signal_phenotype,precision_recall,,,1.0,0.2073170731707317,,,,,,,,,,,,,,,,,,,,,,,
A_B,signal_plus_ssl_plus_signal_phenotype,precision_recall,,,1.0,0.20606060606060606,,,,,,,,,,,,,,,,,,,,,,,
A_B,signal_plus_ssl_plus_signal_phenotype,precision_recall,,,1.0,0.20481927710843373,,,,,,,,,,,,,,,,,,,,,,,
C,signal_features,,,,,,auroc,0.6303475935828877,0.629339718513768,0.5254294992667086,0.728436582767078,2000.0,,,,,,,,,,,,,,,,,
C,signal_features,,,,,,auprc,0.3365609947521623,0.3521546875061651,0.2173340161299445,0.4941216453489944,2000.0,,,,,,,,,,,,,,,,,
C,ssl_embeddings,,,,,,auroc,0.5512477718360071,0.5528680499300068,0.4377028524562413,0.6611151960784314,2000.0,,,,,,,,,,,,,,,,,
C,ssl_embeddings,,,,,,auprc,0.2494845458636568,0.2686802128385183,0.1704149779867698,0.3882017409993332,2000.0,,,,,,,,,,,,,,,,,
C,signal_plus_ssl,,,,,,auroc,0.6481729055258467,0.6471343960011603,0.538559340249914,0.749147465437788,2000.0,,,,,,,,,,,,,,,,,
C,signal_plus_ssl,,,,,,auprc,0.4432108930619304,0.4499875191244661,0.2974163626233831,0.5891492752788606,2000.0,,,,,,,,,,,,,,,,,
C,signal_plus_ssl_plus_signal_phenotype,,,,,,auroc,0.6559714795008913,0.6551109777162747,0.5490079365079366,0.757695895522388,2000.0,,,,,,,,,,,,,,,,,
C,signal_plus_ssl_plus_signal_phenotype,,,,,,auprc,0.4324439681648454,0.441243448074725,0.2866637175200281,0.5876589535043436,2000.0,,,,,,,,,,,,,,,,,
D,,,,,,,auprc,,,0.0147921687665013,0.1864484277507418,2000.0,signal_plus_ssl minus signal_features,0.0978328316183011,,,,,,,,,,,,,,,
D,,,,,,,auprc,,,0.0073043136483794,0.1766181937710389,2000.0,signal_plus_ssl_plus_signal_phenotype minus signal_features,0.0890887605685599,,,,,,,,,,,,,,,
D,,,,,,,auprc,,,0.0084169820309538,0.1785800661137637,2000.0,signal_plus_ssl minus signal_plus_signal_phenotype,0.0881483428429075,,,,,,,,,,,,,,,
E,signal_features,,,,,,auprc,0.3365609947521623,0.3521546875061651,0.2173340161299445,0.4941216453489944,2000.0,,,full_features,,,,,,,,,,,,,,
E,signal_plus_ssl,,,,,,auprc,0.4432108930619304,0.4499875191244661,0.2974163626233831,0.5891492752788606,2000.0,,,full_features,,,,,,,,,,,,,,
E,signal_plus_ssl_plus_signal_phenotype,,,,,,auprc,0.4324439681648454,0.441243448074725,0.2866637175200281,0.5876589535043436,2000.0,,,full_features,,,,,,,,,,,,,,
E,signal_features,,,,,,auprc,0.3764596373965813,0.3899750727013363,0.2417583255345687,0.5493038379768708,2000.0,,,no_missingness_features,,,,,,,,,,,,,,
E,signal_plus_ssl,,,,,,auprc,0.4284440388960318,0.4348167108888431,0.2799681855375518,0.5822835250996184,2000.0,,,no_missingness_features,,,,,,,,,,,,,,
E,signal_plus_ssl_plus_signal_phenotype,,,,,,auprc,0.4319474565726369,0.4388601036222995,0.2858149775018123,0.5854890696414813,2000.0,,,no_missingness_features,,,,,,,,,,,,,,
F_features,signal_plus_ssl,,,,,,,,,,,,,,,fhr_missing_fraction,0.1641882777364192,0.0342731480821225,0.0846256684491979,0.0327393247620843,clinical_signal,FHR missing fraction,1.0,1.0,,,,,
F_features,signal_plus_ssl,,,,,,,,,,,,,,,emb_55,0.1584054472068349,0.0345524267025417,0.0701500297088532,0.0246388384419617,ssl_embedding,SSL dimension 55,2.0,2.0,,,,,
F_features,signal_plus_ssl,,,,,,,,,,,,,,,emb_32,0.1386933428112158,0.0273146106136179,0.05034165181224,0.0223851527049176,ssl_embedding,SSL dimension 32,3.0,6.0,,,,,
F_features,signal_plus_ssl,,,,,,,,,,,,,,,emb_17,0.1179445283238231,0.0317987186659372,0.0186720142602495,0.0239016956209698,ssl_embedding,SSL dimension 17,4.0,18.0,,,,,
F_features,signal_plus_ssl,,,,,,,,,,,,,,,emb_19,0.1178064519157563,0.026570118550196,0.0118612596553773,0.0315649758760622,ssl_embedding,SSL dimension 19,5.0,31.0,,,,,
F_features,signal_plus_ssl,,,,,,,,,,,,,,,emb_43,0.1004000607861992,0.0316892730709607,0.0334967320261438,0.0220725733428328,ssl_embedding,SSL dimension 43,6.0,10.0,,,,,
F_features,signal_plus_ssl,,,,,,,,,,,,,,,fhr_mean,0.0989320030496457,0.0313842607924868,0.0507501485442662,0.0162309354974694,clinical_signal,Mean FHR,7.0,5.0,,,,,
F_features,signal_plus_ssl,,,,,,,,,,,,,,,emb_18,0.088603766077886,0.0270526554569924,0.0249925727866904,0.0173943448769013,ssl_embedding,SSL dimension 18,8.0,13.0,,,,,
F_features,signal_plus_ssl,,,,,,,,,,,,,,,emb_63,0.0817781078996896,0.0321198271642438,0.0358288770053476,0.0305851201206767,ssl_embedding,SSL dimension 63,9.0,8.0,,,,,
F_features,signal_plus_ssl,,,,,,,,,,,,,,,emb_52,0.0782852792747735,0.0192552937380987,0.0111928104575163,0.0184948065884853,ssl_embedding,SSL dimension 52,10.0,32.0,,,,,
F_features,signal_plus_ssl,,,,,,,,,,,,,,,emb_26,0.0775384902155795,0.0202950638557194,0.01284165181224,0.0193730270784903,ssl_embedding,SSL dimension 26,11.0,29.0,,,,,
F_features,signal_plus_ssl,,,,,,,,,,,,,,,emb_25,0.0768601952363549,0.0222999775681126,0.0647281639928698,0.0237054554644417,ssl_embedding,SSL dimension 25,12.0,3.0,,,,,
F_family,signal_plus_ssl,,,,,,,,,,,,,,,,,,,,clinical_signal,,,,0.4874028125153057,0.0406169010429421,0.2016488413547238,0.0168040701128936,12.0
F_family,signal_plus_ssl,,,,,,,,,,,,,,,,,,,,ssl_embedding,,,,2.600260933096987,0.0406290770796404,0.7786616161616171,0.0121665877525252,64.0
F_family,signal_plus_ssl_plus_signal_phenotype,,,,,,,,,,,,,,,,,,,,clinical_signal,,,,0.3687638743753214,0.0307303228646101,0.1920603089720739,0.0160050257476728,12.0
F_family,signal_plus_ssl_plus_signal_phenotype,,,,,,,,,,,,,,,,,,,,phenotype,,,,0.023480728265159,0.023480728265159,0.0159313725490196,0.0159313725490196,1.0
F_family,signal_plus_ssl_plus_signal_phenotype,,,,,,,,,,,,,,,,,,,,ssl_embedding,,,,1.893348554509958,0.029583571164218,0.7694741532976842,0.0120230336452763,64.0
