seed,fold,encoder_route,feature_set,task,n_train,n_validation,positive_train,positive_validation,auroc,average_precision,balanced_accuracy,f1
20260521,1,random,encoder_embedding,any_tachycardia,257,129,17,12,0.715099715099715,0.36461633010546046,0.6346153846153846,0.26666666666666666
20260521,1,random,classical_signal,any_tachycardia,257,129,17,12,0.9351851851851851,0.6324459549706171,0.9027777777777777,0.6111111111111112
20260521,1,random,encoder_embedding,any_acceleration,257,129,133,54,0.6762962962962963,0.6167896649992777,0.6251851851851852,0.6031746031746031
20260521,1,random,classical_signal,any_acceleration,257,129,133,54,0.6412345679012345,0.5468845204402342,0.6296296296296295,0.5765765765765766
20260521,1,random,encoder_embedding,any_deceleration,257,129,190,94,0.7030395136778116,0.8513596222797668,0.6437689969604863,0.7777777777777778
20260521,1,random,classical_signal,any_deceleration,257,129,190,94,0.664741641337386,0.8328303129507204,0.6082066869300912,0.7457627118644068
20260521,1,random,encoder_embedding,any_deceleration_early,257,129,125,63,0.7029822029822029,0.7219848362331809,0.6363636363636364,0.6412213740458015
20260521,1,random,classical_signal,any_deceleration_early,257,129,125,63,0.732082732082732,0.700282104925766,0.6670274170274171,0.6666666666666666
20260521,1,random,encoder_embedding,any_deceleration_late,257,129,48,26,0.5776699029126213,0.25084134636621885,0.5604929051530994,0.3373493975903614
20260521,1,random,classical_signal,any_deceleration_late,257,129,48,26,0.6243465272591486,0.2599620744330846,0.6327483196415236,0.40963855421686746
20260521,1,random,encoder_embedding,any_deceleration_variable,257,129,131,65,0.6569711538461538,0.6415865758923369,0.6198317307692307,0.6370370370370371
20260521,1,random,classical_signal,any_deceleration_variable,257,129,131,65,0.684375,0.6556368213878142,0.6585336538461539,0.6764705882352942
20260521,1,random,encoder_embedding,any_deceleration_prolonged,257,129,12,7,0.5140515222482436,0.0711907176663769,0.4994145199063232,0.09090909090909091
20260521,1,random,classical_signal,any_deceleration_prolonged,257,129,12,7,0.7330210772833724,0.12929507467322596,0.6750585480093676,0.21052631578947367
20260521,1,jnu_only,encoder_embedding,any_tachycardia,257,129,17,12,0.6488603988603988,0.27469812300418284,0.6185897435897436,0.2631578947368421
20260521,1,jnu_only,classical_signal,any_tachycardia,257,129,17,12,0.9351851851851851,0.6324459549706171,0.9027777777777777,0.6111111111111112
20260521,1,jnu_only,encoder_embedding,any_acceleration,257,129,133,54,0.6362962962962964,0.5935237459459396,0.6122222222222222,0.5689655172413793
20260521,1,jnu_only,classical_signal,any_acceleration,257,129,133,54,0.6412345679012345,0.5468845204402342,0.6296296296296295,0.5765765765765766
20260521,1,jnu_only,encoder_embedding,any_deceleration,257,129,190,94,0.813677811550152,0.9250062535700636,0.7291793313069909,0.8432432432432433
20260521,1,jnu_only,classical_signal,any_deceleration,257,129,190,94,0.664741641337386,0.8328303129507204,0.6082066869300912,0.7457627118644068
20260521,1,jnu_only,encoder_embedding,any_deceleration_early,257,129,125,63,0.7041847041847042,0.7270981575119166,0.6132756132756133,0.6212121212121212
20260521,1,jnu_only,classical_signal,any_deceleration_early,257,129,125,63,0.732082732082732,0.700282104925766,0.6670274170274171,0.6666666666666666
20260521,1,jnu_only,encoder_embedding,any_deceleration_late,257,129,48,26,0.49962658700522783,0.25973439404300536,0.46433905899925315,0.23076923076923078
20260521,1,jnu_only,classical_signal,any_deceleration_late,257,129,48,26,0.6243465272591486,0.2599620744330846,0.6327483196415236,0.40963855421686746
20260521,1,jnu_only,encoder_embedding,any_deceleration_variable,257,129,131,65,0.7774038461538462,0.7826462280697795,0.6899038461538461,0.6923076923076923
20260521,1,jnu_only,classical_signal,any_deceleration_variable,257,129,131,65,0.684375,0.6556368213878142,0.6585336538461539,0.6764705882352942
20260521,1,jnu_only,encoder_embedding,any_deceleration_prolonged,257,129,12,7,0.5234192037470725,0.12908903994818408,0.4935597189695551,0.07407407407407407
20260521,1,jnu_only,classical_signal,any_deceleration_prolonged,257,129,12,7,0.7330210772833724,0.12929507467322596,0.6750585480093676,0.21052631578947367
20260521,1,jnu_asymmetric,encoder_embedding,any_tachycardia,257,129,17,12,0.6524216524216524,0.24943360859417354,0.5641025641025641,0.2
20260521,1,jnu_asymmetric,classical_signal,any_tachycardia,257,129,17,12,0.9351851851851851,0.6324459549706171,0.9027777777777777,0.6111111111111112
20260521,1,jnu_asymmetric,encoder_embedding,any_acceleration,257,129,133,54,0.6022222222222221,0.5201726337728934,0.5748148148148149,0.5483870967741935
20260521,1,jnu_asymmetric,classical_signal,any_acceleration,257,129,133,54,0.6412345679012345,0.5468845204402342,0.6296296296296295,0.5765765765765766
20260521,1,jnu_asymmetric,encoder_embedding,any_deceleration,257,129,190,94,0.670516717325228,0.8623846182444209,0.5670212765957447,0.75
20260521,1,jnu_asymmetric,classical_signal,any_deceleration,257,129,190,94,0.664741641337386,0.8328303129507204,0.6082066869300912,0.7457627118644068
20260521,1,jnu_asymmetric,encoder_embedding,any_deceleration_early,257,129,125,63,0.7481962481962481,0.8044827253550266,0.6370851370851371,0.6518518518518519
20260521,1,jnu_asymmetric,classical_signal,any_deceleration_early,257,129,125,63,0.732082732082732,0.700282104925766,0.6670274170274171,0.6666666666666666
20260521,1,jnu_asymmetric,encoder_embedding,any_deceleration_late,257,129,48,26,0.47274085138162814,0.2570270393179698,0.5076549663928305,0.27848101265822783
20260521,1,jnu_asymmetric,classical_signal,any_deceleration_late,257,129,48,26,0.6243465272591486,0.2599620744330846,0.6327483196415236,0.40963855421686746
20260521,1,jnu_asymmetric,encoder_embedding,any_deceleration_variable,257,129,131,65,0.6365384615384615,0.6536667982861813,0.5811298076923077,0.5970149253731343
20260521,1,jnu_asymmetric,classical_signal,any_deceleration_variable,257,129,131,65,0.684375,0.6556368213878142,0.6585336538461539,0.6764705882352942
20260521,1,jnu_asymmetric,encoder_embedding,any_deceleration_prolonged,257,129,12,7,0.5070257611241218,0.19464282682780798,0.44437939110070257,0.05128205128205128
20260521,1,jnu_asymmetric,classical_signal,any_deceleration_prolonged,257,129,12,7,0.7330210772833724,0.12929507467322596,0.6750585480093676,0.21052631578947367
20260521,1,ctu_only,encoder_embedding,any_tachycardia,257,129,17,12,0.7321937321937321,0.3137351882354683,0.6014957264957265,0.23809523809523808
20260521,1,ctu_only,classical_signal,any_tachycardia,257,129,17,12,0.9351851851851851,0.6324459549706171,0.9027777777777777,0.6111111111111112
20260521,1,ctu_only,encoder_embedding,any_acceleration,257,129,133,54,0.7101234567901235,0.67691746534992,0.6292592592592593,0.6016260162601627
20260521,1,ctu_only,classical_signal,any_acceleration,257,129,133,54,0.6412345679012345,0.5468845204402342,0.6296296296296295,0.5765765765765766
20260521,1,ctu_only,encoder_embedding,any_deceleration,257,129,190,94,0.6747720364741642,0.8372101897295188,0.6544072948328268,0.7912087912087912
20260521,1,ctu_only,classical_signal,any_deceleration,257,129,190,94,0.664741641337386,0.8328303129507204,0.6082066869300912,0.7457627118644068
20260521,1,ctu_only,encoder_embedding,any_deceleration_early,257,129,125,63,0.727032227032227,0.7493997247554394,0.652958152958153,0.6715328467153284
20260521,1,ctu_only,classical_signal,any_deceleration_early,257,129,125,63,0.732082732082732,0.700282104925766,0.6670274170274171,0.6666666666666666
20260521,1,ctu_only,encoder_embedding,any_deceleration_late,257,129,48,26,0.4783420463032113,0.22797142404782567,0.4594846900672143,0.22784810126582278
20260521,1,ctu_only,classical_signal,any_deceleration_late,257,129,48,26,0.6243465272591486,0.2599620744330846,0.6327483196415236,0.40963855421686746
20260521,1,ctu_only,encoder_embedding,any_deceleration_variable,257,129,131,65,0.696875,0.6867142775075284,0.6588942307692307,0.6615384615384615
20260521,1,ctu_only,classical_signal,any_deceleration_variable,257,129,131,65,0.684375,0.6556368213878142,0.6585336538461539,0.6764705882352942
20260521,1,ctu_only,encoder_embedding,any_deceleration_prolonged,257,129,12,7,0.5035128805620608,0.061549943993459894,0.4402810304449649,0.05
20260521,1,ctu_only,classical_signal,any_deceleration_prolonged,257,129,12,7,0.7330210772833724,0.12929507467322596,0.6750585480093676,0.21052631578947367
20260521,1,jnu_to_ctu,encoder_embedding,any_tachycardia,257,129,17,12,0.6844729344729346,0.3332435991685217,0.6688034188034189,0.32432432432432434
20260521,1,jnu_to_ctu,classical_signal,any_tachycardia,257,129,17,12,0.9351851851851851,0.6324459549706171,0.9027777777777777,0.6111111111111112
20260521,1,jnu_to_ctu,encoder_embedding,any_acceleration,257,129,133,54,0.6214814814814814,0.5684591861489191,0.5911111111111111,0.5357142857142857
20260521,1,jnu_to_ctu,classical_signal,any_acceleration,257,129,133,54,0.6412345679012345,0.5468845204402342,0.6296296296296295,0.5765765765765766
20260521,1,jnu_to_ctu,encoder_embedding,any_deceleration,257,129,190,94,0.7939209726443769,0.9154521417602207,0.7238601823708206,0.8369565217391305
20260521,1,jnu_to_ctu,classical_signal,any_deceleration,257,129,190,94,0.664741641337386,0.8328303129507204,0.6082066869300912,0.7457627118644068
20260521,1,jnu_to_ctu,encoder_embedding,any_deceleration_early,257,129,125,63,0.7467532467532468,0.7645523557575713,0.6522366522366523,0.6616541353383458
20260521,1,jnu_to_ctu,classical_signal,any_deceleration_early,257,129,125,63,0.732082732082732,0.700282104925766,0.6670274170274171,0.6666666666666666
20260521,1,jnu_to_ctu,encoder_embedding,any_deceleration_late,257,129,48,26,0.46938013442867815,0.22787845602424556,0.44977595220313665,0.2222222222222222
20260521,1,jnu_to_ctu,classical_signal,any_deceleration_late,257,129,48,26,0.6243465272591486,0.2599620744330846,0.6327483196415236,0.40963855421686746
20260521,1,jnu_to_ctu,encoder_embedding,any_deceleration_variable,257,129,131,65,0.7637019230769231,0.7810790710496697,0.7052884615384616,0.7121212121212122
20260521,1,jnu_to_ctu,classical_signal,any_deceleration_variable,257,129,131,65,0.684375,0.6556368213878142,0.6585336538461539,0.6764705882352942
20260521,1,jnu_to_ctu,encoder_embedding,any_deceleration_prolonged,257,129,12,7,0.48711943793911006,0.10496315237265355,0.5690866510538641,0.14814814814814814
20260521,1,jnu_to_ctu,classical_signal,any_deceleration_prolonged,257,129,12,7,0.7330210772833724,0.12929507467322596,0.6750585480093676,0.21052631578947367
20260521,2,random,encoder_embedding,any_tachycardia,257,129,16,13,0.7440318302387268,0.3031714169995672,0.6402519893899205,0.3
20260521,2,random,classical_signal,any_tachycardia,257,129,16,13,0.9774535809018567,0.83808990155144,0.9353448275862069,0.6341463414634146
20260521,2,random,encoder_embedding,any_acceleration,257,129,118,69,0.6678743961352657,0.6541465281780682,0.6032608695652174,0.6277372262773723
20260521,2,random,classical_signal,any_acceleration,257,129,118,69,0.6652173913043479,0.672040665476562,0.6025362318840579,0.5806451612903226
20260521,2,random,encoder_embedding,any_deceleration,257,129,189,95,0.7439628482972137,0.8943336754731331,0.6845201238390093,0.75
20260521,2,random,classical_signal,any_deceleration,257,129,189,95,0.7938080495356037,0.9184972486710152,0.7369969040247678,0.7421383647798742
20260521,2,random,encoder_embedding,any_deceleration_early,257,129,124,64,0.6144230769230768,0.578211424716478,0.612139423076923,0.5967741935483871
20260521,2,random,classical_signal,any_deceleration_early,257,129,124,64,0.7754807692307693,0.7475255382400954,0.6973557692307693,0.6829268292682927
20260521,2,random,encoder_embedding,any_deceleration_late,257,129,55,19,0.6564593301435406,0.3040715415183493,0.6394736842105263,0.3492063492063492
20260521,2,random,classical_signal,any_deceleration_late,257,129,55,19,0.6435406698564594,0.3127432378635042,0.5858851674641148,0.29411764705882354
20260521,2,random,encoder_embedding,any_deceleration_variable,257,129,131,65,0.5747596153846154,0.5481793430045023,0.5814903846153846,0.578125
20260521,2,random,classical_signal,any_deceleration_variable,257,129,131,65,0.6757211538461538,0.6687568527265245,0.6201923076923077,0.6201550387596899
20260521,2,random,encoder_embedding,any_deceleration_prolonged,257,129,13,6,0.3888888888888889,0.05895884261569273,0.5447154471544715,0.10526315789473684
20260521,2,random,classical_signal,any_deceleration_prolonged,257,129,13,6,0.8672086720867209,0.4993311931514179,0.8191056910569106,0.2857142857142857
20260521,2,jnu_only,encoder_embedding,any_tachycardia,257,129,16,13,0.8275862068965517,0.5470422959465382,0.7854774535809019,0.43478260869565216
20260521,2,jnu_only,classical_signal,any_tachycardia,257,129,16,13,0.9774535809018567,0.83808990155144,0.9353448275862069,0.6341463414634146
20260521,2,jnu_only,encoder_embedding,any_acceleration,257,129,118,69,0.7067632850241545,0.7594460093886297,0.631159420289855,0.6713286713286714
20260521,2,jnu_only,classical_signal,any_acceleration,257,129,118,69,0.6652173913043479,0.672040665476562,0.6025362318840579,0.5806451612903226
20260521,2,jnu_only,encoder_embedding,any_deceleration,257,129,189,95,0.8046439628482972,0.9071383286150541,0.7465944272445821,0.8181818181818182
20260521,2,jnu_only,classical_signal,any_deceleration,257,129,189,95,0.7938080495356037,0.9184972486710152,0.7369969040247678,0.7421383647798742
20260521,2,jnu_only,encoder_embedding,any_deceleration_early,257,129,124,64,0.7651442307692308,0.7458503112509185,0.7287259615384616,0.7286821705426356
20260521,2,jnu_only,classical_signal,any_deceleration_early,257,129,124,64,0.7754807692307693,0.7475255382400954,0.6973557692307693,0.6829268292682927
20260521,2,jnu_only,encoder_embedding,any_deceleration_late,257,129,55,19,0.5186602870813397,0.18695608341747175,0.5368421052631579,0.25
20260521,2,jnu_only,classical_signal,any_deceleration_late,257,129,55,19,0.6435406698564594,0.3127432378635042,0.5858851674641148,0.29411764705882354
20260521,2,jnu_only,encoder_embedding,any_deceleration_variable,257,129,131,65,0.6716346153846153,0.6361760236372076,0.6736778846153846,0.704225352112676
20260521,2,jnu_only,classical_signal,any_deceleration_variable,257,129,131,65,0.6757211538461538,0.6687568527265245,0.6201923076923077,0.6201550387596899
20260521,2,jnu_only,encoder_embedding,any_deceleration_prolonged,257,129,13,6,0.7140921409214093,0.16835777061138796,0.7235772357723578,0.21621621621621623
20260521,2,jnu_only,classical_signal,any_deceleration_prolonged,257,129,13,6,0.8672086720867209,0.4993311931514179,0.8191056910569106,0.2857142857142857
20260521,2,jnu_asymmetric,encoder_embedding,any_tachycardia,257,129,16,13,0.7738726790450928,0.35409866946047736,0.7125331564986737,0.33962264150943394
20260521,2,jnu_asymmetric,classical_signal,any_tachycardia,257,129,16,13,0.9774535809018567,0.83808990155144,0.9353448275862069,0.6341463414634146
20260521,2,jnu_asymmetric,encoder_embedding,any_acceleration,257,129,118,69,0.7166666666666668,0.7670916383684464,0.6083333333333334,0.647887323943662
20260521,2,jnu_asymmetric,classical_signal,any_acceleration,257,129,118,69,0.6652173913043479,0.672040665476562,0.6025362318840579,0.5806451612903226
20260521,2,jnu_asymmetric,encoder_embedding,any_deceleration,257,129,189,95,0.628482972136223,0.8312457925720929,0.5657894736842105,0.6976744186046512
20260521,2,jnu_asymmetric,classical_signal,any_deceleration,257,129,189,95,0.7938080495356037,0.9184972486710152,0.7369969040247678,0.7421383647798742
20260521,2,jnu_asymmetric,encoder_embedding,any_deceleration_early,257,129,124,64,0.6435096153846154,0.5660011506714907,0.5737980769230769,0.5801526717557252
20260521,2,jnu_asymmetric,classical_signal,any_deceleration_early,257,129,124,64,0.7754807692307693,0.7475255382400954,0.6973557692307693,0.6829268292682927
20260521,2,jnu_asymmetric,encoder_embedding,any_deceleration_late,257,129,55,19,0.4052631578947368,0.1218530228159222,0.4569377990430622,0.18421052631578946
20260521,2,jnu_asymmetric,classical_signal,any_deceleration_late,257,129,55,19,0.6435406698564594,0.3127432378635042,0.5858851674641148,0.29411764705882354
20260521,2,jnu_asymmetric,encoder_embedding,any_deceleration_variable,257,129,131,65,0.5918269230769231,0.6096963575966194,0.5502403846153846,0.5606060606060606
20260521,2,jnu_asymmetric,classical_signal,any_deceleration_variable,257,129,131,65,0.6757211538461538,0.6687568527265245,0.6201923076923077,0.6201550387596899
20260521,2,jnu_asymmetric,encoder_embedding,any_deceleration_prolonged,257,129,13,6,0.6490514905149052,0.1660083410386808,0.6280487804878049,0.15384615384615385
20260521,2,jnu_asymmetric,classical_signal,any_deceleration_prolonged,257,129,13,6,0.8672086720867209,0.4993311931514179,0.8191056910569106,0.2857142857142857
20260521,2,ctu_only,encoder_embedding,any_tachycardia,257,129,16,13,0.6836870026525199,0.2513322510567918,0.5719496021220158,0.2222222222222222
20260521,2,ctu_only,classical_signal,any_tachycardia,257,129,16,13,0.9774535809018567,0.83808990155144,0.9353448275862069,0.6341463414634146
20260521,2,ctu_only,encoder_embedding,any_acceleration,257,129,118,69,0.6693236714975845,0.6971441139988217,0.5989130434782609,0.6482758620689655
20260521,2,ctu_only,classical_signal,any_acceleration,257,129,118,69,0.6652173913043479,0.672040665476562,0.6025362318840579,0.5806451612903226
20260521,2,ctu_only,encoder_embedding,any_deceleration,257,129,189,95,0.7962848297213623,0.9141221037161555,0.6908668730650155,0.7745664739884393
20260521,2,ctu_only,classical_signal,any_deceleration,257,129,189,95,0.7938080495356037,0.9184972486710152,0.7369969040247678,0.7421383647798742
20260521,2,ctu_only,encoder_embedding,any_deceleration_early,257,129,124,64,0.6860576923076923,0.6642196217789808,0.6508413461538461,0.6341463414634146
20260521,2,ctu_only,classical_signal,any_deceleration_early,257,129,124,64,0.7754807692307693,0.7475255382400954,0.6973557692307693,0.6829268292682927
20260521,2,ctu_only,encoder_embedding,any_deceleration_late,257,129,55,19,0.6942583732057416,0.3380089113746815,0.6385167464114833,0.34285714285714286
20260521,2,ctu_only,classical_signal,any_deceleration_late,257,129,55,19,0.6435406698564594,0.3127432378635042,0.5858851674641148,0.29411764705882354
20260521,2,ctu_only,encoder_embedding,any_deceleration_variable,257,129,131,65,0.6129807692307693,0.6515815623049501,0.5578125,0.5777777777777777
20260521,2,ctu_only,classical_signal,any_deceleration_variable,257,129,131,65,0.6757211538461538,0.6687568527265245,0.6201923076923077,0.6201550387596899
20260521,2,ctu_only,encoder_embedding,any_deceleration_prolonged,257,129,13,6,0.470189701897019,0.06573765365581172,0.5121951219512195,0.08695652173913043
20260521,2,ctu_only,classical_signal,any_deceleration_prolonged,257,129,13,6,0.8672086720867209,0.4993311931514179,0.8191056910569106,0.2857142857142857
20260521,2,jnu_to_ctu,encoder_embedding,any_tachycardia,257,129,16,13,0.8110079575596818,0.3902662618437599,0.7639257294429709,0.39215686274509803
20260521,2,jnu_to_ctu,classical_signal,any_tachycardia,257,129,16,13,0.9774535809018567,0.83808990155144,0.9353448275862069,0.6341463414634146
20260521,2,jnu_to_ctu,encoder_embedding,any_acceleration,257,129,118,69,0.6828502415458937,0.735955762981494,0.6177536231884058,0.6474820143884892
20260521,2,jnu_to_ctu,classical_signal,any_acceleration,257,129,118,69,0.6652173913043479,0.672040665476562,0.6025362318840579,0.5806451612903226
20260521,2,jnu_to_ctu,encoder_embedding,any_deceleration,257,129,189,95,0.8126934984520124,0.916866850328966,0.7718266253869969,0.8361581920903954
20260521,2,jnu_to_ctu,classical_signal,any_deceleration,257,129,189,95,0.7938080495356037,0.9184972486710152,0.7369969040247678,0.7421383647798742
20260521,2,jnu_to_ctu,encoder_embedding,any_deceleration_early,257,129,124,64,0.7641826923076923,0.7584094847172952,0.6897836538461539,0.6825396825396826
20260521,2,jnu_to_ctu,classical_signal,any_deceleration_early,257,129,124,64,0.7754807692307693,0.7475255382400954,0.6973557692307693,0.6829268292682927
20260521,2,jnu_to_ctu,encoder_embedding,any_deceleration_late,257,129,55,19,0.5172248803827751,0.1952784245913599,0.5014354066985646,0.2191780821917808
20260521,2,jnu_to_ctu,classical_signal,any_deceleration_late,257,129,55,19,0.6435406698564594,0.3127432378635042,0.5858851674641148,0.29411764705882354
20260521,2,jnu_to_ctu,encoder_embedding,any_deceleration_variable,257,129,131,65,0.6254807692307692,0.6161905936551031,0.5650240384615385,0.6111111111111112
20260521,2,jnu_to_ctu,classical_signal,any_deceleration_variable,257,129,131,65,0.6757211538461538,0.6687568527265245,0.6201923076923077,0.6201550387596899
20260521,2,jnu_to_ctu,encoder_embedding,any_deceleration_prolonged,257,129,13,6,0.6612466124661247,0.25481001509130785,0.6361788617886179,0.16216216216216217
20260521,2,jnu_to_ctu,classical_signal,any_deceleration_prolonged,257,129,13,6,0.8672086720867209,0.4993311931514179,0.8191056910569106,0.2857142857142857
20260521,3,random,encoder_embedding,any_tachycardia,258,128,25,4,0.32056451612903225,0.02727106227106227,0.3588709677419355,0.0
20260521,3,random,classical_signal,any_tachycardia,258,128,25,4,0.9778225806451613,0.7269230769230769,0.9435483870967742,0.36363636363636365
20260521,3,random,encoder_embedding,any_acceleration,258,128,123,64,0.661865234375,0.6776664105023082,0.59375,0.5806451612903226
20260521,3,random,classical_signal,any_acceleration,258,128,123,64,0.634521484375,0.6464284103955489,0.5859375,0.5954198473282443
20260521,3,random,encoder_embedding,any_deceleration,258,128,189,95,0.6743221690590112,0.8280713924332493,0.643859649122807,0.7151515151515152
20260521,3,random,classical_signal,any_deceleration,258,128,189,95,0.6771929824561405,0.8444620842315833,0.6491228070175439,0.7228915662650602
20260521,3,random,encoder_embedding,any_deceleration_early,258,128,127,61,0.5894298996819183,0.5830661072562726,0.5622706141424028,0.5483870967741935
20260521,3,random,classical_signal,any_deceleration_early,258,128,127,61,0.7132370932224125,0.7030998189479588,0.6800831906043553,0.672
20260521,3,random,encoder_embedding,any_deceleration_late,258,128,45,29,0.5914315569487983,0.265797879330937,0.5128874956461164,0.29333333333333333
20260521,3,random,classical_signal,any_deceleration_late,258,128,45,29,0.6687565308254964,0.31342913740255945,0.6600487634970393,0.4666666666666667
20260521,3,random,encoder_embedding,any_deceleration_variable,258,128,130,66,0.6295210166177908,0.6513319905328584,0.5943304007820137,0.59375
20260521,3,random,classical_signal,any_deceleration_variable,258,128,130,66,0.6991691104594331,0.6977654753402658,0.6236559139784946,0.6470588235294118
20260521,3,random,encoder_embedding,any_deceleration_prolonged,258,128,13,6,0.5191256830601093,0.06491179169445417,0.5478142076502732,0.10810810810810811
20260521,3,random,classical_signal,any_deceleration_prolonged,258,128,13,6,0.6898907103825137,0.09756912174335042,0.639344262295082,0.16666666666666666
20260521,3,jnu_only,encoder_embedding,any_tachycardia,258,128,25,4,0.5665322580645161,0.04235861134148795,0.4112903225806452,0.0
20260521,3,jnu_only,classical_signal,any_tachycardia,258,128,25,4,0.9778225806451613,0.7269230769230769,0.9435483870967742,0.36363636363636365
20260521,3,jnu_only,encoder_embedding,any_acceleration,258,128,123,64,0.664306640625,0.6552247969707892,0.6015625,0.5853658536585366
20260521,3,jnu_only,classical_signal,any_acceleration,258,128,123,64,0.634521484375,0.6464284103955489,0.5859375,0.5954198473282443
20260521,3,jnu_only,encoder_embedding,any_deceleration,258,128,189,95,0.7173843700159489,0.8774231304679769,0.6596491228070176,0.7380952380952381
20260521,3,jnu_only,classical_signal,any_deceleration,258,128,189,95,0.6771929824561405,0.8444620842315833,0.6491228070175439,0.7228915662650602
20260521,3,jnu_only,encoder_embedding,any_deceleration_early,258,128,127,61,0.6403229752874969,0.6009661896309062,0.5884511866895032,0.5272727272727272
20260521,3,jnu_only,classical_signal,any_deceleration_early,258,128,127,61,0.7132370932224125,0.7030998189479588,0.6800831906043553,0.672
20260521,3,jnu_only,encoder_embedding,any_deceleration_late,258,128,45,29,0.5694879832810867,0.30516309326405006,0.5128874956461164,0.29333333333333333
20260521,3,jnu_only,classical_signal,any_deceleration_late,258,128,45,29,0.6687565308254964,0.31342913740255945,0.6600487634970393,0.4666666666666667
20260521,3,jnu_only,encoder_embedding,any_deceleration_variable,258,128,130,66,0.7145650048875855,0.7485494580599519,0.6564027370478983,0.6615384615384615
20260521,3,jnu_only,classical_signal,any_deceleration_variable,258,128,130,66,0.6991691104594331,0.6977654753402658,0.6236559139784946,0.6470588235294118
20260521,3,jnu_only,encoder_embedding,any_deceleration_prolonged,258,128,13,6,0.6079234972677596,0.06847626847626848,0.5683060109289617,0.125
20260521,3,jnu_only,classical_signal,any_deceleration_prolonged,258,128,13,6,0.6898907103825137,0.09756912174335042,0.639344262295082,0.16666666666666666
20260521,3,jnu_asymmetric,encoder_embedding,any_tachycardia,258,128,25,4,0.3810483870967742,0.03017659161158953,0.39919354838709675,0.0
20260521,3,jnu_asymmetric,classical_signal,any_tachycardia,258,128,25,4,0.9778225806451613,0.7269230769230769,0.9435483870967742,0.36363636363636365
20260521,3,jnu_asymmetric,encoder_embedding,any_acceleration,258,128,123,64,0.634765625,0.616978345497916,0.59375,0.5517241379310345
20260521,3,jnu_asymmetric,classical_signal,any_acceleration,258,128,123,64,0.634521484375,0.6464284103955489,0.5859375,0.5954198473282443
20260521,3,jnu_asymmetric,encoder_embedding,any_deceleration,258,128,189,95,0.6251993620414673,0.8498738606887095,0.6181818181818182,0.6951219512195121
20260521,3,jnu_asymmetric,classical_signal,any_deceleration,258,128,189,95,0.6771929824561405,0.8444620842315833,0.6491228070175439,0.7228915662650602
20260521,3,jnu_asymmetric,encoder_embedding,any_deceleration_early,258,128,127,61,0.6620993393687301,0.6707079517308325,0.542941032542207,0.49122807017543857
20260521,3,jnu_asymmetric,classical_signal,any_deceleration_early,258,128,127,61,0.7132370932224125,0.7030998189479588,0.6800831906043553,0.672
20260521,3,jnu_asymmetric,encoder_embedding,any_deceleration_late,258,128,45,29,0.5015673981191222,0.2584794398332933,0.5229885057471264,0.3013698630136986
20260521,3,jnu_asymmetric,classical_signal,any_deceleration_late,258,128,45,29,0.6687565308254964,0.31342913740255945,0.6600487634970393,0.4666666666666667
20260521,3,jnu_asymmetric,encoder_embedding,any_deceleration_variable,258,128,130,66,0.5818670576735093,0.6354879967978447,0.5696480938416422,0.5864661654135338
20260521,3,jnu_asymmetric,classical_signal,any_deceleration_variable,258,128,130,66,0.6991691104594331,0.6977654753402658,0.6236559139784946,0.6470588235294118
20260521,3,jnu_asymmetric,encoder_embedding,any_deceleration_prolonged,258,128,13,6,0.6693989071038252,0.26515083832157005,0.6762295081967213,0.2222222222222222
20260521,3,jnu_asymmetric,classical_signal,any_deceleration_prolonged,258,128,13,6,0.6898907103825137,0.09756912174335042,0.639344262295082,0.16666666666666666
20260521,3,ctu_only,encoder_embedding,any_tachycardia,258,128,25,4,0.3629032258064516,0.02944055132963537,0.3629032258064516,0.0
20260521,3,ctu_only,classical_signal,any_tachycardia,258,128,25,4,0.9778225806451613,0.7269230769230769,0.9435483870967742,0.36363636363636365
20260521,3,ctu_only,encoder_embedding,any_acceleration,258,128,123,64,0.638427734375,0.6398301970749511,0.5625,0.5483870967741935
20260521,3,ctu_only,classical_signal,any_acceleration,258,128,123,64,0.634521484375,0.6464284103955489,0.5859375,0.5954198473282443
20260521,3,ctu_only,encoder_embedding,any_deceleration,258,128,189,95,0.7071770334928229,0.8698613028630797,0.6596491228070176,0.7380952380952381
20260521,3,ctu_only,classical_signal,any_deceleration,258,128,189,95,0.6771929824561405,0.8444620842315833,0.6491228070175439,0.7228915662650602
20260521,3,ctu_only,encoder_embedding,any_deceleration_early,258,128,127,61,0.6532909224369953,0.6402312567885331,0.6301688279911916,0.5982905982905983
20260521,3,ctu_only,classical_signal,any_deceleration_early,258,128,127,61,0.7132370932224125,0.7030998189479588,0.6800831906043553,0.672
20260521,3,ctu_only,encoder_embedding,any_deceleration_late,258,128,45,29,0.5970045280390108,0.2809958863365116,0.5250783699059561,0.3116883116883117
20260521,3,ctu_only,classical_signal,any_deceleration_late,258,128,45,29,0.6687565308254964,0.31342913740255945,0.6600487634970393,0.4666666666666667
20260521,3,ctu_only,encoder_embedding,any_deceleration_variable,258,128,130,66,0.6725317693059628,0.7253043700308297,0.6114369501466275,0.5901639344262295
20260521,3,ctu_only,classical_signal,any_deceleration_variable,258,128,130,66,0.6991691104594331,0.6977654753402658,0.6236559139784946,0.6470588235294118
20260521,3,ctu_only,encoder_embedding,any_deceleration_prolonged,258,128,13,6,0.6120218579234973,0.09043974030272253,0.5314207650273224,0.0975609756097561
20260521,3,ctu_only,classical_signal,any_deceleration_prolonged,258,128,13,6,0.6898907103825137,0.09756912174335042,0.639344262295082,0.16666666666666666
20260521,3,jnu_to_ctu,encoder_embedding,any_tachycardia,258,128,25,4,0.560483870967742,0.04176573707146649,0.38306451612903225,0.0
20260521,3,jnu_to_ctu,classical_signal,any_tachycardia,258,128,25,4,0.9778225806451613,0.7269230769230769,0.9435483870967742,0.36363636363636365
20260521,3,jnu_to_ctu,encoder_embedding,any_acceleration,258,128,123,64,0.640869140625,0.6373890747924335,0.578125,0.5645161290322581
20260521,3,jnu_to_ctu,classical_signal,any_acceleration,258,128,123,64,0.634521484375,0.6464284103955489,0.5859375,0.5954198473282443
20260521,3,jnu_to_ctu,encoder_embedding,any_deceleration,258,128,189,95,0.7269537480063796,0.879484152822938,0.6701754385964912,0.7529411764705882
20260521,3,jnu_to_ctu,classical_signal,any_deceleration,258,128,189,95,0.6771929824561405,0.8444620842315833,0.6491228070175439,0.7228915662650602
20260521,3,jnu_to_ctu,encoder_embedding,any_deceleration_early,258,128,127,61,0.6302911671152435,0.5949703607698514,0.5966479080009788,0.5405405405405406
20260521,3,jnu_to_ctu,classical_signal,any_deceleration_early,258,128,127,61,0.7132370932224125,0.7030998189479588,0.6800831906043553,0.672
20260521,3,jnu_to_ctu,encoder_embedding,any_deceleration_late,258,128,45,29,0.6461163357715082,0.3731972232650633,0.5726227795193313,0.3611111111111111
20260521,3,jnu_to_ctu,classical_signal,any_deceleration_late,258,128,45,29,0.6687565308254964,0.31342913740255945,0.6600487634970393,0.4666666666666667
20260521,3,jnu_to_ctu,encoder_embedding,any_deceleration_variable,258,128,130,66,0.7328934506353861,0.7496905717119984,0.673998044965787,0.6557377049180327
20260521,3,jnu_to_ctu,classical_signal,any_deceleration_variable,258,128,130,66,0.6991691104594331,0.6977654753402658,0.6236559139784946,0.6470588235294118
20260521,3,jnu_to_ctu,encoder_embedding,any_deceleration_prolonged,258,128,13,6,0.6092896174863388,0.06893263109496647,0.4808743169398907,0.0625
20260521,3,jnu_to_ctu,classical_signal,any_deceleration_prolonged,258,128,13,6,0.6898907103825137,0.09756912174335042,0.639344262295082,0.16666666666666666
20260522,1,random,encoder_embedding,any_tachycardia,257,129,17,12,0.7086894586894587,0.20724122485408397,0.547008547008547,0.18181818181818182
20260522,1,random,classical_signal,any_tachycardia,257,129,17,12,0.9351851851851851,0.6324459549706171,0.9027777777777777,0.6111111111111112
20260522,1,random,encoder_embedding,any_acceleration,257,129,133,54,0.6819753086419754,0.627898955752141,0.6425925925925926,0.6115702479338843
20260522,1,random,classical_signal,any_acceleration,257,129,133,54,0.6412345679012345,0.5468845204402342,0.6296296296296295,0.5765765765765766
20260522,1,random,encoder_embedding,any_deceleration,257,129,190,94,0.676595744680851,0.8269891410810208,0.6544072948328268,0.7912087912087912
20260522,1,random,classical_signal,any_deceleration,257,129,190,94,0.664741641337386,0.8328303129507204,0.6082066869300912,0.7457627118644068
20260522,1,random,encoder_embedding,any_deceleration_early,257,129,125,63,0.6770081770081771,0.670041411382928,0.645021645021645,0.6617647058823529
20260522,1,random,classical_signal,any_deceleration_early,257,129,125,63,0.732082732082732,0.700282104925766,0.6670274170274171,0.6666666666666666
20260522,1,random,encoder_embedding,any_deceleration_late,257,129,48,26,0.5022404779686334,0.23203186282140859,0.49831964152352504,0.2535211267605634
20260522,1,random,classical_signal,any_deceleration_late,257,129,48,26,0.6243465272591486,0.2599620744330846,0.6327483196415236,0.40963855421686746
20260522,1,random,encoder_embedding,any_deceleration_variable,257,129,131,65,0.6375000000000001,0.6484796398191046,0.5650240384615385,0.6111111111111112
20260522,1,random,classical_signal,any_deceleration_variable,257,129,131,65,0.684375,0.6556368213878142,0.6585336538461539,0.6764705882352942
20260522,1,random,encoder_embedding,any_deceleration_prolonged,257,129,12,7,0.3981264637002342,0.052112105644019246,0.46487119437939106,0.058823529411764705
20260522,1,random,classical_signal,any_deceleration_prolonged,257,129,12,7,0.7330210772833724,0.12929507467322596,0.6750585480093676,0.21052631578947367
20260522,1,jnu_only,encoder_embedding,any_tachycardia,257,129,17,12,0.6303418803418803,0.2253561393139398,0.6431623931623931,0.27906976744186046
20260522,1,jnu_only,classical_signal,any_tachycardia,257,129,17,12,0.9351851851851851,0.6324459549706171,0.9027777777777777,0.6111111111111112
20260522,1,jnu_only,encoder_embedding,any_acceleration,257,129,133,54,0.6523456790123459,0.6156917861527132,0.6066666666666667,0.5806451612903226
20260522,1,jnu_only,classical_signal,any_acceleration,257,129,133,54,0.6412345679012345,0.5468845204402342,0.6296296296296295,0.5765765765765766
20260522,1,jnu_only,encoder_embedding,any_deceleration,257,129,190,94,0.8045592705167173,0.9179459251184225,0.738145896656535,0.8415300546448088
20260522,1,jnu_only,classical_signal,any_deceleration,257,129,190,94,0.664741641337386,0.8328303129507204,0.6082066869300912,0.7457627118644068
20260522,1,jnu_only,encoder_embedding,any_deceleration_early,257,129,125,63,0.751082251082251,0.7531431383908833,0.6994949494949495,0.7153284671532847
20260522,1,jnu_only,classical_signal,any_deceleration_early,257,129,125,63,0.732082732082732,0.700282104925766,0.6670274170274171,0.6666666666666666
20260522,1,jnu_only,encoder_embedding,any_deceleration_late,257,129,48,26,0.5212845407020165,0.2748867484668566,0.5125093353248693,0.28205128205128205
20260522,1,jnu_only,classical_signal,any_deceleration_late,257,129,48,26,0.6243465272591486,0.2599620744330846,0.6327483196415236,0.40963855421686746
20260522,1,jnu_only,encoder_embedding,any_deceleration_variable,257,129,131,65,0.7519230769230769,0.7557289610735629,0.6820913461538461,0.6870229007633588
20260522,1,jnu_only,classical_signal,any_deceleration_variable,257,129,131,65,0.684375,0.6556368213878142,0.6585336538461539,0.6764705882352942
20260522,1,jnu_only,encoder_embedding,any_deceleration_prolonged,257,129,12,7,0.5831381733021077,0.10393166671057137,0.5649882903981265,0.14285714285714285
20260522,1,jnu_only,classical_signal,any_deceleration_prolonged,257,129,12,7,0.7330210772833724,0.12929507467322596,0.6750585480093676,0.21052631578947367
20260522,1,jnu_asymmetric,encoder_embedding,any_tachycardia,257,129,17,12,0.6816239316239316,0.2127632748501328,0.6346153846153846,0.26666666666666666
20260522,1,jnu_asymmetric,classical_signal,any_tachycardia,257,129,17,12,0.9351851851851851,0.6324459549706171,0.9027777777777777,0.6111111111111112
20260522,1,jnu_asymmetric,encoder_embedding,any_acceleration,257,129,133,54,0.6575308641975307,0.629062907655302,0.6081481481481481,0.5714285714285714
20260522,1,jnu_asymmetric,classical_signal,any_acceleration,257,129,133,54,0.6412345679012345,0.5468845204402342,0.6296296296296295,0.5765765765765766
20260522,1,jnu_asymmetric,encoder_embedding,any_deceleration,257,129,190,94,0.6896656534954407,0.825582186706908,0.6437689969604863,0.7777777777777778
20260522,1,jnu_asymmetric,classical_signal,any_deceleration,257,129,190,94,0.664741641337386,0.8328303129507204,0.6082066869300912,0.7457627118644068
20260522,1,jnu_asymmetric,encoder_embedding,any_deceleration_early,257,129,125,63,0.6284271284271284,0.6263188242727736,0.6132756132756133,0.6212121212121212
20260522,1,jnu_asymmetric,classical_signal,any_deceleration_early,257,129,125,63,0.732082732082732,0.700282104925766,0.6670274170274171,0.6666666666666666
20260522,1,jnu_asymmetric,encoder_embedding,any_deceleration_late,257,129,48,26,0.4865571321882002,0.2042257575168335,0.4831964152352502,0.2696629213483146
20260522,1,jnu_asymmetric,classical_signal,any_deceleration_late,257,129,48,26,0.6243465272591486,0.2599620744330846,0.6327483196415236,0.40963855421686746
20260522,1,jnu_asymmetric,encoder_embedding,any_deceleration_variable,257,129,131,65,0.609375,0.6138657103881613,0.5657451923076924,0.5757575757575758
20260522,1,jnu_asymmetric,classical_signal,any_deceleration_variable,257,129,131,65,0.684375,0.6556368213878142,0.6585336538461539,0.6764705882352942
20260522,1,jnu_asymmetric,encoder_embedding,any_deceleration_prolonged,257,129,12,7,0.47423887587822017,0.054773740072743396,0.38524590163934425,0.0
20260522,1,jnu_asymmetric,classical_signal,any_deceleration_prolonged,257,129,12,7,0.7330210772833724,0.12929507467322596,0.6750585480093676,0.21052631578947367
20260522,1,ctu_only,encoder_embedding,any_tachycardia,257,129,17,12,0.7813390313390314,0.3200327424553431,0.7350427350427351,0.37209302325581395
20260522,1,ctu_only,classical_signal,any_tachycardia,257,129,17,12,0.9351851851851851,0.6324459549706171,0.9027777777777777,0.6111111111111112
20260522,1,ctu_only,encoder_embedding,any_acceleration,257,129,133,54,0.6898765432098766,0.6494074235578204,0.6266666666666667,0.5950413223140496
20260522,1,ctu_only,classical_signal,any_acceleration,257,129,133,54,0.6412345679012345,0.5468845204402342,0.6296296296296295,0.5765765765765766
20260522,1,ctu_only,encoder_embedding,any_deceleration,257,129,190,94,0.7279635258358662,0.8778389664932889,0.6919452887537993,0.797752808988764
20260522,1,ctu_only,classical_signal,any_deceleration,257,129,190,94,0.664741641337386,0.8328303129507204,0.6082066869300912,0.7457627118644068
20260522,1,ctu_only,encoder_embedding,any_deceleration_early,257,129,125,63,0.6628186628186629,0.6839620079237299,0.6287878787878788,0.6363636363636364
20260522,1,ctu_only,classical_signal,any_deceleration_early,257,129,125,63,0.732082732082732,0.700282104925766,0.6670274170274171,0.6666666666666666
20260522,1,ctu_only,encoder_embedding,any_deceleration_late,257,129,48,26,0.5100821508588499,0.24205815431072084,0.49813293502613887,0.2631578947368421
20260522,1,ctu_only,classical_signal,any_deceleration_late,257,129,48,26,0.6243465272591486,0.2599620744330846,0.6327483196415236,0.40963855421686746
20260522,1,ctu_only,encoder_embedding,any_deceleration_variable,257,129,131,65,0.7391826923076923,0.7229556525391695,0.6819711538461539,0.6917293233082706
20260522,1,ctu_only,classical_signal,any_deceleration_variable,257,129,131,65,0.684375,0.6556368213878142,0.6585336538461539,0.6764705882352942
20260522,1,ctu_only,encoder_embedding,any_deceleration_prolonged,257,129,12,7,0.43559718969555034,0.05133546949403727,0.38934426229508196,0.0
20260522,1,ctu_only,classical_signal,any_deceleration_prolonged,257,129,12,7,0.7330210772833724,0.12929507467322596,0.6750585480093676,0.21052631578947367
20260522,1,jnu_to_ctu,encoder_embedding,any_tachycardia,257,129,17,12,0.6317663817663817,0.23032464368114514,0.6388888888888888,0.2727272727272727
20260522,1,jnu_to_ctu,classical_signal,any_tachycardia,257,129,17,12,0.9351851851851851,0.6324459549706171,0.9027777777777777,0.6111111111111112
20260522,1,jnu_to_ctu,encoder_embedding,any_acceleration,257,129,133,54,0.6599999999999999,0.6347712558709735,0.6133333333333333,0.5853658536585366
20260522,1,jnu_to_ctu,classical_signal,any_acceleration,257,129,133,54,0.6412345679012345,0.5468845204402342,0.6296296296296295,0.5765765765765766
20260522,1,jnu_to_ctu,encoder_embedding,any_deceleration,257,129,190,94,0.8276595744680851,0.9327683379299581,0.7202127659574469,0.8449197860962567
20260522,1,jnu_to_ctu,classical_signal,any_deceleration,257,129,190,94,0.664741641337386,0.8328303129507204,0.6082066869300912,0.7457627118644068
20260522,1,jnu_to_ctu,encoder_embedding,any_deceleration_early,257,129,125,63,0.7643097643097643,0.7595489229015926,0.6998556998556998,0.7194244604316546
20260522,1,jnu_to_ctu,classical_signal,any_deceleration_early,257,129,125,63,0.732082732082732,0.700282104925766,0.6670274170274171,0.6666666666666666
20260522,1,jnu_to_ctu,encoder_embedding,any_deceleration_late,257,129,48,26,0.5436893203883495,0.2797699133285838,0.5125093353248693,0.28205128205128205
20260522,1,jnu_to_ctu,classical_signal,any_deceleration_late,257,129,48,26,0.6243465272591486,0.2599620744330846,0.6327483196415236,0.40963855421686746
20260522,1,jnu_to_ctu,encoder_embedding,any_deceleration_variable,257,129,131,65,0.7610576923076924,0.788100184949718,0.6818509615384616,0.6962962962962963
20260522,1,jnu_to_ctu,classical_signal,any_deceleration_variable,257,129,131,65,0.684375,0.6556368213878142,0.6585336538461539,0.6764705882352942
20260522,1,jnu_to_ctu,encoder_embedding,any_deceleration_prolonged,257,129,12,7,0.550351288056206,0.11534672943923693,0.5322014051522248,0.1111111111111111
20260522,1,jnu_to_ctu,classical_signal,any_deceleration_prolonged,257,129,12,7,0.7330210772833724,0.12929507467322596,0.6750585480093676,0.21052631578947367
20260522,2,random,encoder_embedding,any_tachycardia,257,129,16,13,0.7679045092838197,0.3459354852490368,0.6999336870026525,0.34782608695652173
20260522,2,random,classical_signal,any_tachycardia,257,129,16,13,0.9774535809018567,0.83808990155144,0.9353448275862069,0.6341463414634146
20260522,2,random,encoder_embedding,any_acceleration,257,129,118,69,0.6980676328502416,0.6936847818924512,0.6260869565217391,0.6521739130434783
20260522,2,random,classical_signal,any_acceleration,257,129,118,69,0.6652173913043479,0.672040665476562,0.6025362318840579,0.5806451612903226
20260522,2,random,encoder_embedding,any_deceleration,257,129,189,95,0.780185758513932,0.8946548500737271,0.7496904024767801,0.7928994082840237
20260522,2,random,classical_signal,any_deceleration,257,129,189,95,0.7938080495356037,0.9184972486710152,0.7369969040247678,0.7421383647798742
20260522,2,random,encoder_embedding,any_deceleration_early,257,129,124,64,0.6605769230769231,0.6419214312200802,0.5889423076923077,0.576
20260522,2,random,classical_signal,any_deceleration_early,257,129,124,64,0.7754807692307693,0.7475255382400954,0.6973557692307693,0.6829268292682927
20260522,2,random,encoder_embedding,any_deceleration_late,257,129,55,19,0.615311004784689,0.32470376287670655,0.5813397129186603,0.2898550724637681
20260522,2,random,classical_signal,any_deceleration_late,257,129,55,19,0.6435406698564594,0.3127432378635042,0.5858851674641148,0.29411764705882354
20260522,2,random,encoder_embedding,any_deceleration_variable,257,129,131,65,0.6831730769230769,0.6923561813411416,0.6743990384615385,0.676923076923077
20260522,2,random,classical_signal,any_deceleration_variable,257,129,131,65,0.6757211538461538,0.6687568527265245,0.6201923076923077,0.6201550387596899
20260522,2,random,encoder_embedding,any_deceleration_prolonged,257,129,13,6,0.4972899728997289,0.056392286393182875,0.532520325203252,0.0975609756097561
20260522,2,random,classical_signal,any_deceleration_prolonged,257,129,13,6,0.8672086720867209,0.4993311931514179,0.8191056910569106,0.2857142857142857
20260522,2,jnu_only,encoder_embedding,any_tachycardia,257,129,16,13,0.8242705570291777,0.4936699364665466,0.7297745358090186,0.3673469387755102
20260522,2,jnu_only,classical_signal,any_tachycardia,257,129,16,13,0.9774535809018567,0.83808990155144,0.9353448275862069,0.6341463414634146
20260522,2,jnu_only,encoder_embedding,any_acceleration,257,129,118,69,0.7125603864734299,0.743094129704413,0.6282608695652174,0.6417910447761194
20260522,2,jnu_only,classical_signal,any_acceleration,257,129,118,69,0.6652173913043479,0.672040665476562,0.6025362318840579,0.5806451612903226
20260522,2,jnu_only,encoder_embedding,any_deceleration,257,129,189,95,0.8095975232198142,0.9064408941978903,0.7360681114551084,0.8045977011494253
20260522,2,jnu_only,classical_signal,any_deceleration,257,129,189,95,0.7938080495356037,0.9184972486710152,0.7369969040247678,0.7421383647798742
20260522,2,jnu_only,encoder_embedding,any_deceleration_early,257,129,124,64,0.7555288461538462,0.7327460896763689,0.6664663461538461,0.656
20260522,2,jnu_only,classical_signal,any_deceleration_early,257,129,124,64,0.7754807692307693,0.7475255382400954,0.6973557692307693,0.6829268292682927
20260522,2,jnu_only,encoder_embedding,any_deceleration_late,257,129,55,19,0.4947368421052632,0.1597224896384718,0.5332535885167464,0.24242424242424243
20260522,2,jnu_only,classical_signal,any_deceleration_late,257,129,55,19,0.6435406698564594,0.3127432378635042,0.5858851674641148,0.29411764705882354
20260522,2,jnu_only,encoder_embedding,any_deceleration_variable,257,129,131,65,0.6235576923076922,0.6300448805726715,0.5885817307692307,0.6187050359712231
20260522,2,jnu_only,classical_signal,any_deceleration_variable,257,129,131,65,0.6757211538461538,0.6687568527265245,0.6201923076923077,0.6201550387596899
20260522,2,jnu_only,encoder_embedding,any_deceleration_prolonged,257,129,13,6,0.7398373983739838,0.1848573668913499,0.6991869918699187,0.18604651162790697
20260522,2,jnu_only,classical_signal,any_deceleration_prolonged,257,129,13,6,0.8672086720867209,0.4993311931514179,0.8191056910569106,0.2857142857142857
20260522,2,jnu_asymmetric,encoder_embedding,any_tachycardia,257,129,16,13,0.7460212201591512,0.3443746607250211,0.6187002652519894,0.26666666666666666
20260522,2,jnu_asymmetric,classical_signal,any_tachycardia,257,129,16,13,0.9774535809018567,0.83808990155144,0.9353448275862069,0.6341463414634146
20260522,2,jnu_asymmetric,encoder_embedding,any_acceleration,257,129,118,69,0.6379227053140096,0.6576511778126488,0.557608695652174,0.5777777777777777
20260522,2,jnu_asymmetric,classical_signal,any_acceleration,257,129,118,69,0.6652173913043479,0.672040665476562,0.6025362318840579,0.5806451612903226
20260522,2,jnu_asymmetric,encoder_embedding,any_deceleration,257,129,189,95,0.6798761609907121,0.8554859567981996,0.626780185758514,0.75
20260522,2,jnu_asymmetric,classical_signal,any_deceleration,257,129,189,95,0.7938080495356037,0.9184972486710152,0.7369969040247678,0.7421383647798742
20260522,2,jnu_asymmetric,encoder_embedding,any_deceleration_early,257,129,124,64,0.6288461538461538,0.6400678113317061,0.596875,0.59375
20260522,2,jnu_asymmetric,classical_signal,any_deceleration_early,257,129,124,64,0.7754807692307693,0.7475255382400954,0.6973557692307693,0.6829268292682927
20260522,2,jnu_asymmetric,encoder_embedding,any_deceleration_late,257,129,55,19,0.5593301435406699,0.2632674455480823,0.5241626794258374,0.23529411764705882
20260522,2,jnu_asymmetric,classical_signal,any_deceleration_late,257,129,55,19,0.6435406698564594,0.3127432378635042,0.5858851674641148,0.29411764705882354
20260522,2,jnu_asymmetric,encoder_embedding,any_deceleration_variable,257,129,131,65,0.5798076923076922,0.606332818797254,0.5425480769230769,0.549618320610687
20260522,2,jnu_asymmetric,classical_signal,any_deceleration_variable,257,129,131,65,0.6757211538461538,0.6687568527265245,0.6201923076923077,0.6201550387596899
20260522,2,jnu_asymmetric,encoder_embedding,any_deceleration_prolonged,257,129,13,6,0.6829268292682927,0.25365345731478456,0.6951219512195121,0.18181818181818182
20260522,2,jnu_asymmetric,classical_signal,any_deceleration_prolonged,257,129,13,6,0.8672086720867209,0.4993311931514179,0.8191056910569106,0.2857142857142857
20260522,2,ctu_only,encoder_embedding,any_tachycardia,257,129,16,13,0.8255968169761274,0.3011369266507248,0.789787798408488,0.4444444444444444
20260522,2,ctu_only,classical_signal,any_tachycardia,257,129,16,13,0.9774535809018567,0.83808990155144,0.9353448275862069,0.6341463414634146
20260522,2,ctu_only,encoder_embedding,any_acceleration,257,129,118,69,0.745169082125604,0.7511725352179497,0.6789855072463769,0.7092198581560284
20260522,2,ctu_only,classical_signal,any_acceleration,257,129,118,69,0.6652173913043479,0.672040665476562,0.6025362318840579,0.5806451612903226
20260522,2,ctu_only,encoder_embedding,any_deceleration,257,129,189,95,0.7743034055727553,0.9101523857445524,0.6961300309597523,0.7816091954022989
20260522,2,ctu_only,classical_signal,any_deceleration,257,129,189,95,0.7938080495356037,0.9184972486710152,0.7369969040247678,0.7421383647798742
20260522,2,ctu_only,encoder_embedding,any_deceleration_early,257,129,124,64,0.6927884615384615,0.6881711106984383,0.6120192307692307,0.5901639344262295
20260522,2,ctu_only,classical_signal,any_deceleration_early,257,129,124,64,0.7754807692307693,0.7475255382400954,0.6973557692307693,0.6829268292682927
20260522,2,ctu_only,encoder_embedding,any_deceleration_late,257,129,55,19,0.5062200956937799,0.17287448473434822,0.4978468899521531,0.208955223880597
20260522,2,ctu_only,classical_signal,any_deceleration_late,257,129,55,19,0.6435406698564594,0.3127432378635042,0.5858851674641148,0.29411764705882354
20260522,2,ctu_only,encoder_embedding,any_deceleration_variable,257,129,131,65,0.6346153846153846,0.6738028192827763,0.5961538461538461,0.6338028169014085
20260522,2,ctu_only,classical_signal,any_deceleration_variable,257,129,131,65,0.6757211538461538,0.6687568527265245,0.6201923076923077,0.6201550387596899
20260522,2,ctu_only,encoder_embedding,any_deceleration_prolonged,257,129,13,6,0.40379403794037944,0.062066818431146954,0.532520325203252,0.0975609756097561
20260522,2,ctu_only,classical_signal,any_deceleration_prolonged,257,129,13,6,0.8672086720867209,0.4993311931514179,0.8191056910569106,0.2857142857142857
20260522,2,jnu_to_ctu,encoder_embedding,any_tachycardia,257,129,16,13,0.8362068965517242,0.4456609329033986,0.738395225464191,0.3829787234042553
20260522,2,jnu_to_ctu,classical_signal,any_tachycardia,257,129,16,13,0.9774535809018567,0.83808990155144,0.9353448275862069,0.6341463414634146
20260522,2,jnu_to_ctu,encoder_embedding,any_acceleration,257,129,118,69,0.717391304347826,0.7407536616475379,0.6467391304347827,0.6853146853146853
20260522,2,jnu_to_ctu,classical_signal,any_acceleration,257,129,118,69,0.6652173913043479,0.672040665476562,0.6025362318840579,0.5806451612903226
20260522,2,jnu_to_ctu,encoder_embedding,any_deceleration,257,129,189,95,0.8405572755417957,0.9289029255407415,0.754953560371517,0.8
20260522,2,jnu_to_ctu,classical_signal,any_deceleration,257,129,189,95,0.7938080495356037,0.9184972486710152,0.7369969040247678,0.7421383647798742
20260522,2,jnu_to_ctu,encoder_embedding,any_deceleration_early,257,129,124,64,0.7961538461538461,0.7694553317705363,0.6972355769230769,0.6776859504132231
20260522,2,jnu_to_ctu,classical_signal,any_deceleration_early,257,129,124,64,0.7754807692307693,0.7475255382400954,0.6973557692307693,0.6829268292682927
20260522,2,jnu_to_ctu,encoder_embedding,any_deceleration_late,257,129,55,19,0.5220095693779904,0.17643601021032349,0.5459330143540669,0.2571428571428571
20260522,2,jnu_to_ctu,classical_signal,any_deceleration_late,257,129,55,19,0.6435406698564594,0.3127432378635042,0.5858851674641148,0.29411764705882354
20260522,2,jnu_to_ctu,encoder_embedding,any_deceleration_variable,257,129,131,65,0.6379807692307693,0.6379737103258558,0.6197115384615385,0.6423357664233577
20260522,2,jnu_to_ctu,classical_signal,any_deceleration_variable,257,129,131,65,0.6757211538461538,0.6687568527265245,0.6201923076923077,0.6201550387596899
20260522,2,jnu_to_ctu,encoder_embedding,any_deceleration_prolonged,257,129,13,6,0.7303523035230353,0.26383061383061385,0.6361788617886179,0.16216216216216217
20260522,2,jnu_to_ctu,classical_signal,any_deceleration_prolonged,257,129,13,6,0.8672086720867209,0.4993311931514179,0.8191056910569106,0.2857142857142857
20260522,3,random,encoder_embedding,any_tachycardia,258,128,25,4,0.22983870967741934,0.024172756981580508,0.3467741935483871,0.0
20260522,3,random,classical_signal,any_tachycardia,258,128,25,4,0.9778225806451613,0.7269230769230769,0.9435483870967742,0.36363636363636365
20260522,3,random,encoder_embedding,any_acceleration,258,128,123,64,0.642822265625,0.6182412491630347,0.609375,0.5967741935483871
20260522,3,random,classical_signal,any_acceleration,258,128,123,64,0.634521484375,0.6464284103955489,0.5859375,0.5954198473282443
20260522,3,random,encoder_embedding,any_deceleration,258,128,189,95,0.6864433811802233,0.851373892455871,0.6807017543859649,0.7674418604651163
20260522,3,random,classical_signal,any_deceleration,258,128,189,95,0.6771929824561405,0.8444620842315833,0.6491228070175439,0.7228915662650602
20260522,3,random,encoder_embedding,any_deceleration_early,258,128,127,61,0.6263763151455836,0.6312269808723082,0.5757279177881087,0.5423728813559322
20260522,3,random,classical_signal,any_deceleration_early,258,128,127,61,0.7132370932224125,0.7030998189479588,0.6800831906043553,0.672
20260522,3,random,encoder_embedding,any_deceleration_late,258,128,45,29,0.4771856495994427,0.20950516243218203,0.4662138627655869,0.22535211267605634
20260522,3,random,classical_signal,any_deceleration_late,258,128,45,29,0.6687565308254964,0.31342913740255945,0.6600487634970393,0.4666666666666667
20260522,3,random,encoder_embedding,any_deceleration_variable,258,128,130,66,0.6219452590420331,0.6600424921744517,0.554496578690127,0.5648854961832062
20260522,3,random,classical_signal,any_deceleration_variable,258,128,130,66,0.6991691104594331,0.6977654753402658,0.6236559139784946,0.6470588235294118
20260522,3,random,encoder_embedding,any_deceleration_prolonged,258,128,13,6,0.4986338797814207,0.06286409814945942,0.476775956284153,0.06060606060606061
20260522,3,random,classical_signal,any_deceleration_prolonged,258,128,13,6,0.6898907103825137,0.09756912174335042,0.639344262295082,0.16666666666666666
20260522,3,jnu_only,encoder_embedding,any_tachycardia,258,128,25,4,0.592741935483871,0.04662569087097389,0.40725806451612906,0.0
20260522,3,jnu_only,classical_signal,any_tachycardia,258,128,25,4,0.9778225806451613,0.7269230769230769,0.9435483870967742,0.36363636363636365
20260522,3,jnu_only,encoder_embedding,any_acceleration,258,128,123,64,0.641357421875,0.6091752233334948,0.5859375,0.576
20260522,3,jnu_only,classical_signal,any_acceleration,258,128,123,64,0.634521484375,0.6464284103955489,0.5859375,0.5954198473282443
20260522,3,jnu_only,encoder_embedding,any_deceleration,258,128,189,95,0.6925039872408294,0.8648354450313981,0.6543859649122807,0.7305389221556886
20260522,3,jnu_only,classical_signal,any_deceleration,258,128,189,95,0.6771929824561405,0.8444620842315833,0.6491228070175439,0.7228915662650602
20260522,3,jnu_only,encoder_embedding,any_deceleration_early,258,128,127,61,0.6425250795204307,0.6193648255536292,0.6026425250795204,0.5283018867924528
20260522,3,jnu_only,classical_signal,any_deceleration_early,258,128,127,61,0.7132370932224125,0.7030998189479588,0.6800831906043553,0.672
20260522,3,jnu_only,encoder_embedding,any_deceleration_late,258,128,45,29,0.5795889933820968,0.2914570832835265,0.5553814002089864,0.3380281690140845
20260522,3,jnu_only,classical_signal,any_deceleration_late,258,128,45,29,0.6687565308254964,0.31342913740255945,0.6600487634970393,0.4666666666666667
20260522,3,jnu_only,encoder_embedding,any_deceleration_variable,258,128,130,66,0.7143206256109482,0.733301746524367,0.6810850439882699,0.672
20260522,3,jnu_only,classical_signal,any_deceleration_variable,258,128,130,66,0.6991691104594331,0.6977654753402658,0.6236559139784946,0.6470588235294118
20260522,3,jnu_only,encoder_embedding,any_deceleration_prolonged,258,128,13,6,0.5819672131147541,0.06728563532687243,0.5560109289617486,0.11428571428571428
20260522,3,jnu_only,classical_signal,any_deceleration_prolonged,258,128,13,6,0.6898907103825137,0.09756912174335042,0.639344262295082,0.16666666666666666
20260522,3,jnu_asymmetric,encoder_embedding,any_tachycardia,258,128,25,4,0.564516129032258,0.048566573613302584,0.4112903225806452,0.0
20260522,3,jnu_asymmetric,classical_signal,any_tachycardia,258,128,25,4,0.9778225806451613,0.7269230769230769,0.9435483870967742,0.36363636363636365
20260522,3,jnu_asymmetric,encoder_embedding,any_acceleration,258,128,123,64,0.6103515625,0.6128117187540245,0.5625,0.5483870967741935
20260522,3,jnu_asymmetric,classical_signal,any_acceleration,258,128,123,64,0.634521484375,0.6464284103955489,0.5859375,0.5954198473282443
20260522,3,jnu_asymmetric,encoder_embedding,any_deceleration,258,128,189,95,0.6073365231259968,0.8423400012298254,0.5727272727272728,0.6826347305389222
20260522,3,jnu_asymmetric,classical_signal,any_deceleration,258,128,189,95,0.6771929824561405,0.8444620842315833,0.6491228070175439,0.7228915662650602
20260522,3,jnu_asymmetric,encoder_embedding,any_deceleration_early,258,128,127,61,0.6119402985074627,0.5943145359513418,0.5302177636408123,0.5081967213114754
20260522,3,jnu_asymmetric,classical_signal,any_deceleration_early,258,128,127,61,0.7132370932224125,0.7030998189479588,0.6800831906043553,0.672
20260522,3,jnu_asymmetric,encoder_embedding,any_deceleration_late,258,128,45,29,0.5189829327760362,0.30073979532887724,0.4935562521769419,0.2571428571428571
20260522,3,jnu_asymmetric,classical_signal,any_deceleration_late,258,128,45,29,0.6687565308254964,0.31342913740255945,0.6600487634970393,0.4666666666666667
20260522,3,jnu_asymmetric,encoder_embedding,any_deceleration_variable,258,128,130,66,0.5725806451612903,0.6160930230475232,0.5413000977517106,0.512396694214876
20260522,3,jnu_asymmetric,classical_signal,any_deceleration_variable,258,128,130,66,0.6991691104594331,0.6977654753402658,0.6236559139784946,0.6470588235294118
20260522,3,jnu_asymmetric,encoder_embedding,any_deceleration_prolonged,258,128,13,6,0.6010928961748634,0.11768654575790297,0.5519125683060109,0.1111111111111111
20260522,3,jnu_asymmetric,classical_signal,any_deceleration_prolonged,258,128,13,6,0.6898907103825137,0.09756912174335042,0.639344262295082,0.16666666666666666
20260522,3,ctu_only,encoder_embedding,any_tachycardia,258,128,25,4,0.407258064516129,0.03647800752613298,0.5080645161290323,0.058823529411764705
20260522,3,ctu_only,classical_signal,any_tachycardia,258,128,25,4,0.9778225806451613,0.7269230769230769,0.9435483870967742,0.36363636363636365
20260522,3,ctu_only,encoder_embedding,any_acceleration,258,128,123,64,0.656005859375,0.6252341889046162,0.6328125,0.6299212598425197
20260522,3,ctu_only,classical_signal,any_acceleration,258,128,123,64,0.634521484375,0.6464284103955489,0.5859375,0.5954198473282443
20260522,3,ctu_only,encoder_embedding,any_deceleration,258,128,189,95,0.7390749601275917,0.8801392800969494,0.6701754385964912,0.7529411764705882
20260522,3,ctu_only,classical_signal,any_deceleration,258,128,189,95,0.6771929824561405,0.8444620842315833,0.6491228070175439,0.7228915662650602
20260522,3,ctu_only,encoder_embedding,any_deceleration_early,258,128,127,61,0.6400782970393931,0.6036923997392888,0.6070467335453877,0.576271186440678
20260522,3,ctu_only,classical_signal,any_deceleration_early,258,128,127,61,0.7132370932224125,0.7030998189479588,0.6800831906043553,0.672
20260522,3,ctu_only,encoder_embedding,any_deceleration_late,258,128,45,29,0.546151166840822,0.2511710002408277,0.5271682340647859,0.32098765432098764
20260522,3,ctu_only,classical_signal,any_deceleration_late,258,128,45,29,0.6687565308254964,0.31342913740255945,0.6600487634970393,0.4666666666666667
20260522,3,ctu_only,encoder_embedding,any_deceleration_variable,258,128,130,66,0.6810850439882697,0.7109608332320276,0.6422287390029326,0.6290322580645161
20260522,3,ctu_only,classical_signal,any_deceleration_variable,258,128,130,66,0.6991691104594331,0.6977654753402658,0.6236559139784946,0.6470588235294118
20260522,3,ctu_only,encoder_embedding,any_deceleration_prolonged,258,128,13,6,0.5081967213114754,0.1280566438818243,0.4808743169398907,0.0625
20260522,3,ctu_only,classical_signal,any_deceleration_prolonged,258,128,13,6,0.6898907103825137,0.09756912174335042,0.639344262295082,0.16666666666666666
20260522,3,jnu_to_ctu,encoder_embedding,any_tachycardia,258,128,25,4,0.6129032258064516,0.05081699346405229,0.5,0.05555555555555555
20260522,3,jnu_to_ctu,classical_signal,any_tachycardia,258,128,25,4,0.9778225806451613,0.7269230769230769,0.9435483870967742,0.36363636363636365
20260522,3,jnu_to_ctu,encoder_embedding,any_acceleration,258,128,123,64,0.644287109375,0.616143915592444,0.5546875,0.544
20260522,3,jnu_to_ctu,classical_signal,any_acceleration,258,128,123,64,0.634521484375,0.6464284103955489,0.5859375,0.5954198473282443
20260522,3,jnu_to_ctu,encoder_embedding,any_deceleration,258,128,189,95,0.7196172248803828,0.8797626485954395,0.664274322169059,0.7272727272727273
20260522,3,jnu_to_ctu,classical_signal,any_deceleration,258,128,189,95,0.6771929824561405,0.8444620842315833,0.6491228070175439,0.7228915662650602
20260522,3,jnu_to_ctu,encoder_embedding,any_deceleration_early,258,128,127,61,0.6711524345485687,0.6340695796429294,0.6354294103254221,0.5818181818181818
20260522,3,jnu_to_ctu,classical_signal,any_deceleration_early,258,128,127,61,0.7132370932224125,0.7030998189479588,0.6800831906043553,0.672
20260522,3,jnu_to_ctu,encoder_embedding,any_deceleration_late,258,128,45,29,0.584813653779171,0.31387572654710366,0.5280390107976315,0.3055555555555556
20260522,3,jnu_to_ctu,classical_signal,any_deceleration_late,258,128,45,29,0.6687565308254964,0.31342913740255945,0.6600487634970393,0.4666666666666667
20260522,3,jnu_to_ctu,encoder_embedding,any_deceleration_variable,258,128,130,66,0.7162756598240468,0.7318893022047123,0.6886608015640274,0.6825396825396826
20260522,3,jnu_to_ctu,classical_signal,any_deceleration_variable,258,128,130,66,0.6991691104594331,0.6977654753402658,0.6236559139784946,0.6470588235294118
20260522,3,jnu_to_ctu,encoder_embedding,any_deceleration_prolonged,258,128,13,6,0.5601092896174863,0.0629877411139888,0.505464480874317,0.07692307692307693
20260522,3,jnu_to_ctu,classical_signal,any_deceleration_prolonged,258,128,13,6,0.6898907103825137,0.09756912174335042,0.639344262295082,0.16666666666666666
20260523,1,random,encoder_embedding,any_tachycardia,257,129,17,12,0.7314814814814814,0.36044854503922275,0.6848290598290598,0.3181818181818182
20260523,1,random,classical_signal,any_tachycardia,257,129,17,12,0.9351851851851851,0.6324459549706171,0.9027777777777777,0.6111111111111112
20260523,1,random,encoder_embedding,any_acceleration,257,129,133,54,0.7130864197530864,0.6378942334153408,0.6585185185185185,0.628099173553719
20260523,1,random,classical_signal,any_acceleration,257,129,133,54,0.6412345679012345,0.5468845204402342,0.6296296296296295,0.5765765765765766
20260523,1,random,encoder_embedding,any_deceleration,257,129,190,94,0.7118541033434651,0.837399827762223,0.6544072948328268,0.7912087912087912
20260523,1,random,classical_signal,any_deceleration,257,129,190,94,0.664741641337386,0.8328303129507204,0.6082066869300912,0.7457627118644068
20260523,1,random,encoder_embedding,any_deceleration_early,257,129,125,63,0.7118807118807119,0.7053273067811592,0.6608946608946609,0.6811594202898551
20260523,1,random,classical_signal,any_deceleration_early,257,129,125,63,0.732082732082732,0.700282104925766,0.6670274170274171,0.6666666666666666
20260523,1,random,encoder_embedding,any_deceleration_late,257,129,48,26,0.5085884988797611,0.20899043494458303,0.5126960418222555,0.273972602739726
20260523,1,random,classical_signal,any_deceleration_late,257,129,48,26,0.6243465272591486,0.2599620744330846,0.6327483196415236,0.40963855421686746
20260523,1,random,encoder_embedding,any_deceleration_variable,257,129,131,65,0.6762019230769232,0.6493161030285842,0.6588942307692307,0.6615384615384615
20260523,1,random,classical_signal,any_deceleration_variable,257,129,131,65,0.684375,0.6556368213878142,0.6585336538461539,0.6764705882352942
20260523,1,random,encoder_embedding,any_deceleration_prolonged,257,129,12,7,0.4824355971896955,0.10157193401395455,0.5485948477751756,0.125
20260523,1,random,classical_signal,any_deceleration_prolonged,257,129,12,7,0.7330210772833724,0.12929507467322596,0.6750585480093676,0.21052631578947367
20260523,1,jnu_only,encoder_embedding,any_tachycardia,257,129,17,12,0.6032763532763533,0.24819348742131297,0.6228632478632479,0.2702702702702703
20260523,1,jnu_only,classical_signal,any_tachycardia,257,129,17,12,0.9351851851851851,0.6324459549706171,0.9027777777777777,0.6111111111111112
20260523,1,jnu_only,encoder_embedding,any_acceleration,257,129,133,54,0.6407407407407407,0.6090675793730452,0.5911111111111111,0.5357142857142857
20260523,1,jnu_only,classical_signal,any_acceleration,257,129,133,54,0.6412345679012345,0.5468845204402342,0.6296296296296295,0.5765765765765766
20260523,1,jnu_only,encoder_embedding,any_deceleration,257,129,190,94,0.7996960486322188,0.9118422294806895,0.7115501519756839,0.8089887640449438
20260523,1,jnu_only,classical_signal,any_deceleration,257,129,190,94,0.664741641337386,0.8328303129507204,0.6082066869300912,0.7457627118644068
20260523,1,jnu_only,encoder_embedding,any_deceleration_early,257,129,125,63,0.7845117845117845,0.7796476491745263,0.715007215007215,0.7299270072992701
20260523,1,jnu_only,classical_signal,any_deceleration_early,257,129,125,63,0.732082732082732,0.700282104925766,0.6670274170274171,0.6666666666666666
20260523,1,jnu_only,encoder_embedding,any_deceleration_late,257,129,48,26,0.5347274085138163,0.31466646264738185,0.4833831217326363,0.2619047619047619
20260523,1,jnu_only,classical_signal,any_deceleration_late,257,129,48,26,0.6243465272591486,0.2599620744330846,0.6327483196415236,0.40963855421686746
20260523,1,jnu_only,encoder_embedding,any_deceleration_variable,257,129,131,65,0.7677884615384616,0.7747339441725066,0.7131009615384616,0.7175572519083969
20260523,1,jnu_only,classical_signal,any_deceleration_variable,257,129,131,65,0.684375,0.6556368213878142,0.6585336538461539,0.6764705882352942
20260523,1,jnu_only,encoder_embedding,any_deceleration_prolonged,257,129,12,7,0.4882903981264637,0.07019208720653343,0.48536299765807966,0.06896551724137931
20260523,1,jnu_only,classical_signal,any_deceleration_prolonged,257,129,12,7,0.7330210772833724,0.12929507467322596,0.6750585480093676,0.21052631578947367
20260523,1,jnu_asymmetric,encoder_embedding,any_tachycardia,257,129,17,12,0.6096866096866096,0.2815736647635742,0.5395299145299146,0.17142857142857143
20260523,1,jnu_asymmetric,classical_signal,any_tachycardia,257,129,17,12,0.9351851851851851,0.6324459549706171,0.9027777777777777,0.6111111111111112
20260523,1,jnu_asymmetric,encoder_embedding,any_acceleration,257,129,133,54,0.6037037037037036,0.5270926351048391,0.5722222222222222,0.5409836065573771
20260523,1,jnu_asymmetric,classical_signal,any_acceleration,257,129,133,54,0.6412345679012345,0.5468845204402342,0.6296296296296295,0.5765765765765766
20260523,1,jnu_asymmetric,encoder_embedding,any_deceleration,257,129,190,94,0.7337386018237081,0.8976109702763551,0.6527355623100304,0.7752808988764045
20260523,1,jnu_asymmetric,classical_signal,any_deceleration,257,129,190,94,0.664741641337386,0.8328303129507204,0.6082066869300912,0.7457627118644068
20260523,1,jnu_asymmetric,encoder_embedding,any_deceleration_early,257,129,125,63,0.6736411736411736,0.6440290899886884,0.6143578643578643,0.6376811594202898
20260523,1,jnu_asymmetric,classical_signal,any_deceleration_early,257,129,125,63,0.732082732082732,0.700282104925766,0.6670274170274171,0.6666666666666666
20260523,1,jnu_asymmetric,encoder_embedding,any_deceleration_late,257,129,48,26,0.4929051530993278,0.2068591038483203,0.5028005974607916,0.275
20260523,1,jnu_asymmetric,classical_signal,any_deceleration_late,257,129,48,26,0.6243465272591486,0.2599620744330846,0.6327483196415236,0.40963855421686746
20260523,1,jnu_asymmetric,encoder_embedding,any_deceleration_variable,257,129,131,65,0.664423076923077,0.6578006768777311,0.5813701923076924,0.5846153846153846
20260523,1,jnu_asymmetric,classical_signal,any_deceleration_variable,257,129,131,65,0.684375,0.6556368213878142,0.6585336538461539,0.6764705882352942
20260523,1,jnu_asymmetric,encoder_embedding,any_deceleration_prolonged,257,129,12,7,0.46135831381733017,0.06952427495826768,0.4730679156908665,0.0625
20260523,1,jnu_asymmetric,classical_signal,any_deceleration_prolonged,257,129,12,7,0.7330210772833724,0.12929507467322596,0.6750585480093676,0.21052631578947367
20260523,1,ctu_only,encoder_embedding,any_tachycardia,257,129,17,12,0.6901709401709402,0.3325378278147674,0.6388888888888888,0.2727272727272727
20260523,1,ctu_only,classical_signal,any_tachycardia,257,129,17,12,0.9351851851851851,0.6324459549706171,0.9027777777777777,0.6111111111111112
20260523,1,ctu_only,encoder_embedding,any_acceleration,257,129,133,54,0.6696296296296296,0.634595649625965,0.6040740740740741,0.5737704918032787
20260523,1,ctu_only,classical_signal,any_acceleration,257,129,133,54,0.6412345679012345,0.5468845204402342,0.6296296296296295,0.5765765765765766
20260523,1,ctu_only,encoder_embedding,any_deceleration,257,129,190,94,0.6914893617021276,0.849733115298805,0.6062310030395137,0.7717391304347826
20260523,1,ctu_only,classical_signal,any_deceleration,257,129,190,94,0.664741641337386,0.8328303129507204,0.6082066869300912,0.7457627118644068
20260523,1,ctu_only,encoder_embedding,any_deceleration_early,257,129,125,63,0.7015392015392016,0.7122592213388684,0.6388888888888888,0.6758620689655173
20260523,1,ctu_only,classical_signal,any_deceleration_early,257,129,125,63,0.732082732082732,0.700282104925766,0.6670274170274171,0.6666666666666666
20260523,1,ctu_only,encoder_embedding,any_deceleration_late,257,129,48,26,0.4436146377893951,0.19485301351593487,0.41598207617625094,0.1927710843373494
20260523,1,ctu_only,classical_signal,any_deceleration_late,257,129,48,26,0.6243465272591486,0.2599620744330846,0.6327483196415236,0.40963855421686746
20260523,1,ctu_only,encoder_embedding,any_deceleration_variable,257,129,131,65,0.6514423076923077,0.6361230623620706,0.6663461538461539,0.6814814814814815
20260523,1,ctu_only,classical_signal,any_deceleration_variable,257,129,131,65,0.684375,0.6556368213878142,0.6585336538461539,0.6764705882352942
20260523,1,ctu_only,encoder_embedding,any_deceleration_prolonged,257,129,12,7,0.5187353629976581,0.06393731257575413,0.4016393442622951,0.0
20260523,1,ctu_only,classical_signal,any_deceleration_prolonged,257,129,12,7,0.7330210772833724,0.12929507467322596,0.6750585480093676,0.21052631578947367
20260523,1,jnu_to_ctu,encoder_embedding,any_tachycardia,257,129,17,12,0.6324786324786325,0.2681071946823513,0.6431623931623931,0.27906976744186046
20260523,1,jnu_to_ctu,classical_signal,any_tachycardia,257,129,17,12,0.9351851851851851,0.6324459549706171,0.9027777777777777,0.6111111111111112
20260523,1,jnu_to_ctu,encoder_embedding,any_acceleration,257,129,133,54,0.6940740740740741,0.6708689100316917,0.5911111111111111,0.5357142857142857
20260523,1,jnu_to_ctu,classical_signal,any_acceleration,257,129,133,54,0.6412345679012345,0.5468845204402342,0.6296296296296295,0.5765765765765766
20260523,1,jnu_to_ctu,encoder_embedding,any_deceleration,257,129,190,94,0.7772036474164135,0.9017543614856145,0.6882978723404255,0.8066298342541437
20260523,1,jnu_to_ctu,classical_signal,any_deceleration,257,129,190,94,0.664741641337386,0.8328303129507204,0.6082066869300912,0.7457627118644068
20260523,1,jnu_to_ctu,encoder_embedding,any_deceleration_early,257,129,125,63,0.74001924001924,0.7363030084595277,0.6601731601731602,0.6716417910447762
20260523,1,jnu_to_ctu,classical_signal,any_deceleration_early,257,129,125,63,0.732082732082732,0.700282104925766,0.6670274170274171,0.6666666666666666
20260523,1,jnu_to_ctu,encoder_embedding,any_deceleration_late,257,129,48,26,0.5515309932785661,0.2559606963450659,0.5029873039581777,0.26666666666666666
20260523,1,jnu_to_ctu,classical_signal,any_deceleration_late,257,129,48,26,0.6243465272591486,0.2599620744330846,0.6327483196415236,0.40963855421686746
20260523,1,jnu_to_ctu,encoder_embedding,any_deceleration_variable,257,129,131,65,0.7752403846153847,0.7919684660841809,0.7131009615384616,0.7175572519083969
20260523,1,jnu_to_ctu,classical_signal,any_deceleration_variable,257,129,131,65,0.684375,0.6556368213878142,0.6585336538461539,0.6764705882352942
20260523,1,jnu_to_ctu,encoder_embedding,any_deceleration_prolonged,257,129,12,7,0.522248243559719,0.07311421672773372,0.4894613583138173,0.07142857142857142
20260523,1,jnu_to_ctu,classical_signal,any_deceleration_prolonged,257,129,12,7,0.7330210772833724,0.12929507467322596,0.6750585480093676,0.21052631578947367
20260523,2,random,encoder_embedding,any_tachycardia,257,129,16,13,0.7685676392572944,0.25198953962181764,0.6787135278514589,0.34146341463414637
20260523,2,random,classical_signal,any_tachycardia,257,129,16,13,0.9774535809018567,0.83808990155144,0.9353448275862069,0.6341463414634146
20260523,2,random,encoder_embedding,any_acceleration,257,129,118,69,0.7142512077294687,0.7004857444473773,0.6634057971014493,0.6950354609929078
20260523,2,random,classical_signal,any_acceleration,257,129,118,69,0.6652173913043479,0.672040665476562,0.6025362318840579,0.5806451612903226
20260523,2,random,encoder_embedding,any_deceleration,257,129,189,95,0.7647058823529411,0.8844285637058212,0.6961300309597523,0.7816091954022989
20260523,2,random,classical_signal,any_deceleration,257,129,189,95,0.7938080495356037,0.9184972486710152,0.7369969040247678,0.7421383647798742
20260523,2,random,encoder_embedding,any_deceleration_early,257,129,124,64,0.6269230769230768,0.5914843316018275,0.6044471153846154,0.592
20260523,2,random,classical_signal,any_deceleration_early,257,129,124,64,0.7754807692307693,0.7475255382400954,0.6973557692307693,0.6829268292682927
20260523,2,random,encoder_embedding,any_deceleration_late,257,129,55,19,0.484688995215311,0.16083035344400426,0.4796650717703349,0.19718309859154928
20260523,2,random,classical_signal,any_deceleration_late,257,129,55,19,0.6435406698564594,0.3127432378635042,0.5858851674641148,0.29411764705882354
20260523,2,random,encoder_embedding,any_deceleration_variable,257,129,131,65,0.6370192307692307,0.6422759590346394,0.5889423076923077,0.6015037593984962
20260523,2,random,classical_signal,any_deceleration_variable,257,129,131,65,0.6757211538461538,0.6687568527265245,0.6201923076923077,0.6201550387596899
20260523,2,random,encoder_embedding,any_deceleration_prolonged,257,129,13,6,0.41056910569105687,0.204548804799776,0.4695121951219512,0.05714285714285714
20260523,2,random,classical_signal,any_deceleration_prolonged,257,129,13,6,0.8672086720867209,0.4993311931514179,0.8191056910569106,0.2857142857142857
20260523,2,jnu_only,encoder_embedding,any_tachycardia,257,129,16,13,0.8421750663129973,0.4253507553281309,0.7768567639257294,0.4166666666666667
20260523,2,jnu_only,classical_signal,any_tachycardia,257,129,16,13,0.9774535809018567,0.83808990155144,0.9353448275862069,0.6341463414634146
20260523,2,jnu_only,encoder_embedding,any_acceleration,257,129,118,69,0.709903381642512,0.707517251618067,0.6405797101449275,0.6714285714285714
20260523,2,jnu_only,classical_signal,any_acceleration,257,129,118,69,0.6652173913043479,0.672040665476562,0.6025362318840579,0.5806451612903226
20260523,2,jnu_only,encoder_embedding,any_deceleration,257,129,189,95,0.8226006191950463,0.9025089366631196,0.7760061919504644,0.8275862068965517
20260523,2,jnu_only,classical_signal,any_deceleration,257,129,189,95,0.7938080495356037,0.9184972486710152,0.7369969040247678,0.7421383647798742
20260523,2,jnu_only,encoder_embedding,any_deceleration_early,257,129,124,64,0.746875,0.7374559083389284,0.6897836538461539,0.6825396825396826
20260523,2,jnu_only,classical_signal,any_deceleration_early,257,129,124,64,0.7754807692307693,0.7475255382400954,0.6973557692307693,0.6829268292682927
20260523,2,jnu_only,encoder_embedding,any_deceleration_late,257,129,55,19,0.5454545454545454,0.1980825807385022,0.5813397129186603,0.2898550724637681
20260523,2,jnu_only,classical_signal,any_deceleration_late,257,129,55,19,0.6435406698564594,0.3127432378635042,0.5858851674641148,0.29411764705882354
20260523,2,jnu_only,encoder_embedding,any_deceleration_variable,257,129,131,65,0.70625,0.7231184485971329,0.6352163461538461,0.656934306569343
20260523,2,jnu_only,classical_signal,any_deceleration_variable,257,129,131,65,0.6757211538461538,0.6687568527265245,0.6201923076923077,0.6201550387596899
20260523,2,jnu_only,encoder_embedding,any_deceleration_prolonged,257,129,13,6,0.7168021680216802,0.4518832306731948,0.6483739837398375,0.17647058823529413
20260523,2,jnu_only,classical_signal,any_deceleration_prolonged,257,129,13,6,0.8672086720867209,0.4993311931514179,0.8191056910569106,0.2857142857142857
20260523,2,jnu_asymmetric,encoder_embedding,any_tachycardia,257,129,16,13,0.7347480106100797,0.2333267646558786,0.6999336870026525,0.34782608695652173
20260523,2,jnu_asymmetric,classical_signal,any_tachycardia,257,129,16,13,0.9774535809018567,0.83808990155144,0.9353448275862069,0.6341463414634146
20260523,2,jnu_asymmetric,encoder_embedding,any_acceleration,257,129,118,69,0.5975845410628019,0.6127212058801275,0.5221014492753623,0.5734265734265734
20260523,2,jnu_asymmetric,classical_signal,any_acceleration,257,129,118,69,0.6652173913043479,0.672040665476562,0.6025362318840579,0.5806451612903226
20260523,2,jnu_asymmetric,encoder_embedding,any_deceleration,257,129,189,95,0.7046439628482972,0.8797661962201757,0.6478328173374612,0.7777777777777778
20260523,2,jnu_asymmetric,classical_signal,any_deceleration,257,129,189,95,0.7938080495356037,0.9184972486710152,0.7369969040247678,0.7421383647798742
20260523,2,jnu_asymmetric,encoder_embedding,any_deceleration_early,257,129,124,64,0.6389423076923078,0.6646235181338395,0.6123798076923077,0.609375
20260523,2,jnu_asymmetric,classical_signal,any_deceleration_early,257,129,124,64,0.7754807692307693,0.7475255382400954,0.6973557692307693,0.6829268292682927
20260523,2,jnu_asymmetric,encoder_embedding,any_deceleration_late,257,129,55,19,0.6023923444976077,0.22117906022773626,0.5885167464114832,0.2962962962962963
20260523,2,jnu_asymmetric,classical_signal,any_deceleration_late,257,129,55,19,0.6435406698564594,0.3127432378635042,0.5858851674641148,0.29411764705882354
20260523,2,jnu_asymmetric,encoder_embedding,any_deceleration_variable,257,129,131,65,0.5713942307692308,0.5615325198839094,0.5189903846153846,0.5441176470588235
20260523,2,jnu_asymmetric,classical_signal,any_deceleration_variable,257,129,131,65,0.6757211538461538,0.6687568527265245,0.6201923076923077,0.6201550387596899
20260523,2,jnu_asymmetric,encoder_embedding,any_deceleration_prolonged,257,129,13,6,0.44986449864498645,0.08147638605104945,0.4451219512195122,0.04878048780487805
20260523,2,jnu_asymmetric,classical_signal,any_deceleration_prolonged,257,129,13,6,0.8672086720867209,0.4993311931514179,0.8191056910569106,0.2857142857142857
20260523,2,ctu_only,encoder_embedding,any_tachycardia,257,129,16,13,0.78315649867374,0.3401322381993888,0.6959549071618036,0.3783783783783784
20260523,2,ctu_only,classical_signal,any_tachycardia,257,129,16,13,0.9774535809018567,0.83808990155144,0.9353448275862069,0.6341463414634146
20260523,2,ctu_only,encoder_embedding,any_acceleration,257,129,118,69,0.718840579710145,0.7204689078653856,0.6373188405797101,0.684931506849315
20260523,2,ctu_only,classical_signal,any_acceleration,257,129,118,69,0.6652173913043479,0.672040665476562,0.6025362318840579,0.5806451612903226
20260523,2,ctu_only,encoder_embedding,any_deceleration,257,129,189,95,0.7495356037151703,0.8821178712159778,0.7097523219814241,0.7692307692307693
20260523,2,ctu_only,classical_signal,any_deceleration,257,129,189,95,0.7938080495356037,0.9184972486710152,0.7369969040247678,0.7421383647798742
20260523,2,ctu_only,encoder_embedding,any_deceleration_early,257,129,124,64,0.666826923076923,0.6479623196408764,0.6353365384615385,0.6178861788617886
20260523,2,ctu_only,classical_signal,any_deceleration_early,257,129,124,64,0.7754807692307693,0.7475255382400954,0.6973557692307693,0.6829268292682927
20260523,2,ctu_only,encoder_embedding,any_deceleration_late,257,129,55,19,0.569377990430622,0.2668593791693904,0.5641148325358851,0.2727272727272727
20260523,2,ctu_only,classical_signal,any_deceleration_late,257,129,55,19,0.6435406698564594,0.3127432378635042,0.5858851674641148,0.29411764705882354
20260523,2,ctu_only,encoder_embedding,any_deceleration_variable,257,129,131,65,0.6117788461538461,0.6197748364130169,0.5888221153846154,0.6074074074074074
20260523,2,ctu_only,classical_signal,any_deceleration_variable,257,129,131,65,0.6757211538461538,0.6687568527265245,0.6201923076923077,0.6201550387596899
20260523,2,ctu_only,encoder_embedding,any_deceleration_prolonged,257,129,13,6,0.464769647696477,0.20685851538742778,0.4817073170731707,0.0625
20260523,2,ctu_only,classical_signal,any_deceleration_prolonged,257,129,13,6,0.8672086720867209,0.4993311931514179,0.8191056910569106,0.2857142857142857
20260523,2,jnu_to_ctu,encoder_embedding,any_tachycardia,257,129,16,13,0.8514588859416446,0.43510740676327725,0.8196286472148542,0.4583333333333333
20260523,2,jnu_to_ctu,classical_signal,any_tachycardia,257,129,16,13,0.9774535809018567,0.83808990155144,0.9353448275862069,0.6341463414634146
20260523,2,jnu_to_ctu,encoder_embedding,any_acceleration,257,129,118,69,0.6937198067632849,0.705532598213758,0.6333333333333333,0.6618705035971223
20260523,2,jnu_to_ctu,classical_signal,any_acceleration,257,129,118,69,0.6652173913043479,0.672040665476562,0.6025362318840579,0.5806451612903226
20260523,2,jnu_to_ctu,encoder_embedding,any_deceleration,257,129,189,95,0.796904024767802,0.9048156137514027,0.7507739938080495,0.8092485549132948
20260523,2,jnu_to_ctu,classical_signal,any_deceleration,257,129,189,95,0.7938080495356037,0.9184972486710152,0.7369969040247678,0.7421383647798742
20260523,2,jnu_to_ctu,encoder_embedding,any_deceleration_early,257,129,124,64,0.7180288461538461,0.718571784746491,0.6818509615384616,0.6666666666666666
20260523,2,jnu_to_ctu,classical_signal,any_deceleration_early,257,129,124,64,0.7754807692307693,0.7475255382400954,0.6973557692307693,0.6829268292682927
20260523,2,jnu_to_ctu,encoder_embedding,any_deceleration_late,257,129,55,19,0.6220095693779905,0.2705057755898232,0.6258373205741627,0.3333333333333333
20260523,2,jnu_to_ctu,classical_signal,any_deceleration_late,257,129,55,19,0.6435406698564594,0.3127432378635042,0.5858851674641148,0.29411764705882354
20260523,2,jnu_to_ctu,encoder_embedding,any_deceleration_variable,257,129,131,65,0.7012019230769231,0.7180877881245588,0.6664663461538461,0.6766917293233082
20260523,2,jnu_to_ctu,classical_signal,any_deceleration_variable,257,129,131,65,0.6757211538461538,0.6687568527265245,0.6201923076923077,0.6201550387596899
20260523,2,jnu_to_ctu,encoder_embedding,any_deceleration_prolonged,257,129,13,6,0.7330623306233063,0.3865701171256727,0.7398373983739837,0.24242424242424243
20260523,2,jnu_to_ctu,classical_signal,any_deceleration_prolonged,257,129,13,6,0.8672086720867209,0.4993311931514179,0.8191056910569106,0.2857142857142857
20260523,3,random,encoder_embedding,any_tachycardia,258,128,25,4,0.4173387096774194,0.0435197903947904,0.5,0.05555555555555555
20260523,3,random,classical_signal,any_tachycardia,258,128,25,4,0.9778225806451613,0.7269230769230769,0.9435483870967742,0.36363636363636365
20260523,3,random,encoder_embedding,any_acceleration,258,128,123,64,0.698974609375,0.684391174160218,0.6484375,0.64
20260523,3,random,classical_signal,any_acceleration,258,128,123,64,0.634521484375,0.6464284103955489,0.5859375,0.5954198473282443
20260523,3,random,encoder_embedding,any_deceleration,258,128,189,95,0.7125996810207336,0.8759542988630957,0.6405103668261563,0.7613636363636364
20260523,3,random,classical_signal,any_deceleration,258,128,189,95,0.6771929824561405,0.8444620842315833,0.6491228070175439,0.7228915662650602
20260523,3,random,encoder_embedding,any_deceleration_early,258,128,127,61,0.6542696354294104,0.6457703994071377,0.6003180817225349,0.5785123966942148
20260523,3,random,classical_signal,any_deceleration_early,258,128,127,61,0.7132370932224125,0.7030998189479588,0.6800831906043553,0.672
20260523,3,random,encoder_embedding,any_deceleration_late,258,128,45,29,0.5496342737722049,0.23914036959767557,0.4935562521769419,0.2571428571428571
20260523,3,random,classical_signal,any_deceleration_late,258,128,45,29,0.6687565308254964,0.31342913740255945,0.6600487634970393,0.4666666666666667
20260523,3,random,encoder_embedding,any_deceleration_variable,258,128,130,66,0.6065493646138808,0.6201542593862885,0.553030303030303,0.583941605839416
20260523,3,random,classical_signal,any_deceleration_variable,258,128,130,66,0.6991691104594331,0.6977654753402658,0.6236559139784946,0.6470588235294118
20260523,3,random,encoder_embedding,any_deceleration_prolonged,258,128,13,6,0.42349726775956287,0.047367334957713156,0.46038251366120214,0.05405405405405406
20260523,3,random,classical_signal,any_deceleration_prolonged,258,128,13,6,0.6898907103825137,0.09756912174335042,0.639344262295082,0.16666666666666666
20260523,3,jnu_only,encoder_embedding,any_tachycardia,258,128,25,4,0.4455645161290323,0.044681005456867526,0.41935483870967744,0.0
20260523,3,jnu_only,classical_signal,any_tachycardia,258,128,25,4,0.9778225806451613,0.7269230769230769,0.9435483870967742,0.36363636363636365
20260523,3,jnu_only,encoder_embedding,any_acceleration,258,128,123,64,0.662353515625,0.6249131849181377,0.59375,0.6060606060606061
20260523,3,jnu_only,classical_signal,any_acceleration,258,128,123,64,0.634521484375,0.6464284103955489,0.5859375,0.5954198473282443
20260523,3,jnu_only,encoder_embedding,any_deceleration,258,128,189,95,0.719298245614035,0.8652805046295041,0.6905901116427433,0.7647058823529411
20260523,3,jnu_only,classical_signal,any_deceleration,258,128,189,95,0.6771929824561405,0.8444620842315833,0.6491228070175439,0.7228915662650602
20260523,3,jnu_only,encoder_embedding,any_deceleration_early,258,128,127,61,0.6667482260827012,0.6299978225459081,0.6376315145583558,0.603448275862069
20260523,3,jnu_only,classical_signal,any_deceleration_early,258,128,127,61,0.7132370932224125,0.7030998189479588,0.6800831906043553,0.672
20260523,3,jnu_only,encoder_embedding,any_deceleration_late,258,128,45,29,0.6429815395332636,0.3284917033527329,0.6365377917102055,0.44155844155844154
20260523,3,jnu_only,classical_signal,any_deceleration_late,258,128,45,29,0.6687565308254964,0.31342913740255945,0.6600487634970393,0.4666666666666667
20260523,3,jnu_only,encoder_embedding,any_deceleration_variable,258,128,130,66,0.7221407624633431,0.7516849668825841,0.6720430107526881,0.676923076923077
20260523,3,jnu_only,classical_signal,any_deceleration_variable,258,128,130,66,0.6991691104594331,0.6977654753402658,0.6236559139784946,0.6470588235294118
20260523,3,jnu_only,encoder_embedding,any_deceleration_prolonged,258,128,13,6,0.5409836065573771,0.08019560780099422,0.5095628415300546,0.08
20260523,3,jnu_only,classical_signal,any_deceleration_prolonged,258,128,13,6,0.6898907103825137,0.09756912174335042,0.639344262295082,0.16666666666666666
20260523,3,jnu_asymmetric,encoder_embedding,any_tachycardia,258,128,25,4,0.6129032258064516,0.053318764568764575,0.592741935483871,0.08888888888888889
20260523,3,jnu_asymmetric,classical_signal,any_tachycardia,258,128,25,4,0.9778225806451613,0.7269230769230769,0.9435483870967742,0.36363636363636365
20260523,3,jnu_asymmetric,encoder_embedding,any_acceleration,258,128,123,64,0.572265625,0.5827065837889679,0.578125,0.509090909090909
20260523,3,jnu_asymmetric,classical_signal,any_acceleration,258,128,123,64,0.634521484375,0.6464284103955489,0.5859375,0.5954198473282443
20260523,3,jnu_asymmetric,encoder_embedding,any_deceleration,258,128,189,95,0.6105263157894737,0.8034126522584328,0.6398724082934609,0.7441860465116279
20260523,3,jnu_asymmetric,classical_signal,any_deceleration,258,128,189,95,0.6771929824561405,0.8444620842315833,0.6491228070175439,0.7228915662650602
20260523,3,jnu_asymmetric,encoder_embedding,any_deceleration_early,258,128,127,61,0.6476633227306092,0.6132216940958205,0.5697333007095668,0.5528455284552846
20260523,3,jnu_asymmetric,classical_signal,any_deceleration_early,258,128,127,61,0.7132370932224125,0.7030998189479588,0.6800831906043553,0.672
20260523,3,jnu_asymmetric,encoder_embedding,any_deceleration_late,258,128,45,29,0.4611633577150819,0.20386274680931077,0.4489724834552421,0.2
20260523,3,jnu_asymmetric,classical_signal,any_deceleration_late,258,128,45,29,0.6687565308254964,0.31342913740255945,0.6600487634970393,0.4666666666666667
20260523,3,jnu_asymmetric,encoder_embedding,any_deceleration_variable,258,128,130,66,0.5843108504398827,0.6160904044523325,0.5725806451612903,0.5454545454545454
20260523,3,jnu_asymmetric,classical_signal,any_deceleration_variable,258,128,130,66,0.6991691104594331,0.6977654753402658,0.6236559139784946,0.6470588235294118
20260523,3,jnu_asymmetric,encoder_embedding,any_deceleration_prolonged,258,128,13,6,0.4344262295081967,0.07906441076442366,0.44808743169398907,0.05
20260523,3,jnu_asymmetric,classical_signal,any_deceleration_prolonged,258,128,13,6,0.6898907103825137,0.09756912174335042,0.639344262295082,0.16666666666666666
20260523,3,ctu_only,encoder_embedding,any_tachycardia,258,128,25,4,0.375,0.029931925844457384,0.3911290322580645,0.0
20260523,3,ctu_only,classical_signal,any_tachycardia,258,128,25,4,0.9778225806451613,0.7269230769230769,0.9435483870967742,0.36363636363636365
20260523,3,ctu_only,encoder_embedding,any_acceleration,258,128,123,64,0.677734375,0.6795051417420364,0.6328125,0.6178861788617886
20260523,3,ctu_only,classical_signal,any_acceleration,258,128,123,64,0.634521484375,0.6464284103955489,0.5859375,0.5954198473282443
20260523,3,ctu_only,encoder_embedding,any_deceleration,258,128,189,95,0.7113237639553429,0.8716303428364259,0.6649122807017543,0.7455621301775148
20260523,3,ctu_only,classical_signal,any_deceleration,258,128,189,95,0.6771929824561405,0.8444620842315833,0.6491228070175439,0.7228915662650602
20260523,3,ctu_only,encoder_embedding,any_deceleration_early,258,128,127,61,0.6645461218497676,0.6656348048197609,0.5988500122339124,0.5641025641025641
20260523,3,ctu_only,classical_signal,any_deceleration_early,258,128,127,61,0.7132370932224125,0.7030998189479588,0.6800831906043553,0.672
20260523,3,ctu_only,encoder_embedding,any_deceleration_late,258,128,45,29,0.554858934169279,0.2512155716450399,0.5452803901079764,0.3287671232876712
20260523,3,ctu_only,classical_signal,any_deceleration_late,258,128,45,29,0.6687565308254964,0.31342913740255945,0.6600487634970393,0.4666666666666667
20260523,3,ctu_only,encoder_embedding,any_deceleration_variable,258,128,130,66,0.6578690127077224,0.6509483746318793,0.6402737047898338,0.6515151515151515
20260523,3,ctu_only,classical_signal,any_deceleration_variable,258,128,130,66,0.6991691104594331,0.6977654753402658,0.6236559139784946,0.6470588235294118
20260523,3,ctu_only,encoder_embedding,any_deceleration_prolonged,258,128,13,6,0.6270491803278688,0.0993817678405492,0.4972677595628415,0.07142857142857142
20260523,3,ctu_only,classical_signal,any_deceleration_prolonged,258,128,13,6,0.6898907103825137,0.09756912174335042,0.639344262295082,0.16666666666666666
20260523,3,jnu_to_ctu,encoder_embedding,any_tachycardia,258,128,25,4,0.469758064516129,0.05080833911234397,0.5483870967741935,0.08333333333333333
20260523,3,jnu_to_ctu,classical_signal,any_tachycardia,258,128,25,4,0.9778225806451613,0.7269230769230769,0.9435483870967742,0.36363636363636365
20260523,3,jnu_to_ctu,encoder_embedding,any_acceleration,258,128,123,64,0.6591796875,0.6583252410891773,0.6015625,0.5984251968503937
20260523,3,jnu_to_ctu,classical_signal,any_acceleration,258,128,123,64,0.634521484375,0.6464284103955489,0.5859375,0.5954198473282443
20260523,3,jnu_to_ctu,encoder_embedding,any_deceleration,258,128,189,95,0.6851674641148325,0.8493919756439336,0.6293460925039873,0.7294117647058823
20260523,3,jnu_to_ctu,classical_signal,any_deceleration,258,128,189,95,0.6771929824561405,0.8444620842315833,0.6491228070175439,0.7228915662650602
20260523,3,jnu_to_ctu,encoder_embedding,any_deceleration_early,258,128,127,61,0.6804502079765109,0.6452466595894752,0.6354294103254221,0.5818181818181818
20260523,3,jnu_to_ctu,classical_signal,any_deceleration_early,258,128,127,61,0.7132370932224125,0.7030998189479588,0.6800831906043553,0.672
20260523,3,jnu_to_ctu,encoder_embedding,any_deceleration_late,258,128,45,29,0.6659700452803902,0.38132001686210276,0.6344479275513758,0.4383561643835616
20260523,3,jnu_to_ctu,classical_signal,any_deceleration_late,258,128,45,29,0.6687565308254964,0.31342913740255945,0.6600487634970393,0.4666666666666667
20260523,3,jnu_to_ctu,encoder_embedding,any_deceleration_variable,258,128,130,66,0.7160312805474096,0.7428420607972961,0.6649560117302054,0.6614173228346457
20260523,3,jnu_to_ctu,classical_signal,any_deceleration_variable,258,128,130,66,0.6991691104594331,0.6977654753402658,0.6236559139784946,0.6470588235294118
20260523,3,jnu_to_ctu,encoder_embedding,any_deceleration_prolonged,258,128,13,6,0.5013661202185793,0.055476300384698536,0.505464480874317,0.07692307692307693
20260523,3,jnu_to_ctu,classical_signal,any_deceleration_prolonged,258,128,13,6,0.6898907103825137,0.09756912174335042,0.639344262295082,0.16666666666666666
20260524,1,random,encoder_embedding,any_tachycardia,257,129,17,12,0.7200854700854701,0.43345522721671426,0.6143162393162394,0.2564102564102564
20260524,1,random,classical_signal,any_tachycardia,257,129,17,12,0.9351851851851851,0.6324459549706171,0.9027777777777777,0.6111111111111112
20260524,1,random,encoder_embedding,any_acceleration,257,129,133,54,0.6417283950617284,0.5839409188282181,0.5933333333333333,0.5714285714285714
20260524,1,random,classical_signal,any_acceleration,257,129,133,54,0.6412345679012345,0.5468845204402342,0.6296296296296295,0.5765765765765766
20260524,1,random,encoder_embedding,any_deceleration,257,129,190,94,0.7209726443768998,0.8564315351211134,0.6955927051671733,0.7885714285714286
20260524,1,random,classical_signal,any_deceleration,257,129,190,94,0.664741641337386,0.8328303129507204,0.6082066869300912,0.7457627118644068
20260524,1,random,encoder_embedding,any_deceleration_early,257,129,125,63,0.7044252044252043,0.6964966154583556,0.6363636363636364,0.6412213740458015
20260524,1,random,classical_signal,any_deceleration_early,257,129,125,63,0.732082732082732,0.700282104925766,0.6670274170274171,0.6666666666666666
20260524,1,random,encoder_embedding,any_deceleration_late,257,129,48,26,0.4970126960418223,0.23213580352016527,0.493091859596714,0.2682926829268293
20260524,1,random,classical_signal,any_deceleration_late,257,129,48,26,0.6243465272591486,0.2599620744330846,0.6327483196415236,0.40963855421686746
20260524,1,random,encoder_embedding,any_deceleration_variable,257,129,131,65,0.6581730769230769,0.6302815217185367,0.6353365384615385,0.6518518518518519
20260524,1,random,classical_signal,any_deceleration_variable,257,129,131,65,0.684375,0.6556368213878142,0.6585336538461539,0.6764705882352942
20260524,1,random,encoder_embedding,any_deceleration_prolonged,257,129,12,7,0.44379391100702575,0.052964816983338145,0.4016393442622951,0.0
20260524,1,random,classical_signal,any_deceleration_prolonged,257,129,12,7,0.7330210772833724,0.12929507467322596,0.6750585480093676,0.21052631578947367
20260524,1,jnu_only,encoder_embedding,any_tachycardia,257,129,17,12,0.663105413105413,0.26513393341911645,0.6688034188034189,0.32432432432432434
20260524,1,jnu_only,classical_signal,any_tachycardia,257,129,17,12,0.9351851851851851,0.6324459549706171,0.9027777777777777,0.6111111111111112
20260524,1,jnu_only,encoder_embedding,any_acceleration,257,129,133,54,0.6580246913580247,0.593561801344304,0.6266666666666667,0.5950413223140496
20260524,1,jnu_only,classical_signal,any_acceleration,257,129,133,54,0.6412345679012345,0.5468845204402342,0.6296296296296295,0.5765765765765766
20260524,1,jnu_only,encoder_embedding,any_deceleration,257,129,190,94,0.7741641337386019,0.9073296287828693,0.6989361702127659,0.819672131147541
20260524,1,jnu_only,classical_signal,any_deceleration,257,129,190,94,0.664741641337386,0.8328303129507204,0.6082066869300912,0.7457627118644068
20260524,1,jnu_only,encoder_embedding,any_deceleration_early,257,129,125,63,0.7438672438672438,0.7545759313749276,0.6443001443001444,0.6515151515151515
20260524,1,jnu_only,classical_signal,any_deceleration_early,257,129,125,63,0.732082732082732,0.700282104925766,0.6670274170274171,0.6666666666666666
20260524,1,jnu_only,encoder_embedding,any_deceleration_late,257,129,48,26,0.5963405526512323,0.2848667892122291,0.5509708737864077,0.325
20260524,1,jnu_only,classical_signal,any_deceleration_late,257,129,48,26,0.6243465272591486,0.2599620744330846,0.6327483196415236,0.40963855421686746
20260524,1,jnu_only,encoder_embedding,any_deceleration_variable,257,129,131,65,0.771875,0.7571608036709376,0.6903846153846154,0.6721311475409836
20260524,1,jnu_only,classical_signal,any_deceleration_variable,257,129,131,65,0.684375,0.6556368213878142,0.6585336538461539,0.6764705882352942
20260524,1,jnu_only,encoder_embedding,any_deceleration_prolonged,257,129,12,7,0.5526932084309133,0.09426664798616019,0.49765807962529274,0.07692307692307693
20260524,1,jnu_only,classical_signal,any_deceleration_prolonged,257,129,12,7,0.7330210772833724,0.12929507467322596,0.6750585480093676,0.21052631578947367
20260524,1,jnu_asymmetric,encoder_embedding,any_tachycardia,257,129,17,12,0.6759259259259259,0.2823012275443951,0.5886752136752137,0.2222222222222222
20260524,1,jnu_asymmetric,classical_signal,any_tachycardia,257,129,17,12,0.9351851851851851,0.6324459549706171,0.9027777777777777,0.6111111111111112
20260524,1,jnu_asymmetric,encoder_embedding,any_acceleration,257,129,133,54,0.6437037037037037,0.5423125058348185,0.6107407407407408,0.5785123966942148
20260524,1,jnu_asymmetric,classical_signal,any_acceleration,257,129,133,54,0.6412345679012345,0.5468845204402342,0.6296296296296295,0.5765765765765766
20260524,1,jnu_asymmetric,encoder_embedding,any_deceleration,257,129,190,94,0.6404255319148936,0.8038185546748735,0.6101823708206686,0.7176470588235294
20260524,1,jnu_asymmetric,classical_signal,any_deceleration,257,129,190,94,0.664741641337386,0.8328303129507204,0.6082066869300912,0.7457627118644068
20260524,1,jnu_asymmetric,encoder_embedding,any_deceleration_early,257,129,125,63,0.5976430976430976,0.598653939659536,0.5573593073593074,0.5365853658536586
20260524,1,jnu_asymmetric,classical_signal,any_deceleration_early,257,129,125,63,0.732082732082732,0.700282104925766,0.6670274170274171,0.6666666666666666
20260524,1,jnu_asymmetric,encoder_embedding,any_deceleration_late,257,129,48,26,0.4365197908887229,0.1920059212764141,0.4548170276325616,0.21333333333333335
20260524,1,jnu_asymmetric,classical_signal,any_deceleration_late,257,129,48,26,0.6243465272591486,0.2599620744330846,0.6327483196415236,0.40963855421686746
20260524,1,jnu_asymmetric,encoder_embedding,any_deceleration_variable,257,129,131,65,0.6588942307692307,0.6029587625221474,0.6436298076923077,0.6349206349206349
20260524,1,jnu_asymmetric,classical_signal,any_deceleration_variable,257,129,131,65,0.684375,0.6556368213878142,0.6585336538461539,0.6764705882352942
20260524,1,jnu_asymmetric,encoder_embedding,any_deceleration_prolonged,257,129,12,7,0.5421545667447306,0.21116861417342545,0.5485948477751756,0.125
20260524,1,jnu_asymmetric,classical_signal,any_deceleration_prolonged,257,129,12,7,0.7330210772833724,0.12929507467322596,0.6750585480093676,0.21052631578947367
20260524,1,ctu_only,encoder_embedding,any_tachycardia,257,129,17,12,0.6987179487179487,0.36995376701672233,0.6730769230769231,0.3333333333333333
20260524,1,ctu_only,classical_signal,any_tachycardia,257,129,17,12,0.9351851851851851,0.6324459549706171,0.9027777777777777,0.6111111111111112
20260524,1,ctu_only,encoder_embedding,any_acceleration,257,129,133,54,0.645925925925926,0.5994303912182142,0.6107407407407408,0.5785123966942148
20260524,1,ctu_only,classical_signal,any_acceleration,257,129,133,54,0.6412345679012345,0.5468845204402342,0.6296296296296295,0.5765765765765766
20260524,1,ctu_only,encoder_embedding,any_deceleration,257,129,190,94,0.7522796352583586,0.8935466672638278,0.6866261398176292,0.7909604519774012
20260524,1,ctu_only,classical_signal,any_deceleration,257,129,190,94,0.664741641337386,0.8328303129507204,0.6082066869300912,0.7457627118644068
20260524,1,ctu_only,encoder_embedding,any_deceleration_early,257,129,125,63,0.6955266955266954,0.6792914969663248,0.6439393939393939,0.6461538461538462
20260524,1,ctu_only,classical_signal,any_deceleration_early,257,129,125,63,0.732082732082732,0.700282104925766,0.6670274170274171,0.6666666666666666
20260524,1,ctu_only,encoder_embedding,any_deceleration_late,257,129,48,26,0.5186706497386109,0.2353330302729412,0.47890216579536965,0.24
20260524,1,ctu_only,classical_signal,any_deceleration_late,257,129,48,26,0.6243465272591486,0.2599620744330846,0.6327483196415236,0.40963855421686746
20260524,1,ctu_only,encoder_embedding,any_deceleration_variable,257,129,131,65,0.692548076923077,0.6791430333448325,0.6664663461538461,0.6766917293233082
20260524,1,ctu_only,classical_signal,any_deceleration_variable,257,129,131,65,0.684375,0.6556368213878142,0.6585336538461539,0.6764705882352942
20260524,1,ctu_only,encoder_embedding,any_deceleration_prolonged,257,129,12,7,0.4391100702576113,0.05248288826817145,0.4016393442622951,0.0
20260524,1,ctu_only,classical_signal,any_deceleration_prolonged,257,129,12,7,0.7330210772833724,0.12929507467322596,0.6750585480093676,0.21052631578947367
20260524,1,jnu_to_ctu,encoder_embedding,any_tachycardia,257,129,17,12,0.6339031339031339,0.21731244364236693,0.5683760683760684,0.20512820512820512
20260524,1,jnu_to_ctu,classical_signal,any_tachycardia,257,129,17,12,0.9351851851851851,0.6324459549706171,0.9027777777777777,0.6111111111111112
20260524,1,jnu_to_ctu,encoder_embedding,any_acceleration,257,129,133,54,0.6619753086419753,0.6208902816934689,0.6492592592592592,0.6166666666666667
20260524,1,jnu_to_ctu,classical_signal,any_acceleration,257,129,133,54,0.6412345679012345,0.5468845204402342,0.6296296296296295,0.5765765765765766
20260524,1,jnu_to_ctu,encoder_embedding,any_deceleration,257,129,190,94,0.7787234042553192,0.91110575036019,0.6720364741641337,0.8253968253968254
20260524,1,jnu_to_ctu,classical_signal,any_deceleration,257,129,190,94,0.664741641337386,0.8328303129507204,0.6082066869300912,0.7457627118644068
20260524,1,jnu_to_ctu,encoder_embedding,any_deceleration_early,257,129,125,63,0.7465127465127465,0.7572868095462961,0.6464646464646464,0.6805555555555556
20260524,1,jnu_to_ctu,classical_signal,any_deceleration_early,257,129,125,63,0.732082732082732,0.700282104925766,0.6670274170274171,0.6666666666666666
20260524,1,jnu_to_ctu,encoder_embedding,any_deceleration_late,257,129,48,26,0.6198655713218819,0.2966604063088466,0.5412621359223301,0.3170731707317073
20260524,1,jnu_to_ctu,classical_signal,any_deceleration_late,257,129,48,26,0.6243465272591486,0.2599620744330846,0.6327483196415236,0.40963855421686746
20260524,1,jnu_to_ctu,encoder_embedding,any_deceleration_variable,257,129,131,65,0.7740384615384616,0.7807558953464531,0.6901442307692307,0.6825396825396826
20260524,1,jnu_to_ctu,classical_signal,any_deceleration_variable,257,129,131,65,0.684375,0.6556368213878142,0.6585336538461539,0.6764705882352942
20260524,1,jnu_to_ctu,encoder_embedding,any_deceleration_prolonged,257,129,12,7,0.6135831381733021,0.10176381201195289,0.5058548009367682,0.08333333333333333
20260524,1,jnu_to_ctu,classical_signal,any_deceleration_prolonged,257,129,12,7,0.7330210772833724,0.12929507467322596,0.6750585480093676,0.21052631578947367
20260524,2,random,encoder_embedding,any_tachycardia,257,129,16,13,0.7572944297082228,0.29535501535501535,0.6488726790450928,0.3157894736842105
20260524,2,random,classical_signal,any_tachycardia,257,129,16,13,0.9774535809018567,0.83808990155144,0.9353448275862069,0.6341463414634146
20260524,2,random,encoder_embedding,any_acceleration,257,129,118,69,0.6683574879227053,0.6471317627867583,0.6123188405797102,0.6711409395973155
20260524,2,random,classical_signal,any_acceleration,257,129,118,69,0.6652173913043479,0.672040665476562,0.6025362318840579,0.5806451612903226
20260524,2,random,encoder_embedding,any_deceleration,257,129,189,95,0.7414860681114551,0.8648794389613078,0.6908668730650155,0.7745664739884393
20260524,2,random,classical_signal,any_deceleration,257,129,189,95,0.7938080495356037,0.9184972486710152,0.7369969040247678,0.7421383647798742
20260524,2,random,encoder_embedding,any_deceleration_early,257,129,124,64,0.6519230769230769,0.5983092240599256,0.6045673076923077,0.5984251968503937
20260524,2,random,classical_signal,any_deceleration_early,257,129,124,64,0.7754807692307693,0.7475255382400954,0.6973557692307693,0.6829268292682927
20260524,2,random,encoder_embedding,any_deceleration_late,257,129,55,19,0.5263157894736842,0.1568186251097365,0.5287081339712918,0.23880597014925373
20260524,2,random,classical_signal,any_deceleration_late,257,129,55,19,0.6435406698564594,0.3127432378635042,0.5858851674641148,0.29411764705882354
20260524,2,random,encoder_embedding,any_deceleration_variable,257,129,131,65,0.6262019230769231,0.6375809601357997,0.588701923076923,0.6131386861313869
20260524,2,random,classical_signal,any_deceleration_variable,257,129,131,65,0.6757211538461538,0.6687568527265245,0.6201923076923077,0.6201550387596899
20260524,2,random,encoder_embedding,any_deceleration_prolonged,257,129,13,6,0.41598915989159896,0.0732902982269549,0.540650406504065,0.10256410256410256
20260524,2,random,classical_signal,any_deceleration_prolonged,257,129,13,6,0.8672086720867209,0.4993311931514179,0.8191056910569106,0.2857142857142857
20260524,2,jnu_only,encoder_embedding,any_tachycardia,257,129,16,13,0.8302387267904509,0.43191053391053397,0.7725464190981433,0.40816326530612246
20260524,2,jnu_only,classical_signal,any_tachycardia,257,129,16,13,0.9774535809018567,0.83808990155144,0.9353448275862069,0.6341463414634146
20260524,2,jnu_only,encoder_embedding,any_acceleration,257,129,118,69,0.7169082125603866,0.725078616328247,0.6655797101449276,0.6861313868613139
20260524,2,jnu_only,classical_signal,any_acceleration,257,129,118,69,0.6652173913043479,0.672040665476562,0.6025362318840579,0.5806451612903226
20260524,2,jnu_only,encoder_embedding,any_deceleration,257,129,189,95,0.7981424148606812,0.9040207314968982,0.726625386996904,0.8068181818181818
20260524,2,jnu_only,classical_signal,any_deceleration,257,129,189,95,0.7938080495356037,0.9184972486710152,0.7369969040247678,0.7421383647798742
20260524,2,jnu_only,encoder_embedding,any_deceleration_early,257,129,124,64,0.7466346153846153,0.7493382386564433,0.6356971153846154,0.6356589147286822
20260524,2,jnu_only,classical_signal,any_deceleration_early,257,129,124,64,0.7754807692307693,0.7475255382400954,0.6973557692307693,0.6829268292682927
20260524,2,jnu_only,encoder_embedding,any_deceleration_late,257,129,55,19,0.5832535885167464,0.19938767548955597,0.5413875598086124,0.2535211267605634
20260524,2,jnu_only,classical_signal,any_deceleration_late,257,129,55,19,0.6435406698564594,0.3127432378635042,0.5858851674641148,0.29411764705882354
20260524,2,jnu_only,encoder_embedding,any_deceleration_variable,257,129,131,65,0.6564903846153847,0.652968054985071,0.6045673076923077,0.6106870229007634
20260524,2,jnu_only,classical_signal,any_deceleration_variable,257,129,131,65,0.6757211538461538,0.6687568527265245,0.6201923076923077,0.6201550387596899
20260524,2,jnu_only,encoder_embedding,any_deceleration_prolonged,257,129,13,6,0.45799457994579945,0.14268196723584506,0.5609756097560975,0.11764705882352941
20260524,2,jnu_only,classical_signal,any_deceleration_prolonged,257,129,13,6,0.8672086720867209,0.4993311931514179,0.8191056910569106,0.2857142857142857
20260524,2,jnu_asymmetric,encoder_embedding,any_tachycardia,257,129,16,13,0.6319628647214854,0.14441177690475931,0.5417771883289124,0.18604651162790697
20260524,2,jnu_asymmetric,classical_signal,any_tachycardia,257,129,16,13,0.9774535809018567,0.83808990155144,0.9353448275862069,0.6341463414634146
20260524,2,jnu_asymmetric,encoder_embedding,any_acceleration,257,129,118,69,0.631159420289855,0.610748105069213,0.6010869565217392,0.6382978723404256
20260524,2,jnu_asymmetric,classical_signal,any_acceleration,257,129,118,69,0.6652173913043479,0.672040665476562,0.6025362318840579,0.5806451612903226
20260524,2,jnu_asymmetric,encoder_embedding,any_deceleration,257,129,189,95,0.6071207430340557,0.8349556208386291,0.5773993808049536,0.7303370786516854
20260524,2,jnu_asymmetric,classical_signal,any_deceleration,257,129,189,95,0.7938080495356037,0.9184972486710152,0.7369969040247678,0.7421383647798742
20260524,2,jnu_asymmetric,encoder_embedding,any_deceleration_early,257,129,124,64,0.6074519230769231,0.5674619031241633,0.6046875,0.6046511627906976
20260524,2,jnu_asymmetric,classical_signal,any_deceleration_early,257,129,124,64,0.7754807692307693,0.7475255382400954,0.6973557692307693,0.6829268292682927
20260524,2,jnu_asymmetric,encoder_embedding,any_deceleration_late,257,129,55,19,0.5722488038277512,0.17595010816519638,0.5313397129186603,0.25
20260524,2,jnu_asymmetric,classical_signal,any_deceleration_late,257,129,55,19,0.6435406698564594,0.3127432378635042,0.5858851674641148,0.29411764705882354
20260524,2,jnu_asymmetric,encoder_embedding,any_deceleration_variable,257,129,131,65,0.5891826923076924,0.6332430966092759,0.5728365384615385,0.6153846153846154
20260524,2,jnu_asymmetric,classical_signal,any_deceleration_variable,257,129,131,65,0.6757211538461538,0.6687568527265245,0.6201923076923077,0.6201550387596899
20260524,2,jnu_asymmetric,encoder_embedding,any_deceleration_prolonged,257,129,13,6,0.49593495934959353,0.22938695651579247,0.5284552845528455,0.09523809523809523
20260524,2,jnu_asymmetric,classical_signal,any_deceleration_prolonged,257,129,13,6,0.8672086720867209,0.4993311931514179,0.8191056910569106,0.2857142857142857
20260524,2,ctu_only,encoder_embedding,any_tachycardia,257,129,16,13,0.8236074270557029,0.49213290856956016,0.8498010610079576,0.5365853658536586
20260524,2,ctu_only,classical_signal,any_tachycardia,257,129,16,13,0.9774535809018567,0.83808990155144,0.9353448275862069,0.6341463414634146
20260524,2,ctu_only,encoder_embedding,any_acceleration,257,129,118,69,0.6929951690821257,0.7118187177323425,0.6333333333333333,0.6618705035971223
20260524,2,ctu_only,classical_signal,any_acceleration,257,129,118,69,0.6652173913043479,0.672040665476562,0.6025362318840579,0.5806451612903226
20260524,2,ctu_only,encoder_embedding,any_deceleration,257,129,189,95,0.7956656346749226,0.8985460217126395,0.7244582043343653,0.7738095238095238
20260524,2,ctu_only,classical_signal,any_deceleration,257,129,189,95,0.7938080495356037,0.9184972486710152,0.7369969040247678,0.7421383647798742
20260524,2,ctu_only,encoder_embedding,any_deceleration_early,257,129,124,64,0.6961538461538461,0.6524971242649202,0.6586538461538461,0.6451612903225806
20260524,2,ctu_only,classical_signal,any_deceleration_early,257,129,124,64,0.7754807692307693,0.7475255382400954,0.6973557692307693,0.6829268292682927
20260524,2,ctu_only,encoder_embedding,any_deceleration_late,257,129,55,19,0.6186602870813397,0.2372535373316546,0.6076555023923444,0.3142857142857143
20260524,2,ctu_only,classical_signal,any_deceleration_late,257,129,55,19,0.6435406698564594,0.3127432378635042,0.5858851674641148,0.29411764705882354
20260524,2,ctu_only,encoder_embedding,any_deceleration_variable,257,129,131,65,0.6170673076923077,0.6167929131399497,0.612139423076923,0.6268656716417911
20260524,2,ctu_only,classical_signal,any_deceleration_variable,257,129,131,65,0.6757211538461538,0.6687568527265245,0.6201923076923077,0.6201550387596899
20260524,2,ctu_only,encoder_embedding,any_deceleration_prolonged,257,129,13,6,0.521680216802168,0.08645435941458206,0.5203252032520325,0.09090909090909091
20260524,2,ctu_only,classical_signal,any_deceleration_prolonged,257,129,13,6,0.8672086720867209,0.4993311931514179,0.8191056910569106,0.2857142857142857
20260524,2,jnu_to_ctu,encoder_embedding,any_tachycardia,257,129,16,13,0.8481432360742707,0.42887801506375034,0.7854774535809019,0.43478260869565216
20260524,2,jnu_to_ctu,classical_signal,any_tachycardia,257,129,16,13,0.9774535809018567,0.83808990155144,0.9353448275862069,0.6341463414634146
20260524,2,jnu_to_ctu,encoder_embedding,any_acceleration,257,129,118,69,0.6987922705314009,0.7155213986356965,0.6373188405797101,0.684931506849315
20260524,2,jnu_to_ctu,classical_signal,any_acceleration,257,129,118,69,0.6652173913043479,0.672040665476562,0.6025362318840579,0.5806451612903226
20260524,2,jnu_to_ctu,encoder_embedding,any_deceleration,257,129,189,95,0.8173374613003096,0.918562869824323,0.7360681114551084,0.8045977011494253
20260524,2,jnu_to_ctu,classical_signal,any_deceleration,257,129,189,95,0.7938080495356037,0.9184972486710152,0.7369969040247678,0.7421383647798742
20260524,2,jnu_to_ctu,encoder_embedding,any_deceleration_early,257,129,124,64,0.740625,0.7438713570974955,0.659014423076923,0.6615384615384615
20260524,2,jnu_to_ctu,classical_signal,any_deceleration_early,257,129,124,64,0.7754807692307693,0.7475255382400954,0.6973557692307693,0.6829268292682927
20260524,2,jnu_to_ctu,encoder_embedding,any_deceleration_late,257,129,55,19,0.5885167464114832,0.23424010544815377,0.5631578947368421,0.273972602739726
20260524,2,jnu_to_ctu,classical_signal,any_deceleration_late,257,129,55,19,0.6435406698564594,0.3127432378635042,0.5858851674641148,0.29411764705882354
20260524,2,jnu_to_ctu,encoder_embedding,any_deceleration_variable,257,129,131,65,0.6865384615384615,0.7058302485688893,0.6586538461538461,0.6716417910447762
20260524,2,jnu_to_ctu,classical_signal,any_deceleration_variable,257,129,131,65,0.6757211538461538,0.6687568527265245,0.6201923076923077,0.6201550387596899
20260524,2,jnu_to_ctu,encoder_embedding,any_deceleration_prolonged,257,129,13,6,0.4878048780487805,0.06848467832830817,0.5487804878048781,0.10810810810810811
20260524,2,jnu_to_ctu,classical_signal,any_deceleration_prolonged,257,129,13,6,0.8672086720867209,0.4993311931514179,0.8191056910569106,0.2857142857142857
20260524,3,random,encoder_embedding,any_tachycardia,258,128,25,4,0.4798387096774193,0.043031910348339655,0.4959677419354839,0.05405405405405406
20260524,3,random,classical_signal,any_tachycardia,258,128,25,4,0.9778225806451613,0.7269230769230769,0.9435483870967742,0.36363636363636365
20260524,3,random,encoder_embedding,any_acceleration,258,128,123,64,0.620361328125,0.5847180042782407,0.6015625,0.5785123966942148
20260524,3,random,classical_signal,any_acceleration,258,128,123,64,0.634521484375,0.6464284103955489,0.5859375,0.5954198473282443
20260524,3,random,encoder_embedding,any_deceleration,258,128,189,95,0.662200956937799,0.8399032043972181,0.5799043062200957,0.7444444444444445
20260524,3,random,classical_signal,any_deceleration,258,128,189,95,0.6771929824561405,0.8444620842315833,0.6491228070175439,0.7228915662650602
20260524,3,random,encoder_embedding,any_deceleration_early,258,128,127,61,0.6168338634695376,0.6266846847423597,0.5600685099094691,0.5254237288135594
20260524,3,random,classical_signal,any_deceleration_early,258,128,127,61,0.7132370932224125,0.7030998189479588,0.6800831906043553,0.672
20260524,3,random,encoder_embedding,any_deceleration_late,258,128,45,29,0.4952978056426332,0.23415067142811763,0.5372692441657959,0.3291139240506329
20260524,3,random,classical_signal,any_deceleration_late,258,128,45,29,0.6687565308254964,0.31342913740255945,0.6600487634970393,0.4666666666666667
20260524,3,random,encoder_embedding,any_deceleration_variable,258,128,130,66,0.6813294232649071,0.729029607607719,0.6326979472140762,0.6412213740458015
20260524,3,random,classical_signal,any_deceleration_variable,258,128,130,66,0.6991691104594331,0.6977654753402658,0.6236559139784946,0.6470588235294118
20260524,3,random,encoder_embedding,any_deceleration_prolonged,258,128,13,6,0.453551912568306,0.05080295418693219,0.4521857923497268,0.05128205128205128
20260524,3,random,classical_signal,any_deceleration_prolonged,258,128,13,6,0.6898907103825137,0.09756912174335042,0.639344262295082,0.16666666666666666
20260524,3,jnu_only,encoder_embedding,any_tachycardia,258,128,25,4,0.620967741935484,0.055676457671342584,0.6290322580645161,0.1111111111111111
20260524,3,jnu_only,classical_signal,any_tachycardia,258,128,25,4,0.9778225806451613,0.7269230769230769,0.9435483870967742,0.36363636363636365
20260524,3,jnu_only,encoder_embedding,any_acceleration,258,128,123,64,0.641845703125,0.6176195258305328,0.5859375,0.576
20260524,3,jnu_only,classical_signal,any_acceleration,258,128,123,64,0.634521484375,0.6464284103955489,0.5859375,0.5954198473282443
20260524,3,jnu_only,encoder_embedding,any_deceleration,258,128,189,95,0.6874003189792663,0.8493125414719188,0.6708133971291865,0.7701149425287356
20260524,3,jnu_only,classical_signal,any_deceleration,258,128,189,95,0.6771929824561405,0.8444620842315833,0.6491228070175439,0.7228915662650602
20260524,3,jnu_only,encoder_embedding,any_deceleration_early,258,128,127,61,0.6435037925128455,0.6437145598080649,0.6048446293124541,0.5535714285714286
20260524,3,jnu_only,classical_signal,any_deceleration_early,258,128,127,61,0.7132370932224125,0.7030998189479588,0.6800831906043553,0.672
20260524,3,jnu_only,encoder_embedding,any_deceleration_late,258,128,45,29,0.6677115987460815,0.3820583603763835,0.5633925461511669,0.3384615384615385
20260524,3,jnu_only,classical_signal,any_deceleration_late,258,128,45,29,0.6687565308254964,0.31342913740255945,0.6600487634970393,0.4666666666666667
20260524,3,jnu_only,encoder_embedding,any_deceleration_variable,258,128,130,66,0.7055229716520038,0.7222933682488448,0.6876832844574781,0.6923076923076923
20260524,3,jnu_only,classical_signal,any_deceleration_variable,258,128,130,66,0.6991691104594331,0.6977654753402658,0.6236559139784946,0.6470588235294118
20260524,3,jnu_only,encoder_embedding,any_deceleration_prolonged,258,128,13,6,0.6489071038251366,0.09352863798523085,0.5765027322404371,0.13333333333333333
20260524,3,jnu_only,classical_signal,any_deceleration_prolonged,258,128,13,6,0.6898907103825137,0.09756912174335042,0.639344262295082,0.16666666666666666
20260524,3,jnu_asymmetric,encoder_embedding,any_tachycardia,258,128,25,4,0.5040322580645161,0.07018849206349206,0.6451612903225806,0.125
20260524,3,jnu_asymmetric,classical_signal,any_tachycardia,258,128,25,4,0.9778225806451613,0.7269230769230769,0.9435483870967742,0.36363636363636365
20260524,3,jnu_asymmetric,encoder_embedding,any_acceleration,258,128,123,64,0.561279296875,0.562154088005978,0.53125,0.5081967213114754
20260524,3,jnu_asymmetric,classical_signal,any_acceleration,258,128,123,64,0.634521484375,0.6464284103955489,0.5859375,0.5954198473282443
20260524,3,jnu_asymmetric,encoder_embedding,any_deceleration,258,128,189,95,0.6038277511961722,0.7919635136261933,0.5377990430622009,0.686046511627907
20260524,3,jnu_asymmetric,classical_signal,any_deceleration,258,128,189,95,0.6771929824561405,0.8444620842315833,0.6491228070175439,0.7228915662650602
20260524,3,jnu_asymmetric,encoder_embedding,any_deceleration_early,258,128,127,61,0.581110839246391,0.5535888499602115,0.5504037191093711,0.49557522123893805
20260524,3,jnu_asymmetric,classical_signal,any_deceleration_early,258,128,127,61,0.7132370932224125,0.7030998189479588,0.6800831906043553,0.672
20260524,3,jnu_asymmetric,encoder_embedding,any_deceleration_late,258,128,45,29,0.4998258446534309,0.26783064197829465,0.49773598049460116,0.28205128205128205
20260524,3,jnu_asymmetric,classical_signal,any_deceleration_late,258,128,45,29,0.6687565308254964,0.31342913740255945,0.6600487634970393,0.4666666666666667
20260524,3,jnu_asymmetric,encoder_embedding,any_deceleration_variable,258,128,130,66,0.5571847507331378,0.596970257549668,0.5782013685239492,0.5846153846153846
20260524,3,jnu_asymmetric,classical_signal,any_deceleration_variable,258,128,130,66,0.6991691104594331,0.6977654753402658,0.6236559139784946,0.6470588235294118
20260524,3,jnu_asymmetric,encoder_embedding,any_deceleration_prolonged,258,128,13,6,0.5532786885245902,0.06373874310585863,0.4562841530054645,0.05263157894736842
20260524,3,jnu_asymmetric,classical_signal,any_deceleration_prolonged,258,128,13,6,0.6898907103825137,0.09756912174335042,0.639344262295082,0.16666666666666666
20260524,3,ctu_only,encoder_embedding,any_tachycardia,258,128,25,4,0.4536290322580645,0.034558576546183495,0.375,0.0
20260524,3,ctu_only,classical_signal,any_tachycardia,258,128,25,4,0.9778225806451613,0.7269230769230769,0.9435483870967742,0.36363636363636365
20260524,3,ctu_only,encoder_embedding,any_acceleration,258,128,123,64,0.637939453125,0.6242191238948631,0.5625,0.5625
20260524,3,ctu_only,classical_signal,any_acceleration,258,128,123,64,0.634521484375,0.6464284103955489,0.5859375,0.5954198473282443
20260524,3,ctu_only,encoder_embedding,any_deceleration,258,128,189,95,0.7030303030303031,0.8727461514818319,0.6346092503987241,0.7368421052631579
20260524,3,ctu_only,classical_signal,any_deceleration,258,128,189,95,0.6771929824561405,0.8444620842315833,0.6491228070175439,0.7228915662650602
20260524,3,ctu_only,encoder_embedding,any_deceleration_early,258,128,127,61,0.6354294103254221,0.6192389649939977,0.5817225348666504,0.5309734513274337
20260524,3,ctu_only,classical_signal,any_deceleration_early,258,128,127,61,0.7132370932224125,0.7030998189479588,0.6800831906043553,0.672
20260524,3,ctu_only,encoder_embedding,any_deceleration_late,258,128,45,29,0.6394984326018809,0.32864970990664033,0.5515499825844654,0.35294117647058826
20260524,3,ctu_only,classical_signal,any_deceleration_late,258,128,45,29,0.6687565308254964,0.31342913740255945,0.6600487634970393,0.4666666666666667
20260524,3,ctu_only,encoder_embedding,any_deceleration_variable,258,128,130,66,0.6744868035190615,0.7206025522632988,0.6160801564027371,0.6370370370370371
20260524,3,ctu_only,classical_signal,any_deceleration_variable,258,128,130,66,0.6991691104594331,0.6977654753402658,0.6236559139784946,0.6470588235294118
20260524,3,ctu_only,encoder_embedding,any_deceleration_prolonged,258,128,13,6,0.6065573770491803,0.0757791739795949,0.6188524590163935,0.14634146341463414
20260524,3,ctu_only,classical_signal,any_deceleration_prolonged,258,128,13,6,0.6898907103825137,0.09756912174335042,0.639344262295082,0.16666666666666666
20260524,3,jnu_to_ctu,encoder_embedding,any_tachycardia,258,128,25,4,0.5826612903225806,0.04968525505534375,0.5282258064516129,0.06896551724137931
20260524,3,jnu_to_ctu,classical_signal,any_tachycardia,258,128,25,4,0.9778225806451613,0.7269230769230769,0.9435483870967742,0.36363636363636365
20260524,3,jnu_to_ctu,encoder_embedding,any_acceleration,258,128,123,64,0.640625,0.6302522174326222,0.6015625,0.5853658536585366
20260524,3,jnu_to_ctu,classical_signal,any_acceleration,258,128,123,64,0.634521484375,0.6464284103955489,0.5859375,0.5954198473282443
20260524,3,jnu_to_ctu,encoder_embedding,any_deceleration,258,128,189,95,0.6963317384370016,0.8580678422236784,0.6596491228070176,0.7380952380952381
20260524,3,jnu_to_ctu,classical_signal,any_deceleration,258,128,189,95,0.6771929824561405,0.8444620842315833,0.6491228070175439,0.7228915662650602
20260524,3,jnu_to_ctu,encoder_embedding,any_deceleration_early,258,128,127,61,0.6562270614142403,0.6461911895334511,0.5884511866895032,0.5272727272727272
20260524,3,jnu_to_ctu,classical_signal,any_deceleration_early,258,128,127,61,0.7132370932224125,0.7030998189479588,0.6800831906043553,0.672
20260524,3,jnu_to_ctu,encoder_embedding,any_deceleration_late,258,128,45,29,0.6823406478578892,0.3575143929158706,0.6293974225008707,0.43243243243243246
20260524,3,jnu_to_ctu,classical_signal,any_deceleration_late,258,128,45,29,0.6687565308254964,0.31342913740255945,0.6600487634970393,0.4666666666666667
20260524,3,jnu_to_ctu,encoder_embedding,any_deceleration_variable,258,128,130,66,0.7089442815249266,0.7241312392129069,0.6957478005865103,0.6976744186046512
20260524,3,jnu_to_ctu,classical_signal,any_deceleration_variable,258,128,130,66,0.6991691104594331,0.6977654753402658,0.6236559139784946,0.6470588235294118
20260524,3,jnu_to_ctu,encoder_embedding,any_deceleration_prolonged,258,128,13,6,0.6516393442622951,0.07556750298685783,0.5683060109289617,0.125
20260524,3,jnu_to_ctu,classical_signal,any_deceleration_prolonged,258,128,13,6,0.6898907103825137,0.09756912174335042,0.639344262295082,0.16666666666666666
20260525,1,random,encoder_embedding,any_tachycardia,257,129,17,12,0.7207977207977208,0.27715281234444994,0.6217948717948718,0.25
20260525,1,random,classical_signal,any_tachycardia,257,129,17,12,0.9351851851851851,0.6324459549706171,0.9027777777777777,0.6111111111111112
20260525,1,random,encoder_embedding,any_acceleration,257,129,133,54,0.6669135802469136,0.638469282368547,0.6374074074074074,0.5982905982905983
20260525,1,random,classical_signal,any_acceleration,257,129,133,54,0.6412345679012345,0.5468845204402342,0.6296296296296295,0.5765765765765766
20260525,1,random,encoder_embedding,any_deceleration,257,129,190,94,0.7310030395136778,0.8652214129315776,0.7009118541033434,0.7954545454545454
20260525,1,random,classical_signal,any_deceleration,257,129,190,94,0.664741641337386,0.8328303129507204,0.6082066869300912,0.7457627118644068
20260525,1,random,encoder_embedding,any_deceleration_early,257,129,125,63,0.6854256854256855,0.7036621809708284,0.6208513708513709,0.6259541984732825
20260525,1,random,classical_signal,any_deceleration_early,257,129,125,63,0.732082732082732,0.700282104925766,0.6670274170274171,0.6666666666666666
20260525,1,random,encoder_embedding,any_deceleration_late,257,129,48,26,0.45743091859596713,0.21392985477587206,0.4066467513069455,0.16
20260525,1,random,classical_signal,any_deceleration_late,257,129,48,26,0.6243465272591486,0.2599620744330846,0.6327483196415236,0.40963855421686746
20260525,1,random,encoder_embedding,any_deceleration_variable,257,129,131,65,0.6403846153846153,0.6122228131092533,0.6045673076923077,0.6106870229007634
20260525,1,random,classical_signal,any_deceleration_variable,257,129,131,65,0.684375,0.6556368213878142,0.6585336538461539,0.6764705882352942
20260525,1,random,encoder_embedding,any_deceleration_prolonged,257,129,12,7,0.3946135831381733,0.06020775311161788,0.5281030444964872,0.10810810810810811
20260525,1,random,classical_signal,any_deceleration_prolonged,257,129,12,7,0.7330210772833724,0.12929507467322596,0.6750585480093676,0.21052631578947367
20260525,1,jnu_only,encoder_embedding,any_tachycardia,257,129,17,12,0.6403133903133903,0.2522751376481171,0.6143162393162394,0.2564102564102564
20260525,1,jnu_only,classical_signal,any_tachycardia,257,129,17,12,0.9351851851851851,0.6324459549706171,0.9027777777777777,0.6111111111111112
20260525,1,jnu_only,encoder_embedding,any_acceleration,257,129,133,54,0.6409876543209876,0.5971109801145343,0.62,0.5901639344262295
20260525,1,jnu_only,classical_signal,any_acceleration,257,129,133,54,0.6412345679012345,0.5468845204402342,0.6296296296296295,0.5765765765765766
20260525,1,jnu_only,encoder_embedding,any_deceleration,257,129,190,94,0.8155015197568388,0.9250705934981287,0.7328267477203647,0.8351648351648352
20260525,1,jnu_only,classical_signal,any_deceleration,257,129,190,94,0.664741641337386,0.8328303129507204,0.6082066869300912,0.7457627118644068
20260525,1,jnu_only,encoder_embedding,any_deceleration_early,257,129,125,63,0.7705627705627706,0.7833508013047492,0.7146464646464646,0.725925925925926
20260525,1,jnu_only,classical_signal,any_deceleration_early,257,129,125,63,0.732082732082732,0.700282104925766,0.6670274170274171,0.6666666666666666
20260525,1,jnu_only,encoder_embedding,any_deceleration_late,257,129,48,26,0.5280059746079163,0.26142632961209594,0.5463032113517551,0.3157894736842105
20260525,1,jnu_only,classical_signal,any_deceleration_late,257,129,48,26,0.6243465272591486,0.2599620744330846,0.6327483196415236,0.40963855421686746
20260525,1,jnu_only,encoder_embedding,any_deceleration_variable,257,129,131,65,0.773798076923077,0.7499256547573372,0.7134615384615385,0.704
20260525,1,jnu_only,classical_signal,any_deceleration_variable,257,129,131,65,0.684375,0.6556368213878142,0.6585336538461539,0.6764705882352942
20260525,1,jnu_only,encoder_embedding,any_deceleration_prolonged,257,129,12,7,0.5983606557377049,0.10915268812126186,0.544496487119438,0.12121212121212122
20260525,1,jnu_only,classical_signal,any_deceleration_prolonged,257,129,12,7,0.7330210772833724,0.12929507467322596,0.6750585480093676,0.21052631578947367
20260525,1,jnu_asymmetric,encoder_embedding,any_tachycardia,257,129,17,12,0.5911680911680912,0.13549469933426928,0.46794871794871795,0.0975609756097561
20260525,1,jnu_asymmetric,classical_signal,any_tachycardia,257,129,17,12,0.9351851851851851,0.6324459549706171,0.9027777777777777,0.6111111111111112
20260525,1,jnu_asymmetric,encoder_embedding,any_acceleration,257,129,133,54,0.639753086419753,0.5384984052720754,0.6203703703703703,0.5636363636363636
20260525,1,jnu_asymmetric,classical_signal,any_acceleration,257,129,133,54,0.6412345679012345,0.5468845204402342,0.6296296296296295,0.5765765765765766
20260525,1,jnu_asymmetric,encoder_embedding,any_deceleration,257,129,190,94,0.6458966565349544,0.8197924798486477,0.6474164133738602,0.768361581920904
20260525,1,jnu_asymmetric,classical_signal,any_deceleration,257,129,190,94,0.664741641337386,0.8328303129507204,0.6082066869300912,0.7457627118644068
20260525,1,jnu_asymmetric,encoder_embedding,any_deceleration_early,257,129,125,63,0.6563251563251563,0.6340149567394134,0.6129148629148629,0.6153846153846154
20260525,1,jnu_asymmetric,classical_signal,any_deceleration_early,257,129,125,63,0.732082732082732,0.700282104925766,0.6670274170274171,0.6666666666666666
20260525,1,jnu_asymmetric,encoder_embedding,any_deceleration_late,257,129,48,26,0.5037341299477222,0.21713368866134483,0.5029873039581777,0.26666666666666666
20260525,1,jnu_asymmetric,classical_signal,any_deceleration_late,257,129,48,26,0.6243465272591486,0.2599620744330846,0.6327483196415236,0.40963855421686746
20260525,1,jnu_asymmetric,encoder_embedding,any_deceleration_variable,257,129,131,65,0.6418269230769231,0.6666097967886528,0.6122596153846154,0.6212121212121212
20260525,1,jnu_asymmetric,classical_signal,any_deceleration_variable,257,129,131,65,0.684375,0.6556368213878142,0.6585336538461539,0.6764705882352942
20260525,1,jnu_asymmetric,encoder_embedding,any_deceleration_prolonged,257,129,12,7,0.3641686182669789,0.04576400537796252,0.4197892271662763,0.044444444444444446
20260525,1,jnu_asymmetric,classical_signal,any_deceleration_prolonged,257,129,12,7,0.7330210772833724,0.12929507467322596,0.6750585480093676,0.21052631578947367
20260525,1,ctu_only,encoder_embedding,any_tachycardia,257,129,17,12,0.613960113960114,0.21953864650884583,0.5555555555555556,0.19047619047619047
20260525,1,ctu_only,classical_signal,any_tachycardia,257,129,17,12,0.9351851851851851,0.6324459549706171,0.9027777777777777,0.6111111111111112
20260525,1,ctu_only,encoder_embedding,any_acceleration,257,129,133,54,0.6804938271604939,0.6128020646933154,0.624074074074074,0.5882352941176471
20260525,1,ctu_only,classical_signal,any_acceleration,257,129,133,54,0.6412345679012345,0.5468845204402342,0.6296296296296295,0.5765765765765766
20260525,1,ctu_only,encoder_embedding,any_deceleration,257,129,190,94,0.7449848024316109,0.880181732220453,0.729483282674772,0.8045977011494253
20260525,1,ctu_only,classical_signal,any_deceleration,257,129,190,94,0.664741641337386,0.8328303129507204,0.6082066869300912,0.7457627118644068
20260525,1,ctu_only,encoder_embedding,any_deceleration_early,257,129,125,63,0.7118807118807119,0.7248304802256766,0.6129148629148629,0.6153846153846154
20260525,1,ctu_only,classical_signal,any_deceleration_early,257,129,125,63,0.732082732082732,0.700282104925766,0.6670274170274171,0.6666666666666666
20260525,1,ctu_only,encoder_embedding,any_deceleration_late,257,129,48,26,0.4443614637789396,0.19119193477006993,0.43054518297236744,0.2
20260525,1,ctu_only,classical_signal,any_deceleration_late,257,129,48,26,0.6243465272591486,0.2599620744330846,0.6327483196415236,0.40963855421686746
20260525,1,ctu_only,encoder_embedding,any_deceleration_variable,257,129,131,65,0.7459134615384615,0.7526166633851946,0.7051682692307693,0.7164179104477612
20260525,1,ctu_only,classical_signal,any_deceleration_variable,257,129,131,65,0.684375,0.6556368213878142,0.6585336538461539,0.6764705882352942
20260525,1,ctu_only,encoder_embedding,any_deceleration_prolonged,257,129,12,7,0.3981264637002342,0.05104928486419697,0.5281030444964872,0.10810810810810811
20260525,1,ctu_only,classical_signal,any_deceleration_prolonged,257,129,12,7,0.7330210772833724,0.12929507467322596,0.6750585480093676,0.21052631578947367
20260525,1,jnu_to_ctu,encoder_embedding,any_tachycardia,257,129,17,12,0.6695156695156694,0.32193774990941143,0.6431623931623931,0.27906976744186046
20260525,1,jnu_to_ctu,classical_signal,any_tachycardia,257,129,17,12,0.9351851851851851,0.6324459549706171,0.9027777777777777,0.6111111111111112
20260525,1,jnu_to_ctu,encoder_embedding,any_acceleration,257,129,133,54,0.6548148148148148,0.6099526361103823,0.624074074074074,0.5882352941176471
20260525,1,jnu_to_ctu,classical_signal,any_acceleration,257,129,133,54,0.6412345679012345,0.5468845204402342,0.6296296296296295,0.5765765765765766
20260525,1,jnu_to_ctu,encoder_embedding,any_deceleration,257,129,190,94,0.8203647416413374,0.9273369093768316,0.756079027355623,0.8379888268156425
20260525,1,jnu_to_ctu,classical_signal,any_deceleration,257,129,190,94,0.664741641337386,0.8328303129507204,0.6082066869300912,0.7457627118644068
20260525,1,jnu_to_ctu,encoder_embedding,any_deceleration_early,257,129,125,63,0.8075998075998075,0.8143719200324208,0.7532467532467533,0.7611940298507462
20260525,1,jnu_to_ctu,classical_signal,any_deceleration_early,257,129,125,63,0.732082732082732,0.700282104925766,0.6670274170274171,0.6666666666666666
20260525,1,jnu_to_ctu,encoder_embedding,any_deceleration_late,257,129,48,26,0.5802837938760269,0.2730502310657684,0.5896191187453323,0.36363636363636365
20260525,1,jnu_to_ctu,classical_signal,any_deceleration_late,257,129,48,26,0.6243465272591486,0.2599620744330846,0.6327483196415236,0.40963855421686746
20260525,1,jnu_to_ctu,encoder_embedding,any_deceleration_variable,257,129,131,65,0.7805288461538461,0.7773787250072879,0.7211538461538461,0.7142857142857143
20260525,1,jnu_to_ctu,classical_signal,any_deceleration_variable,257,129,131,65,0.684375,0.6556368213878142,0.6585336538461539,0.6764705882352942
20260525,1,jnu_to_ctu,encoder_embedding,any_deceleration_prolonged,257,129,12,7,0.5398126463700235,0.0754952404245049,0.47716627634660425,0.06451612903225806
20260525,1,jnu_to_ctu,classical_signal,any_deceleration_prolonged,257,129,12,7,0.7330210772833724,0.12929507467322596,0.6750585480093676,0.21052631578947367
20260525,2,random,encoder_embedding,any_tachycardia,257,129,16,13,0.7877984084880637,0.34440472054484,0.7685676392572944,0.45
20260525,2,random,classical_signal,any_tachycardia,257,129,16,13,0.9774535809018567,0.83808990155144,0.9353448275862069,0.6341463414634146
20260525,2,random,encoder_embedding,any_acceleration,257,129,118,69,0.6611111111111111,0.6750863208282505,0.5927536231884059,0.6338028169014085
20260525,2,random,classical_signal,any_acceleration,257,129,118,69,0.6652173913043479,0.672040665476562,0.6025362318840579,0.5806451612903226
20260525,2,random,encoder_embedding,any_deceleration,257,129,189,95,0.7362229102167184,0.8804292172401531,0.6814241486068111,0.7771428571428571
20260525,2,random,classical_signal,any_deceleration,257,129,189,95,0.7938080495356037,0.9184972486710152,0.7369969040247678,0.7421383647798742
20260525,2,random,encoder_embedding,any_deceleration_early,257,129,124,64,0.6637019230769231,0.6808856550603098,0.6201923076923077,0.6201550387596899
20260525,2,random,classical_signal,any_deceleration_early,257,129,124,64,0.7754807692307693,0.7475255382400954,0.6973557692307693,0.6829268292682927
20260525,2,random,encoder_embedding,any_deceleration_late,257,129,55,19,0.5789473684210527,0.2658495946430987,0.5631578947368421,0.273972602739726
20260525,2,random,classical_signal,any_deceleration_late,257,129,55,19,0.6435406698564594,0.3127432378635042,0.5858851674641148,0.29411764705882354
20260525,2,random,encoder_embedding,any_deceleration_variable,257,129,131,65,0.6079326923076923,0.6266653894484715,0.6432692307692307,0.6515151515151515
20260525,2,random,classical_signal,any_deceleration_variable,257,129,131,65,0.6757211538461538,0.6687568527265245,0.6201923076923077,0.6201550387596899
20260525,2,random,encoder_embedding,any_deceleration_prolonged,257,129,13,6,0.45257452574525747,0.06277774141977838,0.516260162601626,0.08888888888888889
20260525,2,random,classical_signal,any_deceleration_prolonged,257,129,13,6,0.8672086720867209,0.4993311931514179,0.8191056910569106,0.2857142857142857
20260525,2,jnu_only,encoder_embedding,any_tachycardia,257,129,16,13,0.8196286472148542,0.40839390479066595,0.7380636604774535,0.3508771929824561
20260525,2,jnu_only,classical_signal,any_tachycardia,257,129,16,13,0.9774535809018567,0.83808990155144,0.9353448275862069,0.6341463414634146
20260525,2,jnu_only,encoder_embedding,any_acceleration,257,129,118,69,0.7306763285024155,0.7277277698918481,0.686231884057971,0.7183098591549296
20260525,2,jnu_only,classical_signal,any_acceleration,257,129,118,69,0.6652173913043479,0.672040665476562,0.6025362318840579,0.5806451612903226
20260525,2,jnu_only,encoder_embedding,any_deceleration,257,129,189,95,0.8547987616099072,0.9381667195100369,0.7318885448916409,0.8135593220338984
20260525,2,jnu_only,classical_signal,any_deceleration,257,129,189,95,0.7938080495356037,0.9184972486710152,0.7369969040247678,0.7421383647798742
20260525,2,jnu_only,encoder_embedding,any_deceleration_early,257,129,124,64,0.7896634615384616,0.7872892197866262,0.7364182692307693,0.734375
20260525,2,jnu_only,classical_signal,any_deceleration_early,257,129,124,64,0.7754807692307693,0.7475255382400954,0.6973557692307693,0.6829268292682927
20260525,2,jnu_only,encoder_embedding,any_deceleration_late,257,129,55,19,0.6086124401913875,0.26479652815230925,0.6122009569377991,0.3188405797101449
20260525,2,jnu_only,classical_signal,any_deceleration_late,257,129,55,19,0.6435406698564594,0.3127432378635042,0.5858851674641148,0.29411764705882354
20260525,2,jnu_only,encoder_embedding,any_deceleration_variable,257,129,131,65,0.6540865384615385,0.655605694045609,0.5888221153846154,0.6074074074074074
20260525,2,jnu_only,classical_signal,any_deceleration_variable,257,129,131,65,0.6757211538461538,0.6687568527265245,0.6201923076923077,0.6201550387596899
20260525,2,jnu_only,encoder_embedding,any_deceleration_prolonged,257,129,13,6,0.7344173441734417,0.12261904761904763,0.7032520325203252,0.19047619047619047
20260525,2,jnu_only,classical_signal,any_deceleration_prolonged,257,129,13,6,0.8672086720867209,0.4993311931514179,0.8191056910569106,0.2857142857142857
20260525,2,jnu_asymmetric,encoder_embedding,any_tachycardia,257,129,16,13,0.7526525198938993,0.23479880571784875,0.6143899204244032,0.2608695652173913
20260525,2,jnu_asymmetric,classical_signal,any_tachycardia,257,129,16,13,0.9774535809018567,0.83808990155144,0.9353448275862069,0.6341463414634146
20260525,2,jnu_asymmetric,encoder_embedding,any_acceleration,257,129,118,69,0.686231884057971,0.6850456802416233,0.6177536231884058,0.6474820143884892
20260525,2,jnu_asymmetric,classical_signal,any_acceleration,257,129,118,69,0.6652173913043479,0.672040665476562,0.6025362318840579,0.5806451612903226
20260525,2,jnu_asymmetric,encoder_embedding,any_deceleration,257,129,189,95,0.7108359133126935,0.8814382854644418,0.6287925696594427,0.703030303030303
20260525,2,jnu_asymmetric,classical_signal,any_deceleration,257,129,189,95,0.7938080495356037,0.9184972486710152,0.7369969040247678,0.7421383647798742
20260525,2,jnu_asymmetric,encoder_embedding,any_deceleration_early,257,129,124,64,0.636298076923077,0.6429604844401693,0.58125,0.5714285714285714
20260525,2,jnu_asymmetric,classical_signal,any_deceleration_early,257,129,124,64,0.7754807692307693,0.7475255382400954,0.6973557692307693,0.6829268292682927
20260525,2,jnu_asymmetric,encoder_embedding,any_deceleration_late,257,129,55,19,0.5038277511961722,0.15460182333980016,0.5404306220095694,0.2564102564102564
20260525,2,jnu_asymmetric,classical_signal,any_deceleration_late,257,129,55,19,0.6435406698564594,0.3127432378635042,0.5858851674641148,0.29411764705882354
20260525,2,jnu_asymmetric,encoder_embedding,any_deceleration_variable,257,129,131,65,0.6216346153846153,0.6558633630040575,0.58125,0.5909090909090909
20260525,2,jnu_asymmetric,classical_signal,any_deceleration_variable,257,129,131,65,0.6757211538461538,0.6687568527265245,0.6201923076923077,0.6201550387596899
20260525,2,jnu_asymmetric,encoder_embedding,any_deceleration_prolonged,257,129,13,6,0.45663956639566394,0.10302004661481462,0.556910569105691,0.11428571428571428
20260525,2,jnu_asymmetric,classical_signal,any_deceleration_prolonged,257,129,13,6,0.8672086720867209,0.4993311931514179,0.8191056910569106,0.2857142857142857
20260525,2,ctu_only,encoder_embedding,any_tachycardia,257,129,16,13,0.8222811671087532,0.352338768626394,0.7387267904509284,0.43243243243243246
20260525,2,ctu_only,classical_signal,any_tachycardia,257,129,16,13,0.9774535809018567,0.83808990155144,0.9353448275862069,0.6341463414634146
20260525,2,ctu_only,encoder_embedding,any_acceleration,257,129,118,69,0.7236714975845411,0.7556449378954407,0.6405797101449275,0.6714285714285714
20260525,2,ctu_only,classical_signal,any_acceleration,257,129,118,69,0.6652173913043479,0.672040665476562,0.6025362318840579,0.5806451612903226
20260525,2,ctu_only,encoder_embedding,any_deceleration,257,129,189,95,0.7962848297213622,0.9140491775751193,0.7255417956656347,0.7906976744186046
20260525,2,ctu_only,classical_signal,any_deceleration,257,129,189,95,0.7938080495356037,0.9184972486710152,0.7369969040247678,0.7421383647798742
20260525,2,ctu_only,encoder_embedding,any_deceleration_early,257,129,124,64,0.6918269230769232,0.6984538772935833,0.5972355769230769,0.6119402985074627
20260525,2,ctu_only,classical_signal,any_deceleration_early,257,129,124,64,0.7754807692307693,0.7475255382400954,0.6973557692307693,0.6829268292682927
20260525,2,ctu_only,encoder_embedding,any_deceleration_late,257,129,55,19,0.6411483253588517,0.34253876687224416,0.6258373205741627,0.3333333333333333
20260525,2,ctu_only,classical_signal,any_deceleration_late,257,129,55,19,0.6435406698564594,0.3127432378635042,0.5858851674641148,0.29411764705882354
20260525,2,ctu_only,encoder_embedding,any_deceleration_variable,257,129,131,65,0.6288461538461538,0.6643309250350515,0.5888221153846154,0.6074074074074074
20260525,2,ctu_only,classical_signal,any_deceleration_variable,257,129,131,65,0.6757211538461538,0.6687568527265245,0.6201923076923077,0.6201550387596899
20260525,2,ctu_only,encoder_embedding,any_deceleration_prolonged,257,129,13,6,0.5176151761517616,0.09447482158237973,0.524390243902439,0.09302325581395349
20260525,2,ctu_only,classical_signal,any_deceleration_prolonged,257,129,13,6,0.8672086720867209,0.4993311931514179,0.8191056910569106,0.2857142857142857
20260525,2,jnu_to_ctu,encoder_embedding,any_tachycardia,257,129,16,13,0.8435013262599469,0.47930004777830865,0.7682360742705571,0.4
20260525,2,jnu_to_ctu,classical_signal,any_tachycardia,257,129,16,13,0.9774535809018567,0.83808990155144,0.9353448275862069,0.6341463414634146
20260525,2,jnu_to_ctu,encoder_embedding,any_acceleration,257,129,118,69,0.7178743961352657,0.7142301071914441,0.625,0.6571428571428571
20260525,2,jnu_to_ctu,classical_signal,any_acceleration,257,129,118,69,0.6652173913043479,0.672040665476562,0.6025362318840579,0.5806451612903226
20260525,2,jnu_to_ctu,encoder_embedding,any_deceleration,257,129,189,95,0.83343653250774,0.9311854728002003,0.7213622291021672,0.8
20260525,2,jnu_to_ctu,classical_signal,any_deceleration,257,129,189,95,0.7938080495356037,0.9184972486710152,0.7369969040247678,0.7421383647798742
20260525,2,jnu_to_ctu,encoder_embedding,any_deceleration_early,257,129,124,64,0.7774038461538462,0.7747363753246251,0.7127403846153846,0.6942148760330579
20260525,2,jnu_to_ctu,classical_signal,any_deceleration_early,257,129,124,64,0.7754807692307693,0.7475255382400954,0.6973557692307693,0.6829268292682927
20260525,2,jnu_to_ctu,encoder_embedding,any_deceleration_late,257,129,55,19,0.5827751196172248,0.2353799476249899,0.5822966507177033,0.2903225806451613
20260525,2,jnu_to_ctu,classical_signal,any_deceleration_late,257,129,55,19,0.6435406698564594,0.3127432378635042,0.5858851674641148,0.29411764705882354
20260525,2,jnu_to_ctu,encoder_embedding,any_deceleration_variable,257,129,131,65,0.6338942307692308,0.6490021937052395,0.5811298076923077,0.5970149253731343
20260525,2,jnu_to_ctu,classical_signal,any_deceleration_variable,257,129,131,65,0.6757211538461538,0.6687568527265245,0.6201923076923077,0.6201550387596899
20260525,2,jnu_to_ctu,encoder_embedding,any_deceleration_prolonged,257,129,13,6,0.6897018970189701,0.12513716680717482,0.7113821138211383,0.2
20260525,2,jnu_to_ctu,classical_signal,any_deceleration_prolonged,257,129,13,6,0.8672086720867209,0.4993311931514179,0.8191056910569106,0.2857142857142857
20260525,3,random,encoder_embedding,any_tachycardia,258,128,25,4,0.4536290322580645,0.04226019450418945,0.4879032258064516,0.05128205128205128
20260525,3,random,classical_signal,any_tachycardia,258,128,25,4,0.9778225806451613,0.7269230769230769,0.9435483870967742,0.36363636363636365
20260525,3,random,encoder_embedding,any_acceleration,258,128,123,64,0.670166015625,0.6749927654777468,0.609375,0.6031746031746031
20260525,3,random,classical_signal,any_acceleration,258,128,123,64,0.634521484375,0.6464284103955489,0.5859375,0.5954198473282443
20260525,3,random,encoder_embedding,any_deceleration,258,128,189,95,0.6599681020733652,0.8540079187702395,0.6346092503987241,0.7368421052631579
20260525,3,random,classical_signal,any_deceleration,258,128,189,95,0.6771929824561405,0.8444620842315833,0.6491228070175439,0.7228915662650602
20260525,3,random,encoder_embedding,any_deceleration_early,258,128,127,61,0.6515781747002691,0.6905750661065815,0.5943234646439932,0.5873015873015873
20260525,3,random,classical_signal,any_deceleration_early,258,128,127,61,0.7132370932224125,0.7030998189479588,0.6800831906043553,0.672
20260525,3,random,encoder_embedding,any_deceleration_late,258,128,45,29,0.5949146638801811,0.29026711900177005,0.49982584465343083,0.2926829268292683
20260525,3,random,classical_signal,any_deceleration_late,258,128,45,29,0.6687565308254964,0.31342913740255945,0.6600487634970393,0.4666666666666667
20260525,3,random,encoder_embedding,any_deceleration_variable,258,128,130,66,0.5716031280547409,0.6105986440906337,0.5293255131964809,0.5652173913043478
20260525,3,random,classical_signal,any_deceleration_variable,258,128,130,66,0.6991691104594331,0.6977654753402658,0.6236559139784946,0.6470588235294118
20260525,3,random,encoder_embedding,any_deceleration_prolonged,258,128,13,6,0.5478142076502732,0.07695869152258604,0.6352459016393442,0.16216216216216217
20260525,3,random,classical_signal,any_deceleration_prolonged,258,128,13,6,0.6898907103825137,0.09756912174335042,0.639344262295082,0.16666666666666666
20260525,3,jnu_only,encoder_embedding,any_tachycardia,258,128,25,4,0.42943548387096775,0.03779275808936826,0.4032258064516129,0.0
20260525,3,jnu_only,classical_signal,any_tachycardia,258,128,25,4,0.9778225806451613,0.7269230769230769,0.9435483870967742,0.36363636363636365
20260525,3,jnu_only,encoder_embedding,any_acceleration,258,128,123,64,0.6591796875,0.6682119787980549,0.6171875,0.6201550387596899
20260525,3,jnu_only,classical_signal,any_acceleration,258,128,123,64,0.634521484375,0.6464284103955489,0.5859375,0.5954198473282443
20260525,3,jnu_only,encoder_embedding,any_deceleration,258,128,189,95,0.7362041467304625,0.872204440833584,0.6964912280701754,0.7885714285714286
20260525,3,jnu_only,classical_signal,any_deceleration,258,128,189,95,0.6771929824561405,0.8444620842315833,0.6491228070175439,0.7228915662650602
20260525,3,jnu_only,encoder_embedding,any_deceleration_early,258,128,127,61,0.7205774406655249,0.7032019879355786,0.6458282358698312,0.6153846153846154
20260525,3,jnu_only,classical_signal,any_deceleration_early,258,128,127,61,0.7132370932224125,0.7030998189479588,0.6800831906043553,0.672
20260525,3,jnu_only,encoder_embedding,any_deceleration_late,258,128,45,29,0.6245210727969348,0.3204568246345955,0.5827237896203413,0.37142857142857144
20260525,3,jnu_only,classical_signal,any_deceleration_late,258,128,45,29,0.6687565308254964,0.31342913740255945,0.6600487634970393,0.4666666666666667
20260525,3,jnu_only,encoder_embedding,any_deceleration_variable,258,128,130,66,0.7126099706744868,0.7149331663930011,0.6886608015640274,0.6825396825396826
20260525,3,jnu_only,classical_signal,any_deceleration_variable,258,128,130,66,0.6991691104594331,0.6977654753402658,0.6236559139784946,0.6470588235294118
20260525,3,jnu_only,encoder_embedding,any_deceleration_prolonged,258,128,13,6,0.6994535519125683,0.11562973120698078,0.6598360655737705,0.1935483870967742
20260525,3,jnu_only,classical_signal,any_deceleration_prolonged,258,128,13,6,0.6898907103825137,0.09756912174335042,0.639344262295082,0.16666666666666666
20260525,3,jnu_asymmetric,encoder_embedding,any_tachycardia,258,128,25,4,0.6008064516129032,0.04875438288076728,0.4032258064516129,0.0
20260525,3,jnu_asymmetric,classical_signal,any_tachycardia,258,128,25,4,0.9778225806451613,0.7269230769230769,0.9435483870967742,0.36363636363636365
20260525,3,jnu_asymmetric,encoder_embedding,any_acceleration,258,128,123,64,0.6669921875,0.6200926145053138,0.6328125,0.6412213740458015
20260525,3,jnu_asymmetric,classical_signal,any_acceleration,258,128,123,64,0.634521484375,0.6464284103955489,0.5859375,0.5954198473282443
20260525,3,jnu_asymmetric,encoder_embedding,any_deceleration,258,128,189,95,0.6484848484848484,0.8487645716231396,0.6497607655502392,0.7411764705882353
20260525,3,jnu_asymmetric,classical_signal,any_deceleration,258,128,189,95,0.6771929824561405,0.8444620842315833,0.6491228070175439,0.7228915662650602
20260525,3,jnu_asymmetric,encoder_embedding,any_deceleration_early,258,128,127,61,0.6231954979202349,0.574621145745893,0.583924639099584,0.5546218487394958
20260525,3,jnu_asymmetric,classical_signal,any_deceleration_early,258,128,127,61,0.7132370932224125,0.7030998189479588,0.6800831906043553,0.672
20260525,3,jnu_asymmetric,encoder_embedding,any_deceleration_late,258,128,45,29,0.49146638801811215,0.2326860058691944,0.4266805990943922,0.17142857142857143
20260525,3,jnu_asymmetric,classical_signal,any_deceleration_late,258,128,45,29,0.6687565308254964,0.31342913740255945,0.6600487634970393,0.4666666666666667
20260525,3,jnu_asymmetric,encoder_embedding,any_deceleration_variable,258,128,130,66,0.687683284457478,0.7006863290133216,0.6720430107526881,0.676923076923077
20260525,3,jnu_asymmetric,classical_signal,any_deceleration_variable,258,128,130,66,0.6991691104594331,0.6977654753402658,0.6236559139784946,0.6470588235294118
20260525,3,jnu_asymmetric,encoder_embedding,any_deceleration_prolonged,258,128,13,6,0.48907103825136616,0.0792163919589502,0.6229508196721312,0.15
20260525,3,jnu_asymmetric,classical_signal,any_deceleration_prolonged,258,128,13,6,0.6898907103825137,0.09756912174335042,0.639344262295082,0.16666666666666666
20260525,3,ctu_only,encoder_embedding,any_tachycardia,258,128,25,4,0.35685483870967744,0.029164771542820322,0.36693548387096775,0.0
20260525,3,ctu_only,classical_signal,any_tachycardia,258,128,25,4,0.9778225806451613,0.7269230769230769,0.9435483870967742,0.36363636363636365
20260525,3,ctu_only,encoder_embedding,any_acceleration,258,128,123,64,0.66943359375,0.6496222906729894,0.6015625,0.6106870229007634
20260525,3,ctu_only,classical_signal,any_acceleration,258,128,123,64,0.634521484375,0.6464284103955489,0.5859375,0.5954198473282443
20260525,3,ctu_only,encoder_embedding,any_deceleration,258,128,189,95,0.6845295055821372,0.8532887236301966,0.6043062200956937,0.7283236994219653
20260525,3,ctu_only,classical_signal,any_deceleration,258,128,189,95,0.6771929824561405,0.8444620842315833,0.6491228070175439,0.7228915662650602
20260525,3,ctu_only,encoder_embedding,any_deceleration_early,258,128,127,61,0.6271103498898948,0.6192406582484264,0.6130413506239296,0.5663716814159292
20260525,3,ctu_only,classical_signal,any_deceleration_early,258,128,127,61,0.7132370932224125,0.7030998189479588,0.6800831906043553,0.672
20260525,3,ctu_only,encoder_embedding,any_deceleration_late,258,128,45,29,0.5447579240682688,0.2584679140043372,0.48763497039359105,0.275
20260525,3,ctu_only,classical_signal,any_deceleration_late,258,128,45,29,0.6687565308254964,0.31342913740255945,0.6600487634970393,0.4666666666666667
20260525,3,ctu_only,encoder_embedding,any_deceleration_variable,258,128,130,66,0.656891495601173,0.6907446881280034,0.6165689149560117,0.631578947368421
20260525,3,ctu_only,classical_signal,any_deceleration_variable,258,128,130,66,0.6991691104594331,0.6977654753402658,0.6236559139784946,0.6470588235294118
20260525,3,ctu_only,encoder_embedding,any_deceleration_prolonged,258,128,13,6,0.5806010928961749,0.27999685682854,0.6475409836065573,0.17647058823529413
20260525,3,ctu_only,classical_signal,any_deceleration_prolonged,258,128,13,6,0.6898907103825137,0.09756912174335042,0.639344262295082,0.16666666666666666
20260525,3,jnu_to_ctu,encoder_embedding,any_tachycardia,258,128,25,4,0.43548387096774194,0.041934403254738406,0.5443548387096775,0.08
20260525,3,jnu_to_ctu,classical_signal,any_tachycardia,258,128,25,4,0.9778225806451613,0.7269230769230769,0.9435483870967742,0.36363636363636365
20260525,3,jnu_to_ctu,encoder_embedding,any_acceleration,258,128,123,64,0.64697265625,0.6455904549627545,0.5859375,0.5891472868217055
20260525,3,jnu_to_ctu,classical_signal,any_acceleration,258,128,123,64,0.634521484375,0.6464284103955489,0.5859375,0.5954198473282443
20260525,3,jnu_to_ctu,encoder_embedding,any_deceleration,258,128,189,95,0.7425837320574162,0.8809688046648342,0.6497607655502392,0.7411764705882353
20260525,3,jnu_to_ctu,classical_signal,any_deceleration,258,128,189,95,0.6771929824561405,0.8444620842315833,0.6491228070175439,0.7228915662650602
20260525,3,jnu_to_ctu,encoder_embedding,any_deceleration_early,258,128,127,61,0.6980670418399805,0.694520017087031,0.6227061414240274,0.5932203389830508
20260525,3,jnu_to_ctu,classical_signal,any_deceleration_early,258,128,127,61,0.7132370932224125,0.7030998189479588,0.6800831906043553,0.672
20260525,3,jnu_to_ctu,encoder_embedding,any_deceleration_late,258,128,45,29,0.6297457331940091,0.33676323874304354,0.5705329153605015,0.35294117647058826
20260525,3,jnu_to_ctu,classical_signal,any_deceleration_late,258,128,45,29,0.6687565308254964,0.31342913740255945,0.6600487634970393,0.4666666666666667
20260525,3,jnu_to_ctu,encoder_embedding,any_deceleration_variable,258,128,130,66,0.7116324535679375,0.7326874372148409,0.6815738025415445,0.6666666666666666
20260525,3,jnu_to_ctu,classical_signal,any_deceleration_variable,258,128,130,66,0.6991691104594331,0.6977654753402658,0.6236559139784946,0.6470588235294118
20260525,3,jnu_to_ctu,encoder_embedding,any_deceleration_prolonged,258,128,13,6,0.6557377049180328,0.13308080808080808,0.639344262295082,0.16666666666666666
20260525,3,jnu_to_ctu,classical_signal,any_deceleration_prolonged,258,128,13,6,0.6898907103825137,0.09756912174335042,0.639344262295082,0.16666666666666666
