Using TeX bin: /mnt/e/WSL/texlive/2026/bin/x86_64-linux
Project: /mnt/e/Reserch/CTG_Trajectory_Frontiers_Signal_Processing_R1_Revision_20260705/R1_FRONTIERS_ORIGINAL_TEMPLATE_REVIEW_20260707/latex_original_frontiers_template/standalone_supplementary_tables
Main: Supplementary_Table_1_datasets_and_cohort_scale_standalone.tex
Rc files read (in order):
  NONE
Latexmk: This is Latexmk, John Collins, 9 March 2026. Version 4.88.
No specific requests made, so using default for latexmk.
Latexmk: Doing full clean up for 'Supplementary_Table_1_datasets_and_cohort_scale_standalone.tex'

Rc files read (in order):
  NONE
Latexmk: This is Latexmk, John Collins, 9 March 2026. Version 4.88.
No existing .aux file, so I'll make a simple one, and require run of *latex.
Latexmk: applying rule 'pdflatex'...
Rule 'pdflatex':  Reasons for rerun
Category 'other':
  Rerun of 'pdflatex' forced or previously required:
    Reason or flag: 'Initial setup'

------------
Run number 1 of rule 'pdflatex'
------------
------------
Running 'pdflatex  -interaction=nonstopmode -halt-on-error -synctex=1 -recorder  "Supplementary_Table_1_datasets_and_cohort_scale_standalone.tex"'
------------
This is pdfTeX, Version 3.141592653-2.6-1.40.29 (TeX Live 2026) (preloaded format=pdflatex)
 restricted \write18 enabled.
entering extended mode
(./Supplementary_Table_1_datasets_and_cohort_scale_standalone.tex
LaTeX2e <2026-06-01>
L3 programming layer <2026-05-26>
(/mnt/e/WSL/texlive/2026/texmf-dist/tex/latex/base/article.cls
Document Class: article 2025/01/22 v1.4n Standard LaTeX document class
(/mnt/e/WSL/texlive/2026/texmf-dist/tex/latex/base/size11.clo))
(/mnt/e/WSL/texlive/2026/texmf-dist/tex/latex/geometry/geometry.sty
(/mnt/e/WSL/texlive/2026/texmf-dist/tex/latex/graphics/keyval.sty)
(/mnt/e/WSL/texlive/2026/texmf-dist/tex/generic/iftex/ifvtex.sty
(/mnt/e/WSL/texlive/2026/texmf-dist/tex/generic/iftex/iftex.sty)))
(/mnt/e/WSL/texlive/2026/texmf-dist/tex/latex/booktabs/booktabs.sty)
(/mnt/e/WSL/texlive/2026/texmf-dist/tex/latex/tools/longtable.sty)
(/mnt/e/WSL/texlive/2026/texmf-dist/tex/latex/tools/array.sty)
(/mnt/e/WSL/texlive/2026/texmf-dist/tex/latex/pdflscape/pdflscape.sty
(/mnt/e/WSL/texlive/2026/texmf-dist/tex/latex/pdflscape/pdflscape-nometadata.st
y (/mnt/e/WSL/texlive/2026/texmf-dist/tex/latex/graphics/lscape.sty
(/mnt/e/WSL/texlive/2026/texmf-dist/tex/latex/graphics/graphics.sty
(/mnt/e/WSL/texlive/2026/texmf-dist/tex/latex/graphics/trig.sty)
(/mnt/e/WSL/texlive/2026/texmf-dist/tex/latex/graphics-cfg/graphics.cfg)
(/mnt/e/WSL/texlive/2026/texmf-dist/tex/latex/graphics-def/pdftex.def)))))
(/mnt/e/WSL/texlive/2026/texmf-dist/tex/latex/url/url.sty)
(/mnt/e/WSL/texlive/2026/texmf-dist/tex/latex/hyperref/hyperref.sty
(/mnt/e/WSL/texlive/2026/texmf-dist/tex/latex/kvsetkeys/kvsetkeys.sty)
(/mnt/e/WSL/texlive/2026/texmf-dist/tex/generic/kvdefinekeys/kvdefinekeys.sty)
(/mnt/e/WSL/texlive/2026/texmf-dist/tex/generic/pdfescape/pdfescape.sty
(/mnt/e/WSL/texlive/2026/texmf-dist/tex/generic/ltxcmds/ltxcmds.sty)
(/mnt/e/WSL/texlive/2026/texmf-dist/tex/generic/pdftexcmds/pdftexcmds.sty
(/mnt/e/WSL/texlive/2026/texmf-dist/tex/generic/infwarerr/infwarerr.sty)))
(/mnt/e/WSL/texlive/2026/texmf-dist/tex/latex/hycolor/hycolor.sty)
(/mnt/e/WSL/texlive/2026/texmf-dist/tex/latex/hyperref/nameref.sty
(/mnt/e/WSL/texlive/2026/texmf-dist/tex/latex/refcount/refcount.sty)
(/mnt/e/WSL/texlive/2026/texmf-dist/tex/generic/gettitlestring/gettitlestring.s
ty (/mnt/e/WSL/texlive/2026/texmf-dist/tex/latex/kvoptions/kvoptions.sty)))
(/mnt/e/WSL/texlive/2026/texmf-dist/tex/latex/etoolbox/etoolbox.sty)
(/mnt/e/WSL/texlive/2026/texmf-dist/tex/generic/stringenc/stringenc.sty)
(/mnt/e/WSL/texlive/2026/texmf-dist/tex/latex/hyperref/pd1enc.def)
(/mnt/e/WSL/texlive/2026/texmf-dist/tex/generic/intcalc/intcalc.sty)
(/mnt/e/WSL/texlive/2026/texmf-dist/tex/latex/hyperref/puenc.def)
(/mnt/e/WSL/texlive/2026/texmf-dist/tex/generic/bitset/bitset.sty
(/mnt/e/WSL/texlive/2026/texmf-dist/tex/generic/bigintcalc/bigintcalc.sty)))
(/mnt/e/WSL/texlive/2026/texmf-dist/tex/latex/hyperref/hpdftex.def
(/mnt/e/WSL/texlive/2026/texmf-dist/tex/latex/rerunfilecheck/rerunfilecheck.sty

(/mnt/e/WSL/texlive/2026/texmf-dist/tex/generic/uniquecounter/uniquecounter.sty
))) (/mnt/e/WSL/texlive/2026/texmf-dist/tex/latex/microtype/microtype.sty
(/mnt/e/WSL/texlive/2026/texmf-dist/tex/latex/microtype/microtype-pdftex.def)
(/mnt/e/WSL/texlive/2026/texmf-dist/tex/latex/microtype/microtype.cfg))
(/mnt/e/WSL/texlive/2026/texmf-dist/tex/latex/l3backend/l3backend-pdftex.def)
(./Supplementary_Table_1_datasets_and_cohort_scale_standalone.aux)
*geometry* driver: auto-detecting
*geometry* detected driver: pdftex
(/mnt/e/WSL/texlive/2026/texmf-dist/tex/context/base/mkii/supp-pdf.mkii
[Loading MPS to PDF converter (version 2006.09.02).]
) (/mnt/e/WSL/texlive/2026/texmf-dist/tex/latex/epstopdf-pkg/epstopdf-base.sty
(/mnt/e/WSL/texlive/2026/texmf-dist/tex/latex/latexconfig/epstopdf-sys.cfg))
(/mnt/e/WSL/texlive/2026/texmf-dist/tex/latex/microtype/mt-cmr.cfg)
Underfull \hbox (badness 1043) in paragraph at lines 20--21
\OT1/cmr/m/n/10.95 (+20) Standalone dis-play ver-sion for La-TeX up-load/review
. Machine-readable source: source[]tables/
[1{/mnt/e/WSL/texlive/2026/texmf-var/fonts/map/pdftex/updmap/pdftex.map}]
Underfull \hbox (badness 10000) in alignment at lines 28--33
 [] [] [] [] [] 

Underfull \hbox (badness 10000) in alignment at lines 33--38
 [] [] [] [] [] 

Underfull \hbox (badness 10000) in alignment at lines 38--39
 [] [] [] [] [] 

Underfull \hbox (badness 10000) in alignment at lines 39--41
 [] [] [] [] [] 

Underfull \hbox (badness 10000) in alignment at lines 41--50
 [] [] [] [] [] 
[2]
Underfull \hbox (badness 10000) in alignment at lines 61--66
 [] [] [] [] [] 

Underfull \hbox (badness 10000) in alignment at lines 66--71
 [] [] [] [] [] 

Underfull \hbox (badness 10000) in alignment at lines 71--72
 [] [] [] [] [] 

Underfull \hbox (badness 10000) in alignment at lines 72--74
 [] [] [] [] [] 

Underfull \hbox (badness 10000) in alignment at lines 74--83
 [] [] [] [] [] 
[3]
Underfull \hbox (badness 10000) in alignment at lines 94--99
 [] [] [] [] 

Underfull \hbox (badness 10000) in alignment at lines 99--104
 [] [] [] [] 

Underfull \hbox (badness 10000) in alignment at lines 104--105
 [] [] [] [] 

Underfull \hbox (badness 10000) in alignment at lines 105--107
 [] [] [] [] 

Underfull \hbox (badness 10000) in alignment at lines 107--116
 [] [] [] [] 
[4] (./Supplementary_Table_1_datasets_and_cohort_scale_standalone.aux)

LaTeX Warning: Label(s) may have changed. Rerun to get cross-references right.


Package rerunfilecheck Warning: File `Supplementary_Table_1_datasets_and_cohort
_scale_standalone.out' has changed.
(rerunfilecheck)                Rerun to get outlines right
(rerunfilecheck)                or use package `bookmark'.

 )
(see the transcript file for additional information)</mnt/e/WSL/texlive/2026/te
xmf-dist/fonts/type1/public/amsfonts/cm/cmbx12.pfb></mnt/e/WSL/texlive/2026/tex
mf-dist/fonts/type1/public/amsfonts/cm/cmr10.pfb></mnt/e/WSL/texlive/2026/texmf
-dist/fonts/type1/public/amsfonts/cm/cmr12.pfb></mnt/e/WSL/texlive/2026/texmf-d
ist/fonts/type1/public/amsfonts/cm/cmr17.pfb></mnt/e/WSL/texlive/2026/texmf-dis
t/fonts/type1/public/amsfonts/cm/cmr8.pfb>
Output written on Supplementary_Table_1_datasets_and_cohort_scale_standalone.pd
f (4 pages, 80508 bytes).
SyncTeX written on Supplementary_Table_1_datasets_and_cohort_scale_standalone.synctex.gz.
Transcript written on Supplementary_Table_1_datasets_and_cohort_scale_standalon
e.log.
Latexmk: Getting log file 'Supplementary_Table_1_datasets_and_cohort_scale_standalone.log'
Latexmk: Examining 'Supplementary_Table_1_datasets_and_cohort_scale_standalone.fls'
Latexmk: Examining 'Supplementary_Table_1_datasets_and_cohort_scale_standalone.log'
Latexmk: References changed.
Latexmk: References changed.
Latexmk: Log file says output to 'Supplementary_Table_1_datasets_and_cohort_scale_standalone.pdf'
Latexmk: applying rule 'pdflatex'...
Rule 'pdflatex':  Reasons for rerun
Changed files or newly in use/created:
  Supplementary_Table_1_datasets_and_cohort_scale_standalone.aux
  Supplementary_Table_1_datasets_and_cohort_scale_standalone.out

------------
Run number 2 of rule 'pdflatex'
------------
------------
Running 'pdflatex  -interaction=nonstopmode -halt-on-error -synctex=1 -recorder  "Supplementary_Table_1_datasets_and_cohort_scale_standalone.tex"'
------------
This is pdfTeX, Version 3.141592653-2.6-1.40.29 (TeX Live 2026) (preloaded format=pdflatex)
 restricted \write18 enabled.
entering extended mode
(./Supplementary_Table_1_datasets_and_cohort_scale_standalone.tex
LaTeX2e <2026-06-01>
L3 programming layer <2026-05-26>
(/mnt/e/WSL/texlive/2026/texmf-dist/tex/latex/base/article.cls
Document Class: article 2025/01/22 v1.4n Standard LaTeX document class
(/mnt/e/WSL/texlive/2026/texmf-dist/tex/latex/base/size11.clo))
(/mnt/e/WSL/texlive/2026/texmf-dist/tex/latex/geometry/geometry.sty
(/mnt/e/WSL/texlive/2026/texmf-dist/tex/latex/graphics/keyval.sty)
(/mnt/e/WSL/texlive/2026/texmf-dist/tex/generic/iftex/ifvtex.sty
(/mnt/e/WSL/texlive/2026/texmf-dist/tex/generic/iftex/iftex.sty)))
(/mnt/e/WSL/texlive/2026/texmf-dist/tex/latex/booktabs/booktabs.sty)
(/mnt/e/WSL/texlive/2026/texmf-dist/tex/latex/tools/longtable.sty)
(/mnt/e/WSL/texlive/2026/texmf-dist/tex/latex/tools/array.sty)
(/mnt/e/WSL/texlive/2026/texmf-dist/tex/latex/pdflscape/pdflscape.sty
(/mnt/e/WSL/texlive/2026/texmf-dist/tex/latex/pdflscape/pdflscape-nometadata.st
y (/mnt/e/WSL/texlive/2026/texmf-dist/tex/latex/graphics/lscape.sty
(/mnt/e/WSL/texlive/2026/texmf-dist/tex/latex/graphics/graphics.sty
(/mnt/e/WSL/texlive/2026/texmf-dist/tex/latex/graphics/trig.sty)
(/mnt/e/WSL/texlive/2026/texmf-dist/tex/latex/graphics-cfg/graphics.cfg)
(/mnt/e/WSL/texlive/2026/texmf-dist/tex/latex/graphics-def/pdftex.def)))))
(/mnt/e/WSL/texlive/2026/texmf-dist/tex/latex/url/url.sty)
(/mnt/e/WSL/texlive/2026/texmf-dist/tex/latex/hyperref/hyperref.sty
(/mnt/e/WSL/texlive/2026/texmf-dist/tex/latex/kvsetkeys/kvsetkeys.sty)
(/mnt/e/WSL/texlive/2026/texmf-dist/tex/generic/kvdefinekeys/kvdefinekeys.sty)
(/mnt/e/WSL/texlive/2026/texmf-dist/tex/generic/pdfescape/pdfescape.sty
(/mnt/e/WSL/texlive/2026/texmf-dist/tex/generic/ltxcmds/ltxcmds.sty)
(/mnt/e/WSL/texlive/2026/texmf-dist/tex/generic/pdftexcmds/pdftexcmds.sty
(/mnt/e/WSL/texlive/2026/texmf-dist/tex/generic/infwarerr/infwarerr.sty)))
(/mnt/e/WSL/texlive/2026/texmf-dist/tex/latex/hycolor/hycolor.sty)
(/mnt/e/WSL/texlive/2026/texmf-dist/tex/latex/hyperref/nameref.sty
(/mnt/e/WSL/texlive/2026/texmf-dist/tex/latex/refcount/refcount.sty)
(/mnt/e/WSL/texlive/2026/texmf-dist/tex/generic/gettitlestring/gettitlestring.s
ty (/mnt/e/WSL/texlive/2026/texmf-dist/tex/latex/kvoptions/kvoptions.sty)))
(/mnt/e/WSL/texlive/2026/texmf-dist/tex/latex/etoolbox/etoolbox.sty)
(/mnt/e/WSL/texlive/2026/texmf-dist/tex/generic/stringenc/stringenc.sty)
(/mnt/e/WSL/texlive/2026/texmf-dist/tex/latex/hyperref/pd1enc.def)
(/mnt/e/WSL/texlive/2026/texmf-dist/tex/generic/intcalc/intcalc.sty)
(/mnt/e/WSL/texlive/2026/texmf-dist/tex/latex/hyperref/puenc.def)
(/mnt/e/WSL/texlive/2026/texmf-dist/tex/generic/bitset/bitset.sty
(/mnt/e/WSL/texlive/2026/texmf-dist/tex/generic/bigintcalc/bigintcalc.sty)))
(/mnt/e/WSL/texlive/2026/texmf-dist/tex/latex/hyperref/hpdftex.def
(/mnt/e/WSL/texlive/2026/texmf-dist/tex/latex/rerunfilecheck/rerunfilecheck.sty

(/mnt/e/WSL/texlive/2026/texmf-dist/tex/generic/uniquecounter/uniquecounter.sty
))) (/mnt/e/WSL/texlive/2026/texmf-dist/tex/latex/microtype/microtype.sty
(/mnt/e/WSL/texlive/2026/texmf-dist/tex/latex/microtype/microtype-pdftex.def)
(/mnt/e/WSL/texlive/2026/texmf-dist/tex/latex/microtype/microtype.cfg))
(/mnt/e/WSL/texlive/2026/texmf-dist/tex/latex/l3backend/l3backend-pdftex.def)
(./Supplementary_Table_1_datasets_and_cohort_scale_standalone.aux)
*geometry* driver: auto-detecting
*geometry* detected driver: pdftex
(/mnt/e/WSL/texlive/2026/texmf-dist/tex/context/base/mkii/supp-pdf.mkii
[Loading MPS to PDF converter (version 2006.09.02).]
) (/mnt/e/WSL/texlive/2026/texmf-dist/tex/latex/epstopdf-pkg/epstopdf-base.sty
(/mnt/e/WSL/texlive/2026/texmf-dist/tex/latex/latexconfig/epstopdf-sys.cfg))
(./Supplementary_Table_1_datasets_and_cohort_scale_standalone.out)
(./Supplementary_Table_1_datasets_and_cohort_scale_standalone.out)
(/mnt/e/WSL/texlive/2026/texmf-dist/tex/latex/microtype/mt-cmr.cfg)
Underfull \hbox (badness 1043) in paragraph at lines 20--21
\OT1/cmr/m/n/10.95 (+20) Standalone dis-play ver-sion for La-TeX up-load/review
. Machine-readable source: source[]tables/
[1{/mnt/e/WSL/texlive/2026/texmf-var/fonts/map/pdftex/updmap/pdftex.map}]
Underfull \hbox (badness 10000) in alignment at lines 28--33
 [] [] [] [] [] 

Underfull \hbox (badness 10000) in alignment at lines 33--38
 [] [] [] [] [] 

Underfull \hbox (badness 10000) in alignment at lines 38--39
 [] [] [] [] [] 

Underfull \hbox (badness 10000) in alignment at lines 39--41
 [] [] [] [] [] 

Underfull \hbox (badness 10000) in alignment at lines 41--50
 [] [] [] [] [] 
[2]
Underfull \hbox (badness 10000) in alignment at lines 61--66
 [] [] [] [] [] 

Underfull \hbox (badness 10000) in alignment at lines 66--71
 [] [] [] [] [] 

Underfull \hbox (badness 10000) in alignment at lines 71--72
 [] [] [] [] [] 

Underfull \hbox (badness 10000) in alignment at lines 72--74
 [] [] [] [] [] 

Underfull \hbox (badness 10000) in alignment at lines 74--83
 [] [] [] [] [] 
[3]
Underfull \hbox (badness 10000) in alignment at lines 94--99
 [] [] [] [] 

Underfull \hbox (badness 10000) in alignment at lines 99--104
 [] [] [] [] 

Underfull \hbox (badness 10000) in alignment at lines 104--105
 [] [] [] [] 

Underfull \hbox (badness 10000) in alignment at lines 105--107
 [] [] [] [] 

Underfull \hbox (badness 10000) in alignment at lines 107--116
 [] [] [] [] 
[4] (./Supplementary_Table_1_datasets_and_cohort_scale_standalone.aux) )
(see the transcript file for additional information)</mnt/e/WSL/texlive/2026/te
xmf-dist/fonts/type1/public/amsfonts/cm/cmbx12.pfb></mnt/e/WSL/texlive/2026/tex
mf-dist/fonts/type1/public/amsfonts/cm/cmr10.pfb></mnt/e/WSL/texlive/2026/texmf
-dist/fonts/type1/public/amsfonts/cm/cmr12.pfb></mnt/e/WSL/texlive/2026/texmf-d
ist/fonts/type1/public/amsfonts/cm/cmr17.pfb></mnt/e/WSL/texlive/2026/texmf-dis
t/fonts/type1/public/amsfonts/cm/cmr8.pfb>
Output written on Supplementary_Table_1_datasets_and_cohort_scale_standalone.pd
f (4 pages, 80508 bytes).
SyncTeX written on Supplementary_Table_1_datasets_and_cohort_scale_standalone.synctex.gz.
Transcript written on Supplementary_Table_1_datasets_and_cohort_scale_standalon
e.log.
Latexmk: Getting log file 'Supplementary_Table_1_datasets_and_cohort_scale_standalone.log'
Latexmk: Examining 'Supplementary_Table_1_datasets_and_cohort_scale_standalone.fls'
Latexmk: Examining 'Supplementary_Table_1_datasets_and_cohort_scale_standalone.log'
Latexmk: Log file says output to 'Supplementary_Table_1_datasets_and_cohort_scale_standalone.pdf'
Latexmk: All targets (Supplementary_Table_1_datasets_and_cohort_scale_standalone.pdf) are up-to-date

Using TeX bin: /mnt/e/WSL/texlive/2026/bin/x86_64-linux
Project: /mnt/e/Reserch/CTG_Trajectory_Frontiers_Signal_Processing_R1_Revision_20260705/R1_FRONTIERS_ORIGINAL_TEMPLATE_REVIEW_20260707/latex_original_frontiers_template/standalone_supplementary_tables
Main: Supplementary_Table_10_TRIPOD_AI_checklist_standalone.tex
Rc files read (in order):
  NONE
Latexmk: This is Latexmk, John Collins, 9 March 2026. Version 4.88.
No specific requests made, so using default for latexmk.
Latexmk: Doing full clean up for 'Supplementary_Table_10_TRIPOD_AI_checklist_standalone.tex'

Rc files read (in order):
  NONE
Latexmk: This is Latexmk, John Collins, 9 March 2026. Version 4.88.
No existing .aux file, so I'll make a simple one, and require run of *latex.
Latexmk: applying rule 'pdflatex'...
Rule 'pdflatex':  Reasons for rerun
Category 'other':
  Rerun of 'pdflatex' forced or previously required:
    Reason or flag: 'Initial setup'

------------
Run number 1 of rule 'pdflatex'
------------
------------
Running 'pdflatex  -interaction=nonstopmode -halt-on-error -synctex=1 -recorder  "Supplementary_Table_10_TRIPOD_AI_checklist_standalone.tex"'
------------
This is pdfTeX, Version 3.141592653-2.6-1.40.29 (TeX Live 2026) (preloaded format=pdflatex)
 restricted \write18 enabled.
entering extended mode
(./Supplementary_Table_10_TRIPOD_AI_checklist_standalone.tex
LaTeX2e <2026-06-01>
L3 programming layer <2026-05-26>
(/mnt/e/WSL/texlive/2026/texmf-dist/tex/latex/base/article.cls
Document Class: article 2025/01/22 v1.4n Standard LaTeX document class
(/mnt/e/WSL/texlive/2026/texmf-dist/tex/latex/base/size11.clo))
(/mnt/e/WSL/texlive/2026/texmf-dist/tex/latex/geometry/geometry.sty
(/mnt/e/WSL/texlive/2026/texmf-dist/tex/latex/graphics/keyval.sty)
(/mnt/e/WSL/texlive/2026/texmf-dist/tex/generic/iftex/ifvtex.sty
(/mnt/e/WSL/texlive/2026/texmf-dist/tex/generic/iftex/iftex.sty)))
(/mnt/e/WSL/texlive/2026/texmf-dist/tex/latex/booktabs/booktabs.sty)
(/mnt/e/WSL/texlive/2026/texmf-dist/tex/latex/tools/longtable.sty)
(/mnt/e/WSL/texlive/2026/texmf-dist/tex/latex/tools/array.sty)
(/mnt/e/WSL/texlive/2026/texmf-dist/tex/latex/pdflscape/pdflscape.sty
(/mnt/e/WSL/texlive/2026/texmf-dist/tex/latex/pdflscape/pdflscape-nometadata.st
y (/mnt/e/WSL/texlive/2026/texmf-dist/tex/latex/graphics/lscape.sty
(/mnt/e/WSL/texlive/2026/texmf-dist/tex/latex/graphics/graphics.sty
(/mnt/e/WSL/texlive/2026/texmf-dist/tex/latex/graphics/trig.sty)
(/mnt/e/WSL/texlive/2026/texmf-dist/tex/latex/graphics-cfg/graphics.cfg)
(/mnt/e/WSL/texlive/2026/texmf-dist/tex/latex/graphics-def/pdftex.def)))))
(/mnt/e/WSL/texlive/2026/texmf-dist/tex/latex/url/url.sty)
(/mnt/e/WSL/texlive/2026/texmf-dist/tex/latex/hyperref/hyperref.sty
(/mnt/e/WSL/texlive/2026/texmf-dist/tex/latex/kvsetkeys/kvsetkeys.sty)
(/mnt/e/WSL/texlive/2026/texmf-dist/tex/generic/kvdefinekeys/kvdefinekeys.sty)
(/mnt/e/WSL/texlive/2026/texmf-dist/tex/generic/pdfescape/pdfescape.sty
(/mnt/e/WSL/texlive/2026/texmf-dist/tex/generic/ltxcmds/ltxcmds.sty)
(/mnt/e/WSL/texlive/2026/texmf-dist/tex/generic/pdftexcmds/pdftexcmds.sty
(/mnt/e/WSL/texlive/2026/texmf-dist/tex/generic/infwarerr/infwarerr.sty)))
(/mnt/e/WSL/texlive/2026/texmf-dist/tex/latex/hycolor/hycolor.sty)
(/mnt/e/WSL/texlive/2026/texmf-dist/tex/latex/hyperref/nameref.sty
(/mnt/e/WSL/texlive/2026/texmf-dist/tex/latex/refcount/refcount.sty)
(/mnt/e/WSL/texlive/2026/texmf-dist/tex/generic/gettitlestring/gettitlestring.s
ty (/mnt/e/WSL/texlive/2026/texmf-dist/tex/latex/kvoptions/kvoptions.sty)))
(/mnt/e/WSL/texlive/2026/texmf-dist/tex/latex/etoolbox/etoolbox.sty)
(/mnt/e/WSL/texlive/2026/texmf-dist/tex/generic/stringenc/stringenc.sty)
(/mnt/e/WSL/texlive/2026/texmf-dist/tex/latex/hyperref/pd1enc.def)
(/mnt/e/WSL/texlive/2026/texmf-dist/tex/generic/intcalc/intcalc.sty)
(/mnt/e/WSL/texlive/2026/texmf-dist/tex/latex/hyperref/puenc.def)
(/mnt/e/WSL/texlive/2026/texmf-dist/tex/generic/bitset/bitset.sty
(/mnt/e/WSL/texlive/2026/texmf-dist/tex/generic/bigintcalc/bigintcalc.sty)))
(/mnt/e/WSL/texlive/2026/texmf-dist/tex/latex/hyperref/hpdftex.def
(/mnt/e/WSL/texlive/2026/texmf-dist/tex/latex/rerunfilecheck/rerunfilecheck.sty

(/mnt/e/WSL/texlive/2026/texmf-dist/tex/generic/uniquecounter/uniquecounter.sty
))) (/mnt/e/WSL/texlive/2026/texmf-dist/tex/latex/microtype/microtype.sty
(/mnt/e/WSL/texlive/2026/texmf-dist/tex/latex/microtype/microtype-pdftex.def)
(/mnt/e/WSL/texlive/2026/texmf-dist/tex/latex/microtype/microtype.cfg))
(/mnt/e/WSL/texlive/2026/texmf-dist/tex/latex/l3backend/l3backend-pdftex.def)
(./Supplementary_Table_10_TRIPOD_AI_checklist_standalone.aux)
*geometry* driver: auto-detecting
*geometry* detected driver: pdftex
(/mnt/e/WSL/texlive/2026/texmf-dist/tex/context/base/mkii/supp-pdf.mkii
[Loading MPS to PDF converter (version 2006.09.02).]
) (/mnt/e/WSL/texlive/2026/texmf-dist/tex/latex/epstopdf-pkg/epstopdf-base.sty
(/mnt/e/WSL/texlive/2026/texmf-dist/tex/latex/latexconfig/epstopdf-sys.cfg))
(/mnt/e/WSL/texlive/2026/texmf-dist/tex/latex/microtype/mt-cmr.cfg)
Underfull \hbox (badness 1043) in paragraph at lines 20--21
\OT1/cmr/m/n/10.95 (+20) Standalone dis-play ver-sion for La-TeX up-load/review
. Machine-readable source: source[]tables/
[1{/mnt/e/WSL/texlive/2026/texmf-var/fonts/map/pdftex/updmap/pdftex.map}]
Underfull \hbox (badness 10000) in alignment at lines 28--33
 [] [] [] [] [] 

Underfull \hbox (badness 10000) in alignment at lines 33--38
 [] [] [] [] [] 

Underfull \hbox (badness 10000) in alignment at lines 38--39
 [] [] [] [] [] 

Underfull \hbox (badness 10000) in alignment at lines 39--41
 [] [] [] [] [] 

Underfull \hbox (badness 10000) in alignment at lines 41--94
 [] [] [] [] [] 
[2] [3] [4] [5] (./Supplementary_Table_10_TRIPOD_AI_checklist_standalone.aux)

LaTeX Warning: Label(s) may have changed. Rerun to get cross-references right.


Package rerunfilecheck Warning: File `Supplementary_Table_10_TRIPOD_AI_checklis
t_standalone.out' has changed.
(rerunfilecheck)                Rerun to get outlines right
(rerunfilecheck)                or use package `bookmark'.

 )
(see the transcript file for additional information)</mnt/e/WSL/texlive/2026/te
xmf-dist/fonts/type1/public/amsfonts/cm/cmbx12.pfb></mnt/e/WSL/texlive/2026/tex
mf-dist/fonts/type1/public/amsfonts/cm/cmr10.pfb></mnt/e/WSL/texlive/2026/texmf
-dist/fonts/type1/public/amsfonts/cm/cmr12.pfb></mnt/e/WSL/texlive/2026/texmf-d
ist/fonts/type1/public/amsfonts/cm/cmr17.pfb></mnt/e/WSL/texlive/2026/texmf-dis
t/fonts/type1/public/amsfonts/cm/cmr8.pfb></mnt/e/WSL/texlive/2026/texmf-dist/f
onts/type1/public/amsfonts/cm/cmti8.pfb>
Output written on Supplementary_Table_10_TRIPOD_AI_checklist_standalone.pdf (5 
pages, 100785 bytes).
SyncTeX written on Supplementary_Table_10_TRIPOD_AI_checklist_standalone.synctex.gz.
Transcript written on Supplementary_Table_10_TRIPOD_AI_checklist_standalone.log
.
Latexmk: Getting log file 'Supplementary_Table_10_TRIPOD_AI_checklist_standalone.log'
Latexmk: Examining 'Supplementary_Table_10_TRIPOD_AI_checklist_standalone.fls'
Latexmk: Examining 'Supplementary_Table_10_TRIPOD_AI_checklist_standalone.log'
Latexmk: References changed.
Latexmk: References changed.
Latexmk: Log file says output to 'Supplementary_Table_10_TRIPOD_AI_checklist_standalone.pdf'
Latexmk: applying rule 'pdflatex'...
Rule 'pdflatex':  Reasons for rerun
Changed files or newly in use/created:
  Supplementary_Table_10_TRIPOD_AI_checklist_standalone.aux
  Supplementary_Table_10_TRIPOD_AI_checklist_standalone.out

------------
Run number 2 of rule 'pdflatex'
------------
------------
Running 'pdflatex  -interaction=nonstopmode -halt-on-error -synctex=1 -recorder  "Supplementary_Table_10_TRIPOD_AI_checklist_standalone.tex"'
------------
This is pdfTeX, Version 3.141592653-2.6-1.40.29 (TeX Live 2026) (preloaded format=pdflatex)
 restricted \write18 enabled.
entering extended mode
(./Supplementary_Table_10_TRIPOD_AI_checklist_standalone.tex
LaTeX2e <2026-06-01>
L3 programming layer <2026-05-26>
(/mnt/e/WSL/texlive/2026/texmf-dist/tex/latex/base/article.cls
Document Class: article 2025/01/22 v1.4n Standard LaTeX document class
(/mnt/e/WSL/texlive/2026/texmf-dist/tex/latex/base/size11.clo))
(/mnt/e/WSL/texlive/2026/texmf-dist/tex/latex/geometry/geometry.sty
(/mnt/e/WSL/texlive/2026/texmf-dist/tex/latex/graphics/keyval.sty)
(/mnt/e/WSL/texlive/2026/texmf-dist/tex/generic/iftex/ifvtex.sty
(/mnt/e/WSL/texlive/2026/texmf-dist/tex/generic/iftex/iftex.sty)))
(/mnt/e/WSL/texlive/2026/texmf-dist/tex/latex/booktabs/booktabs.sty)
(/mnt/e/WSL/texlive/2026/texmf-dist/tex/latex/tools/longtable.sty)
(/mnt/e/WSL/texlive/2026/texmf-dist/tex/latex/tools/array.sty)
(/mnt/e/WSL/texlive/2026/texmf-dist/tex/latex/pdflscape/pdflscape.sty
(/mnt/e/WSL/texlive/2026/texmf-dist/tex/latex/pdflscape/pdflscape-nometadata.st
y (/mnt/e/WSL/texlive/2026/texmf-dist/tex/latex/graphics/lscape.sty
(/mnt/e/WSL/texlive/2026/texmf-dist/tex/latex/graphics/graphics.sty
(/mnt/e/WSL/texlive/2026/texmf-dist/tex/latex/graphics/trig.sty)
(/mnt/e/WSL/texlive/2026/texmf-dist/tex/latex/graphics-cfg/graphics.cfg)
(/mnt/e/WSL/texlive/2026/texmf-dist/tex/latex/graphics-def/pdftex.def)))))
(/mnt/e/WSL/texlive/2026/texmf-dist/tex/latex/url/url.sty)
(/mnt/e/WSL/texlive/2026/texmf-dist/tex/latex/hyperref/hyperref.sty
(/mnt/e/WSL/texlive/2026/texmf-dist/tex/latex/kvsetkeys/kvsetkeys.sty)
(/mnt/e/WSL/texlive/2026/texmf-dist/tex/generic/kvdefinekeys/kvdefinekeys.sty)
(/mnt/e/WSL/texlive/2026/texmf-dist/tex/generic/pdfescape/pdfescape.sty
(/mnt/e/WSL/texlive/2026/texmf-dist/tex/generic/ltxcmds/ltxcmds.sty)
(/mnt/e/WSL/texlive/2026/texmf-dist/tex/generic/pdftexcmds/pdftexcmds.sty
(/mnt/e/WSL/texlive/2026/texmf-dist/tex/generic/infwarerr/infwarerr.sty)))
(/mnt/e/WSL/texlive/2026/texmf-dist/tex/latex/hycolor/hycolor.sty)
(/mnt/e/WSL/texlive/2026/texmf-dist/tex/latex/hyperref/nameref.sty
(/mnt/e/WSL/texlive/2026/texmf-dist/tex/latex/refcount/refcount.sty)
(/mnt/e/WSL/texlive/2026/texmf-dist/tex/generic/gettitlestring/gettitlestring.s
ty (/mnt/e/WSL/texlive/2026/texmf-dist/tex/latex/kvoptions/kvoptions.sty)))
(/mnt/e/WSL/texlive/2026/texmf-dist/tex/latex/etoolbox/etoolbox.sty)
(/mnt/e/WSL/texlive/2026/texmf-dist/tex/generic/stringenc/stringenc.sty)
(/mnt/e/WSL/texlive/2026/texmf-dist/tex/latex/hyperref/pd1enc.def)
(/mnt/e/WSL/texlive/2026/texmf-dist/tex/generic/intcalc/intcalc.sty)
(/mnt/e/WSL/texlive/2026/texmf-dist/tex/latex/hyperref/puenc.def)
(/mnt/e/WSL/texlive/2026/texmf-dist/tex/generic/bitset/bitset.sty
(/mnt/e/WSL/texlive/2026/texmf-dist/tex/generic/bigintcalc/bigintcalc.sty)))
(/mnt/e/WSL/texlive/2026/texmf-dist/tex/latex/hyperref/hpdftex.def
(/mnt/e/WSL/texlive/2026/texmf-dist/tex/latex/rerunfilecheck/rerunfilecheck.sty

(/mnt/e/WSL/texlive/2026/texmf-dist/tex/generic/uniquecounter/uniquecounter.sty
))) (/mnt/e/WSL/texlive/2026/texmf-dist/tex/latex/microtype/microtype.sty
(/mnt/e/WSL/texlive/2026/texmf-dist/tex/latex/microtype/microtype-pdftex.def)
(/mnt/e/WSL/texlive/2026/texmf-dist/tex/latex/microtype/microtype.cfg))
(/mnt/e/WSL/texlive/2026/texmf-dist/tex/latex/l3backend/l3backend-pdftex.def)
(./Supplementary_Table_10_TRIPOD_AI_checklist_standalone.aux)
*geometry* driver: auto-detecting
*geometry* detected driver: pdftex
(/mnt/e/WSL/texlive/2026/texmf-dist/tex/context/base/mkii/supp-pdf.mkii
[Loading MPS to PDF converter (version 2006.09.02).]
) (/mnt/e/WSL/texlive/2026/texmf-dist/tex/latex/epstopdf-pkg/epstopdf-base.sty
(/mnt/e/WSL/texlive/2026/texmf-dist/tex/latex/latexconfig/epstopdf-sys.cfg))
(./Supplementary_Table_10_TRIPOD_AI_checklist_standalone.out)
(./Supplementary_Table_10_TRIPOD_AI_checklist_standalone.out)
(/mnt/e/WSL/texlive/2026/texmf-dist/tex/latex/microtype/mt-cmr.cfg)
Underfull \hbox (badness 1043) in paragraph at lines 20--21
\OT1/cmr/m/n/10.95 (+20) Standalone dis-play ver-sion for La-TeX up-load/review
. Machine-readable source: source[]tables/
[1{/mnt/e/WSL/texlive/2026/texmf-var/fonts/map/pdftex/updmap/pdftex.map}]
Underfull \hbox (badness 10000) in alignment at lines 28--33
 [] [] [] [] [] 

Underfull \hbox (badness 10000) in alignment at lines 33--38
 [] [] [] [] [] 

Underfull \hbox (badness 10000) in alignment at lines 38--39
 [] [] [] [] [] 

Underfull \hbox (badness 10000) in alignment at lines 39--41
 [] [] [] [] [] 

Underfull \hbox (badness 10000) in alignment at lines 41--94
 [] [] [] [] [] 
[2] [3] [4] [5] (./Supplementary_Table_10_TRIPOD_AI_checklist_standalone.aux) )
(see the transcript file for additional information)</mnt/e/WSL/texlive/2026/te
xmf-dist/fonts/type1/public/amsfonts/cm/cmbx12.pfb></mnt/e/WSL/texlive/2026/tex
mf-dist/fonts/type1/public/amsfonts/cm/cmr10.pfb></mnt/e/WSL/texlive/2026/texmf
-dist/fonts/type1/public/amsfonts/cm/cmr12.pfb></mnt/e/WSL/texlive/2026/texmf-d
ist/fonts/type1/public/amsfonts/cm/cmr17.pfb></mnt/e/WSL/texlive/2026/texmf-dis
t/fonts/type1/public/amsfonts/cm/cmr8.pfb></mnt/e/WSL/texlive/2026/texmf-dist/f
onts/type1/public/amsfonts/cm/cmti8.pfb>
Output written on Supplementary_Table_10_TRIPOD_AI_checklist_standalone.pdf (5 
pages, 100785 bytes).
SyncTeX written on Supplementary_Table_10_TRIPOD_AI_checklist_standalone.synctex.gz.
Transcript written on Supplementary_Table_10_TRIPOD_AI_checklist_standalone.log
.
Latexmk: Getting log file 'Supplementary_Table_10_TRIPOD_AI_checklist_standalone.log'
Latexmk: Examining 'Supplementary_Table_10_TRIPOD_AI_checklist_standalone.fls'
Latexmk: Examining 'Supplementary_Table_10_TRIPOD_AI_checklist_standalone.log'
Latexmk: Log file says output to 'Supplementary_Table_10_TRIPOD_AI_checklist_standalone.pdf'
Latexmk: All targets (Supplementary_Table_10_TRIPOD_AI_checklist_standalone.pdf) are up-to-date

Using TeX bin: /mnt/e/WSL/texlive/2026/bin/x86_64-linux
Project: /mnt/e/Reserch/CTG_Trajectory_Frontiers_Signal_Processing_R1_Revision_20260705/R1_FRONTIERS_ORIGINAL_TEMPLATE_REVIEW_20260707/latex_original_frontiers_template/standalone_supplementary_tables
Main: Supplementary_Table_11_transformer_hyperparameters_standalone.tex
Rc files read (in order):
  NONE
Latexmk: This is Latexmk, John Collins, 9 March 2026. Version 4.88.
No specific requests made, so using default for latexmk.
Latexmk: Doing full clean up for 'Supplementary_Table_11_transformer_hyperparameters_standalone.tex'

Rc files read (in order):
  NONE
Latexmk: This is Latexmk, John Collins, 9 March 2026. Version 4.88.
No existing .aux file, so I'll make a simple one, and require run of *latex.
Latexmk: applying rule 'pdflatex'...
Rule 'pdflatex':  Reasons for rerun
Category 'other':
  Rerun of 'pdflatex' forced or previously required:
    Reason or flag: 'Initial setup'

------------
Run number 1 of rule 'pdflatex'
------------
------------
Running 'pdflatex  -interaction=nonstopmode -halt-on-error -synctex=1 -recorder  "Supplementary_Table_11_transformer_hyperparameters_standalone.tex"'
------------
This is pdfTeX, Version 3.141592653-2.6-1.40.29 (TeX Live 2026) (preloaded format=pdflatex)
 restricted \write18 enabled.
entering extended mode
(./Supplementary_Table_11_transformer_hyperparameters_standalone.tex
LaTeX2e <2026-06-01>
L3 programming layer <2026-05-26>
(/mnt/e/WSL/texlive/2026/texmf-dist/tex/latex/base/article.cls
Document Class: article 2025/01/22 v1.4n Standard LaTeX document class
(/mnt/e/WSL/texlive/2026/texmf-dist/tex/latex/base/size11.clo))
(/mnt/e/WSL/texlive/2026/texmf-dist/tex/latex/geometry/geometry.sty
(/mnt/e/WSL/texlive/2026/texmf-dist/tex/latex/graphics/keyval.sty)
(/mnt/e/WSL/texlive/2026/texmf-dist/tex/generic/iftex/ifvtex.sty
(/mnt/e/WSL/texlive/2026/texmf-dist/tex/generic/iftex/iftex.sty)))
(/mnt/e/WSL/texlive/2026/texmf-dist/tex/latex/booktabs/booktabs.sty)
(/mnt/e/WSL/texlive/2026/texmf-dist/tex/latex/tools/longtable.sty)
(/mnt/e/WSL/texlive/2026/texmf-dist/tex/latex/tools/array.sty)
(/mnt/e/WSL/texlive/2026/texmf-dist/tex/latex/pdflscape/pdflscape.sty
(/mnt/e/WSL/texlive/2026/texmf-dist/tex/latex/pdflscape/pdflscape-nometadata.st
y (/mnt/e/WSL/texlive/2026/texmf-dist/tex/latex/graphics/lscape.sty
(/mnt/e/WSL/texlive/2026/texmf-dist/tex/latex/graphics/graphics.sty
(/mnt/e/WSL/texlive/2026/texmf-dist/tex/latex/graphics/trig.sty)
(/mnt/e/WSL/texlive/2026/texmf-dist/tex/latex/graphics-cfg/graphics.cfg)
(/mnt/e/WSL/texlive/2026/texmf-dist/tex/latex/graphics-def/pdftex.def)))))
(/mnt/e/WSL/texlive/2026/texmf-dist/tex/latex/url/url.sty)
(/mnt/e/WSL/texlive/2026/texmf-dist/tex/latex/hyperref/hyperref.sty
(/mnt/e/WSL/texlive/2026/texmf-dist/tex/latex/kvsetkeys/kvsetkeys.sty)
(/mnt/e/WSL/texlive/2026/texmf-dist/tex/generic/kvdefinekeys/kvdefinekeys.sty)
(/mnt/e/WSL/texlive/2026/texmf-dist/tex/generic/pdfescape/pdfescape.sty
(/mnt/e/WSL/texlive/2026/texmf-dist/tex/generic/ltxcmds/ltxcmds.sty)
(/mnt/e/WSL/texlive/2026/texmf-dist/tex/generic/pdftexcmds/pdftexcmds.sty
(/mnt/e/WSL/texlive/2026/texmf-dist/tex/generic/infwarerr/infwarerr.sty)))
(/mnt/e/WSL/texlive/2026/texmf-dist/tex/latex/hycolor/hycolor.sty)
(/mnt/e/WSL/texlive/2026/texmf-dist/tex/latex/hyperref/nameref.sty
(/mnt/e/WSL/texlive/2026/texmf-dist/tex/latex/refcount/refcount.sty)
(/mnt/e/WSL/texlive/2026/texmf-dist/tex/generic/gettitlestring/gettitlestring.s
ty (/mnt/e/WSL/texlive/2026/texmf-dist/tex/latex/kvoptions/kvoptions.sty)))
(/mnt/e/WSL/texlive/2026/texmf-dist/tex/latex/etoolbox/etoolbox.sty)
(/mnt/e/WSL/texlive/2026/texmf-dist/tex/generic/stringenc/stringenc.sty)
(/mnt/e/WSL/texlive/2026/texmf-dist/tex/latex/hyperref/pd1enc.def)
(/mnt/e/WSL/texlive/2026/texmf-dist/tex/generic/intcalc/intcalc.sty)
(/mnt/e/WSL/texlive/2026/texmf-dist/tex/latex/hyperref/puenc.def)
(/mnt/e/WSL/texlive/2026/texmf-dist/tex/generic/bitset/bitset.sty
(/mnt/e/WSL/texlive/2026/texmf-dist/tex/generic/bigintcalc/bigintcalc.sty)))
(/mnt/e/WSL/texlive/2026/texmf-dist/tex/latex/hyperref/hpdftex.def
(/mnt/e/WSL/texlive/2026/texmf-dist/tex/latex/rerunfilecheck/rerunfilecheck.sty

(/mnt/e/WSL/texlive/2026/texmf-dist/tex/generic/uniquecounter/uniquecounter.sty
))) (/mnt/e/WSL/texlive/2026/texmf-dist/tex/latex/microtype/microtype.sty
(/mnt/e/WSL/texlive/2026/texmf-dist/tex/latex/microtype/microtype-pdftex.def)
(/mnt/e/WSL/texlive/2026/texmf-dist/tex/latex/microtype/microtype.cfg))
(/mnt/e/WSL/texlive/2026/texmf-dist/tex/latex/l3backend/l3backend-pdftex.def)
(./Supplementary_Table_11_transformer_hyperparameters_standalone.aux)
*geometry* driver: auto-detecting
*geometry* detected driver: pdftex
(/mnt/e/WSL/texlive/2026/texmf-dist/tex/context/base/mkii/supp-pdf.mkii
[Loading MPS to PDF converter (version 2006.09.02).]
) (/mnt/e/WSL/texlive/2026/texmf-dist/tex/latex/epstopdf-pkg/epstopdf-base.sty
(/mnt/e/WSL/texlive/2026/texmf-dist/tex/latex/latexconfig/epstopdf-sys.cfg))
(/mnt/e/WSL/texlive/2026/texmf-dist/tex/latex/microtype/mt-cmr.cfg)
Underfull \hbox (badness 1043) in paragraph at lines 20--21
\OT1/cmr/m/n/10.95 (+20) Standalone dis-play ver-sion for La-TeX up-load/review
. Machine-readable source: source[]tables/
[1{/mnt/e/WSL/texlive/2026/texmf-var/fonts/map/pdftex/updmap/pdftex.map}]
Underfull \hbox (badness 10000) in alignment at lines 28--33
 [] [] [] [] [] 

Underfull \hbox (badness 10000) in alignment at lines 33--38
 [] [] [] [] [] 

Underfull \hbox (badness 10000) in alignment at lines 38--39
 [] [] [] [] [] 

Underfull \hbox (badness 10000) in alignment at lines 39--41
 [] [] [] [] [] 

Underfull \hbox (badness 10000) in alignment at lines 41--70
 [] [] [] [] [] 
[2] [3] (./Supplementary_Table_11_transformer_hyperparameters_standalone.aux)

LaTeX Warning: Label(s) may have changed. Rerun to get cross-references right.


Package rerunfilecheck Warning: File `Supplementary_Table_11_transformer_hyperp
arameters_standalone.out' has changed.
(rerunfilecheck)                Rerun to get outlines right
(rerunfilecheck)                or use package `bookmark'.

 )
(see the transcript file for additional information)</mnt/e/WSL/texlive/2026/te
xmf-dist/fonts/type1/public/amsfonts/cm/cmbx12.pfb></mnt/e/WSL/texlive/2026/tex
mf-dist/fonts/type1/public/amsfonts/cm/cmr10.pfb></mnt/e/WSL/texlive/2026/texmf
-dist/fonts/type1/public/amsfonts/cm/cmr12.pfb></mnt/e/WSL/texlive/2026/texmf-d
ist/fonts/type1/public/amsfonts/cm/cmr17.pfb></mnt/e/WSL/texlive/2026/texmf-dis
t/fonts/type1/public/amsfonts/cm/cmr8.pfb></mnt/e/WSL/texlive/2026/texmf-dist/f
onts/type1/public/amsfonts/cm/cmti8.pfb>
Output written on Supplementary_Table_11_transformer_hyperparameters_standalone
.pdf (3 pages, 92001 bytes).
SyncTeX written on Supplementary_Table_11_transformer_hyperparameters_standalone.synctex.gz.
Transcript written on Supplementary_Table_11_transformer_hyperparameters_standa
lone.log.
Latexmk: Getting log file 'Supplementary_Table_11_transformer_hyperparameters_standalone.log'
Latexmk: Examining 'Supplementary_Table_11_transformer_hyperparameters_standalone.fls'
Latexmk: Examining 'Supplementary_Table_11_transformer_hyperparameters_standalone.log'
Latexmk: References changed.
Latexmk: References changed.
Latexmk: Log file says output to 'Supplementary_Table_11_transformer_hyperparameters_standalone.pdf'
Latexmk: applying rule 'pdflatex'...
Rule 'pdflatex':  Reasons for rerun
Changed files or newly in use/created:
  Supplementary_Table_11_transformer_hyperparameters_standalone.aux
  Supplementary_Table_11_transformer_hyperparameters_standalone.out

------------
Run number 2 of rule 'pdflatex'
------------
------------
Running 'pdflatex  -interaction=nonstopmode -halt-on-error -synctex=1 -recorder  "Supplementary_Table_11_transformer_hyperparameters_standalone.tex"'
------------
This is pdfTeX, Version 3.141592653-2.6-1.40.29 (TeX Live 2026) (preloaded format=pdflatex)
 restricted \write18 enabled.
entering extended mode
(./Supplementary_Table_11_transformer_hyperparameters_standalone.tex
LaTeX2e <2026-06-01>
L3 programming layer <2026-05-26>
(/mnt/e/WSL/texlive/2026/texmf-dist/tex/latex/base/article.cls
Document Class: article 2025/01/22 v1.4n Standard LaTeX document class
(/mnt/e/WSL/texlive/2026/texmf-dist/tex/latex/base/size11.clo))
(/mnt/e/WSL/texlive/2026/texmf-dist/tex/latex/geometry/geometry.sty
(/mnt/e/WSL/texlive/2026/texmf-dist/tex/latex/graphics/keyval.sty)
(/mnt/e/WSL/texlive/2026/texmf-dist/tex/generic/iftex/ifvtex.sty
(/mnt/e/WSL/texlive/2026/texmf-dist/tex/generic/iftex/iftex.sty)))
(/mnt/e/WSL/texlive/2026/texmf-dist/tex/latex/booktabs/booktabs.sty)
(/mnt/e/WSL/texlive/2026/texmf-dist/tex/latex/tools/longtable.sty)
(/mnt/e/WSL/texlive/2026/texmf-dist/tex/latex/tools/array.sty)
(/mnt/e/WSL/texlive/2026/texmf-dist/tex/latex/pdflscape/pdflscape.sty
(/mnt/e/WSL/texlive/2026/texmf-dist/tex/latex/pdflscape/pdflscape-nometadata.st
y (/mnt/e/WSL/texlive/2026/texmf-dist/tex/latex/graphics/lscape.sty
(/mnt/e/WSL/texlive/2026/texmf-dist/tex/latex/graphics/graphics.sty
(/mnt/e/WSL/texlive/2026/texmf-dist/tex/latex/graphics/trig.sty)
(/mnt/e/WSL/texlive/2026/texmf-dist/tex/latex/graphics-cfg/graphics.cfg)
(/mnt/e/WSL/texlive/2026/texmf-dist/tex/latex/graphics-def/pdftex.def)))))
(/mnt/e/WSL/texlive/2026/texmf-dist/tex/latex/url/url.sty)
(/mnt/e/WSL/texlive/2026/texmf-dist/tex/latex/hyperref/hyperref.sty
(/mnt/e/WSL/texlive/2026/texmf-dist/tex/latex/kvsetkeys/kvsetkeys.sty)
(/mnt/e/WSL/texlive/2026/texmf-dist/tex/generic/kvdefinekeys/kvdefinekeys.sty)
(/mnt/e/WSL/texlive/2026/texmf-dist/tex/generic/pdfescape/pdfescape.sty
(/mnt/e/WSL/texlive/2026/texmf-dist/tex/generic/ltxcmds/ltxcmds.sty)
(/mnt/e/WSL/texlive/2026/texmf-dist/tex/generic/pdftexcmds/pdftexcmds.sty
(/mnt/e/WSL/texlive/2026/texmf-dist/tex/generic/infwarerr/infwarerr.sty)))
(/mnt/e/WSL/texlive/2026/texmf-dist/tex/latex/hycolor/hycolor.sty)
(/mnt/e/WSL/texlive/2026/texmf-dist/tex/latex/hyperref/nameref.sty
(/mnt/e/WSL/texlive/2026/texmf-dist/tex/latex/refcount/refcount.sty)
(/mnt/e/WSL/texlive/2026/texmf-dist/tex/generic/gettitlestring/gettitlestring.s
ty (/mnt/e/WSL/texlive/2026/texmf-dist/tex/latex/kvoptions/kvoptions.sty)))
(/mnt/e/WSL/texlive/2026/texmf-dist/tex/latex/etoolbox/etoolbox.sty)
(/mnt/e/WSL/texlive/2026/texmf-dist/tex/generic/stringenc/stringenc.sty)
(/mnt/e/WSL/texlive/2026/texmf-dist/tex/latex/hyperref/pd1enc.def)
(/mnt/e/WSL/texlive/2026/texmf-dist/tex/generic/intcalc/intcalc.sty)
(/mnt/e/WSL/texlive/2026/texmf-dist/tex/latex/hyperref/puenc.def)
(/mnt/e/WSL/texlive/2026/texmf-dist/tex/generic/bitset/bitset.sty
(/mnt/e/WSL/texlive/2026/texmf-dist/tex/generic/bigintcalc/bigintcalc.sty)))
(/mnt/e/WSL/texlive/2026/texmf-dist/tex/latex/hyperref/hpdftex.def
(/mnt/e/WSL/texlive/2026/texmf-dist/tex/latex/rerunfilecheck/rerunfilecheck.sty

(/mnt/e/WSL/texlive/2026/texmf-dist/tex/generic/uniquecounter/uniquecounter.sty
))) (/mnt/e/WSL/texlive/2026/texmf-dist/tex/latex/microtype/microtype.sty
(/mnt/e/WSL/texlive/2026/texmf-dist/tex/latex/microtype/microtype-pdftex.def)
(/mnt/e/WSL/texlive/2026/texmf-dist/tex/latex/microtype/microtype.cfg))
(/mnt/e/WSL/texlive/2026/texmf-dist/tex/latex/l3backend/l3backend-pdftex.def)
(./Supplementary_Table_11_transformer_hyperparameters_standalone.aux)
*geometry* driver: auto-detecting
*geometry* detected driver: pdftex
(/mnt/e/WSL/texlive/2026/texmf-dist/tex/context/base/mkii/supp-pdf.mkii
[Loading MPS to PDF converter (version 2006.09.02).]
) (/mnt/e/WSL/texlive/2026/texmf-dist/tex/latex/epstopdf-pkg/epstopdf-base.sty
(/mnt/e/WSL/texlive/2026/texmf-dist/tex/latex/latexconfig/epstopdf-sys.cfg))
(./Supplementary_Table_11_transformer_hyperparameters_standalone.out)
(./Supplementary_Table_11_transformer_hyperparameters_standalone.out)
(/mnt/e/WSL/texlive/2026/texmf-dist/tex/latex/microtype/mt-cmr.cfg)
Underfull \hbox (badness 1043) in paragraph at lines 20--21
\OT1/cmr/m/n/10.95 (+20) Standalone dis-play ver-sion for La-TeX up-load/review
. Machine-readable source: source[]tables/
[1{/mnt/e/WSL/texlive/2026/texmf-var/fonts/map/pdftex/updmap/pdftex.map}]
Underfull \hbox (badness 10000) in alignment at lines 28--33
 [] [] [] [] [] 

Underfull \hbox (badness 10000) in alignment at lines 33--38
 [] [] [] [] [] 

Underfull \hbox (badness 10000) in alignment at lines 38--39
 [] [] [] [] [] 

Underfull \hbox (badness 10000) in alignment at lines 39--41
 [] [] [] [] [] 

Underfull \hbox (badness 10000) in alignment at lines 41--70
 [] [] [] [] [] 
[2] [3] (./Supplementary_Table_11_transformer_hyperparameters_standalone.aux) )
(see the transcript file for additional information)</mnt/e/WSL/texlive/2026/te
xmf-dist/fonts/type1/public/amsfonts/cm/cmbx12.pfb></mnt/e/WSL/texlive/2026/tex
mf-dist/fonts/type1/public/amsfonts/cm/cmr10.pfb></mnt/e/WSL/texlive/2026/texmf
-dist/fonts/type1/public/amsfonts/cm/cmr12.pfb></mnt/e/WSL/texlive/2026/texmf-d
ist/fonts/type1/public/amsfonts/cm/cmr17.pfb></mnt/e/WSL/texlive/2026/texmf-dis
t/fonts/type1/public/amsfonts/cm/cmr8.pfb></mnt/e/WSL/texlive/2026/texmf-dist/f
onts/type1/public/amsfonts/cm/cmti8.pfb>
Output written on Supplementary_Table_11_transformer_hyperparameters_standalone
.pdf (3 pages, 92001 bytes).
SyncTeX written on Supplementary_Table_11_transformer_hyperparameters_standalone.synctex.gz.
Transcript written on Supplementary_Table_11_transformer_hyperparameters_standa
lone.log.
Latexmk: Getting log file 'Supplementary_Table_11_transformer_hyperparameters_standalone.log'
Latexmk: Examining 'Supplementary_Table_11_transformer_hyperparameters_standalone.fls'
Latexmk: Examining 'Supplementary_Table_11_transformer_hyperparameters_standalone.log'
Latexmk: Log file says output to 'Supplementary_Table_11_transformer_hyperparameters_standalone.pdf'
Latexmk: All targets (Supplementary_Table_11_transformer_hyperparameters_standalone.pdf) are up-to-date

Using TeX bin: /mnt/e/WSL/texlive/2026/bin/x86_64-linux
Project: /mnt/e/Reserch/CTG_Trajectory_Frontiers_Signal_Processing_R1_Revision_20260705/R1_FRONTIERS_ORIGINAL_TEMPLATE_REVIEW_20260707/latex_original_frontiers_template/standalone_supplementary_tables
Main: Supplementary_Table_2_model_performance_bootstrap_standalone.tex
Rc files read (in order):
  NONE
Latexmk: This is Latexmk, John Collins, 9 March 2026. Version 4.88.
No specific requests made, so using default for latexmk.
Latexmk: Doing full clean up for 'Supplementary_Table_2_model_performance_bootstrap_standalone.tex'

Rc files read (in order):
  NONE
Latexmk: This is Latexmk, John Collins, 9 March 2026. Version 4.88.
No existing .aux file, so I'll make a simple one, and require run of *latex.
Latexmk: applying rule 'pdflatex'...
Rule 'pdflatex':  Reasons for rerun
Category 'other':
  Rerun of 'pdflatex' forced or previously required:
    Reason or flag: 'Initial setup'

------------
Run number 1 of rule 'pdflatex'
------------
------------
Running 'pdflatex  -interaction=nonstopmode -halt-on-error -synctex=1 -recorder  "Supplementary_Table_2_model_performance_bootstrap_standalone.tex"'
------------
This is pdfTeX, Version 3.141592653-2.6-1.40.29 (TeX Live 2026) (preloaded format=pdflatex)
 restricted \write18 enabled.
entering extended mode
(./Supplementary_Table_2_model_performance_bootstrap_standalone.tex
LaTeX2e <2026-06-01>
L3 programming layer <2026-05-26>
(/mnt/e/WSL/texlive/2026/texmf-dist/tex/latex/base/article.cls
Document Class: article 2025/01/22 v1.4n Standard LaTeX document class
(/mnt/e/WSL/texlive/2026/texmf-dist/tex/latex/base/size11.clo))
(/mnt/e/WSL/texlive/2026/texmf-dist/tex/latex/geometry/geometry.sty
(/mnt/e/WSL/texlive/2026/texmf-dist/tex/latex/graphics/keyval.sty)
(/mnt/e/WSL/texlive/2026/texmf-dist/tex/generic/iftex/ifvtex.sty
(/mnt/e/WSL/texlive/2026/texmf-dist/tex/generic/iftex/iftex.sty)))
(/mnt/e/WSL/texlive/2026/texmf-dist/tex/latex/booktabs/booktabs.sty)
(/mnt/e/WSL/texlive/2026/texmf-dist/tex/latex/tools/longtable.sty)
(/mnt/e/WSL/texlive/2026/texmf-dist/tex/latex/tools/array.sty)
(/mnt/e/WSL/texlive/2026/texmf-dist/tex/latex/pdflscape/pdflscape.sty
(/mnt/e/WSL/texlive/2026/texmf-dist/tex/latex/pdflscape/pdflscape-nometadata.st
y (/mnt/e/WSL/texlive/2026/texmf-dist/tex/latex/graphics/lscape.sty
(/mnt/e/WSL/texlive/2026/texmf-dist/tex/latex/graphics/graphics.sty
(/mnt/e/WSL/texlive/2026/texmf-dist/tex/latex/graphics/trig.sty)
(/mnt/e/WSL/texlive/2026/texmf-dist/tex/latex/graphics-cfg/graphics.cfg)
(/mnt/e/WSL/texlive/2026/texmf-dist/tex/latex/graphics-def/pdftex.def)))))
(/mnt/e/WSL/texlive/2026/texmf-dist/tex/latex/url/url.sty)
(/mnt/e/WSL/texlive/2026/texmf-dist/tex/latex/hyperref/hyperref.sty
(/mnt/e/WSL/texlive/2026/texmf-dist/tex/latex/kvsetkeys/kvsetkeys.sty)
(/mnt/e/WSL/texlive/2026/texmf-dist/tex/generic/kvdefinekeys/kvdefinekeys.sty)
(/mnt/e/WSL/texlive/2026/texmf-dist/tex/generic/pdfescape/pdfescape.sty
(/mnt/e/WSL/texlive/2026/texmf-dist/tex/generic/ltxcmds/ltxcmds.sty)
(/mnt/e/WSL/texlive/2026/texmf-dist/tex/generic/pdftexcmds/pdftexcmds.sty
(/mnt/e/WSL/texlive/2026/texmf-dist/tex/generic/infwarerr/infwarerr.sty)))
(/mnt/e/WSL/texlive/2026/texmf-dist/tex/latex/hycolor/hycolor.sty)
(/mnt/e/WSL/texlive/2026/texmf-dist/tex/latex/hyperref/nameref.sty
(/mnt/e/WSL/texlive/2026/texmf-dist/tex/latex/refcount/refcount.sty)
(/mnt/e/WSL/texlive/2026/texmf-dist/tex/generic/gettitlestring/gettitlestring.s
ty (/mnt/e/WSL/texlive/2026/texmf-dist/tex/latex/kvoptions/kvoptions.sty)))
(/mnt/e/WSL/texlive/2026/texmf-dist/tex/latex/etoolbox/etoolbox.sty)
(/mnt/e/WSL/texlive/2026/texmf-dist/tex/generic/stringenc/stringenc.sty)
(/mnt/e/WSL/texlive/2026/texmf-dist/tex/latex/hyperref/pd1enc.def)
(/mnt/e/WSL/texlive/2026/texmf-dist/tex/generic/intcalc/intcalc.sty)
(/mnt/e/WSL/texlive/2026/texmf-dist/tex/latex/hyperref/puenc.def)
(/mnt/e/WSL/texlive/2026/texmf-dist/tex/generic/bitset/bitset.sty
(/mnt/e/WSL/texlive/2026/texmf-dist/tex/generic/bigintcalc/bigintcalc.sty)))
(/mnt/e/WSL/texlive/2026/texmf-dist/tex/latex/hyperref/hpdftex.def
(/mnt/e/WSL/texlive/2026/texmf-dist/tex/latex/rerunfilecheck/rerunfilecheck.sty

(/mnt/e/WSL/texlive/2026/texmf-dist/tex/generic/uniquecounter/uniquecounter.sty
))) (/mnt/e/WSL/texlive/2026/texmf-dist/tex/latex/microtype/microtype.sty
(/mnt/e/WSL/texlive/2026/texmf-dist/tex/latex/microtype/microtype-pdftex.def)
(/mnt/e/WSL/texlive/2026/texmf-dist/tex/latex/microtype/microtype.cfg))
(/mnt/e/WSL/texlive/2026/texmf-dist/tex/latex/l3backend/l3backend-pdftex.def)
(./Supplementary_Table_2_model_performance_bootstrap_standalone.aux)
*geometry* driver: auto-detecting
*geometry* detected driver: pdftex
(/mnt/e/WSL/texlive/2026/texmf-dist/tex/context/base/mkii/supp-pdf.mkii
[Loading MPS to PDF converter (version 2006.09.02).]
) (/mnt/e/WSL/texlive/2026/texmf-dist/tex/latex/epstopdf-pkg/epstopdf-base.sty
(/mnt/e/WSL/texlive/2026/texmf-dist/tex/latex/latexconfig/epstopdf-sys.cfg))
(/mnt/e/WSL/texlive/2026/texmf-dist/tex/latex/microtype/mt-cmr.cfg)
Underfull \hbox (badness 1043) in paragraph at lines 20--21
\OT1/cmr/m/n/10.95 (+20) Standalone dis-play ver-sion for La-TeX up-load/review
. Machine-readable source: source[]tables/
[1{/mnt/e/WSL/texlive/2026/texmf-var/fonts/map/pdftex/updmap/pdftex.map}]
Underfull \hbox (badness 10000) in alignment at lines 28--33
 [] [] [] [] [] 

Underfull \hbox (badness 10000) in alignment at lines 33--38
 [] [] [] [] [] 

Underfull \hbox (badness 10000) in alignment at lines 38--39
 [] [] [] [] [] 

Underfull \hbox (badness 10000) in alignment at lines 39--41
 [] [] [] [] [] 

Underfull \hbox (badness 10000) in alignment at lines 41--82
 [] [] [] [] [] 
[2]
Underfull \hbox (badness 10000) in alignment at lines 93--98
 [] [] [] [] [] 

Underfull \hbox (badness 10000) in alignment at lines 98--103
 [] [] [] [] [] 

Underfull \hbox (badness 10000) in alignment at lines 103--104
 [] [] [] [] [] 

Underfull \hbox (badness 10000) in alignment at lines 104--106
 [] [] [] [] [] 

Underfull \hbox (badness 10000) in alignment at lines 106--147
 [] [] [] [] [] 
[3] (./Supplementary_Table_2_model_performance_bootstrap_standalone.aux)

LaTeX Warning: Label(s) may have changed. Rerun to get cross-references right.


Package rerunfilecheck Warning: File `Supplementary_Table_2_model_performance_b
ootstrap_standalone.out' has changed.
(rerunfilecheck)                Rerun to get outlines right
(rerunfilecheck)                or use package `bookmark'.

 )
(see the transcript file for additional information)</mnt/e/WSL/texlive/2026/te
xmf-dist/fonts/type1/public/amsfonts/cm/cmbx12.pfb></mnt/e/WSL/texlive/2026/tex
mf-dist/fonts/type1/public/amsfonts/cm/cmr10.pfb></mnt/e/WSL/texlive/2026/texmf
-dist/fonts/type1/public/amsfonts/cm/cmr12.pfb></mnt/e/WSL/texlive/2026/texmf-d
ist/fonts/type1/public/amsfonts/cm/cmr17.pfb></mnt/e/WSL/texlive/2026/texmf-dis
t/fonts/type1/public/amsfonts/cm/cmr8.pfb>
Output written on Supplementary_Table_2_model_performance_bootstrap_standalone.
pdf (3 pages, 76652 bytes).
SyncTeX written on Supplementary_Table_2_model_performance_bootstrap_standalone.synctex.gz.
Transcript written on Supplementary_Table_2_model_performance_bootstrap_standal
one.log.
Latexmk: Getting log file 'Supplementary_Table_2_model_performance_bootstrap_standalone.log'
Latexmk: Examining 'Supplementary_Table_2_model_performance_bootstrap_standalone.fls'
Latexmk: Examining 'Supplementary_Table_2_model_performance_bootstrap_standalone.log'
Latexmk: References changed.
Latexmk: References changed.
Latexmk: Log file says output to 'Supplementary_Table_2_model_performance_bootstrap_standalone.pdf'
Latexmk: applying rule 'pdflatex'...
Rule 'pdflatex':  Reasons for rerun
Changed files or newly in use/created:
  Supplementary_Table_2_model_performance_bootstrap_standalone.aux
  Supplementary_Table_2_model_performance_bootstrap_standalone.out

------------
Run number 2 of rule 'pdflatex'
------------
------------
Running 'pdflatex  -interaction=nonstopmode -halt-on-error -synctex=1 -recorder  "Supplementary_Table_2_model_performance_bootstrap_standalone.tex"'
------------
This is pdfTeX, Version 3.141592653-2.6-1.40.29 (TeX Live 2026) (preloaded format=pdflatex)
 restricted \write18 enabled.
entering extended mode
(./Supplementary_Table_2_model_performance_bootstrap_standalone.tex
LaTeX2e <2026-06-01>
L3 programming layer <2026-05-26>
(/mnt/e/WSL/texlive/2026/texmf-dist/tex/latex/base/article.cls
Document Class: article 2025/01/22 v1.4n Standard LaTeX document class
(/mnt/e/WSL/texlive/2026/texmf-dist/tex/latex/base/size11.clo))
(/mnt/e/WSL/texlive/2026/texmf-dist/tex/latex/geometry/geometry.sty
(/mnt/e/WSL/texlive/2026/texmf-dist/tex/latex/graphics/keyval.sty)
(/mnt/e/WSL/texlive/2026/texmf-dist/tex/generic/iftex/ifvtex.sty
(/mnt/e/WSL/texlive/2026/texmf-dist/tex/generic/iftex/iftex.sty)))
(/mnt/e/WSL/texlive/2026/texmf-dist/tex/latex/booktabs/booktabs.sty)
(/mnt/e/WSL/texlive/2026/texmf-dist/tex/latex/tools/longtable.sty)
(/mnt/e/WSL/texlive/2026/texmf-dist/tex/latex/tools/array.sty)
(/mnt/e/WSL/texlive/2026/texmf-dist/tex/latex/pdflscape/pdflscape.sty
(/mnt/e/WSL/texlive/2026/texmf-dist/tex/latex/pdflscape/pdflscape-nometadata.st
y (/mnt/e/WSL/texlive/2026/texmf-dist/tex/latex/graphics/lscape.sty
(/mnt/e/WSL/texlive/2026/texmf-dist/tex/latex/graphics/graphics.sty
(/mnt/e/WSL/texlive/2026/texmf-dist/tex/latex/graphics/trig.sty)
(/mnt/e/WSL/texlive/2026/texmf-dist/tex/latex/graphics-cfg/graphics.cfg)
(/mnt/e/WSL/texlive/2026/texmf-dist/tex/latex/graphics-def/pdftex.def)))))
(/mnt/e/WSL/texlive/2026/texmf-dist/tex/latex/url/url.sty)
(/mnt/e/WSL/texlive/2026/texmf-dist/tex/latex/hyperref/hyperref.sty
(/mnt/e/WSL/texlive/2026/texmf-dist/tex/latex/kvsetkeys/kvsetkeys.sty)
(/mnt/e/WSL/texlive/2026/texmf-dist/tex/generic/kvdefinekeys/kvdefinekeys.sty)
(/mnt/e/WSL/texlive/2026/texmf-dist/tex/generic/pdfescape/pdfescape.sty
(/mnt/e/WSL/texlive/2026/texmf-dist/tex/generic/ltxcmds/ltxcmds.sty)
(/mnt/e/WSL/texlive/2026/texmf-dist/tex/generic/pdftexcmds/pdftexcmds.sty
(/mnt/e/WSL/texlive/2026/texmf-dist/tex/generic/infwarerr/infwarerr.sty)))
(/mnt/e/WSL/texlive/2026/texmf-dist/tex/latex/hycolor/hycolor.sty)
(/mnt/e/WSL/texlive/2026/texmf-dist/tex/latex/hyperref/nameref.sty
(/mnt/e/WSL/texlive/2026/texmf-dist/tex/latex/refcount/refcount.sty)
(/mnt/e/WSL/texlive/2026/texmf-dist/tex/generic/gettitlestring/gettitlestring.s
ty (/mnt/e/WSL/texlive/2026/texmf-dist/tex/latex/kvoptions/kvoptions.sty)))
(/mnt/e/WSL/texlive/2026/texmf-dist/tex/latex/etoolbox/etoolbox.sty)
(/mnt/e/WSL/texlive/2026/texmf-dist/tex/generic/stringenc/stringenc.sty)
(/mnt/e/WSL/texlive/2026/texmf-dist/tex/latex/hyperref/pd1enc.def)
(/mnt/e/WSL/texlive/2026/texmf-dist/tex/generic/intcalc/intcalc.sty)
(/mnt/e/WSL/texlive/2026/texmf-dist/tex/latex/hyperref/puenc.def)
(/mnt/e/WSL/texlive/2026/texmf-dist/tex/generic/bitset/bitset.sty
(/mnt/e/WSL/texlive/2026/texmf-dist/tex/generic/bigintcalc/bigintcalc.sty)))
(/mnt/e/WSL/texlive/2026/texmf-dist/tex/latex/hyperref/hpdftex.def
(/mnt/e/WSL/texlive/2026/texmf-dist/tex/latex/rerunfilecheck/rerunfilecheck.sty

(/mnt/e/WSL/texlive/2026/texmf-dist/tex/generic/uniquecounter/uniquecounter.sty
))) (/mnt/e/WSL/texlive/2026/texmf-dist/tex/latex/microtype/microtype.sty
(/mnt/e/WSL/texlive/2026/texmf-dist/tex/latex/microtype/microtype-pdftex.def)
(/mnt/e/WSL/texlive/2026/texmf-dist/tex/latex/microtype/microtype.cfg))
(/mnt/e/WSL/texlive/2026/texmf-dist/tex/latex/l3backend/l3backend-pdftex.def)
(./Supplementary_Table_2_model_performance_bootstrap_standalone.aux)
*geometry* driver: auto-detecting
*geometry* detected driver: pdftex
(/mnt/e/WSL/texlive/2026/texmf-dist/tex/context/base/mkii/supp-pdf.mkii
[Loading MPS to PDF converter (version 2006.09.02).]
) (/mnt/e/WSL/texlive/2026/texmf-dist/tex/latex/epstopdf-pkg/epstopdf-base.sty
(/mnt/e/WSL/texlive/2026/texmf-dist/tex/latex/latexconfig/epstopdf-sys.cfg))
(./Supplementary_Table_2_model_performance_bootstrap_standalone.out)
(./Supplementary_Table_2_model_performance_bootstrap_standalone.out)
(/mnt/e/WSL/texlive/2026/texmf-dist/tex/latex/microtype/mt-cmr.cfg)
Underfull \hbox (badness 1043) in paragraph at lines 20--21
\OT1/cmr/m/n/10.95 (+20) Standalone dis-play ver-sion for La-TeX up-load/review
. Machine-readable source: source[]tables/
[1{/mnt/e/WSL/texlive/2026/texmf-var/fonts/map/pdftex/updmap/pdftex.map}]
Underfull \hbox (badness 10000) in alignment at lines 28--33
 [] [] [] [] [] 

Underfull \hbox (badness 10000) in alignment at lines 33--38
 [] [] [] [] [] 

Underfull \hbox (badness 10000) in alignment at lines 38--39
 [] [] [] [] [] 

Underfull \hbox (badness 10000) in alignment at lines 39--41
 [] [] [] [] [] 

Underfull \hbox (badness 10000) in alignment at lines 41--82
 [] [] [] [] [] 
[2]
Underfull \hbox (badness 10000) in alignment at lines 93--98
 [] [] [] [] [] 

Underfull \hbox (badness 10000) in alignment at lines 98--103
 [] [] [] [] [] 

Underfull \hbox (badness 10000) in alignment at lines 103--104
 [] [] [] [] [] 

Underfull \hbox (badness 10000) in alignment at lines 104--106
 [] [] [] [] [] 

Underfull \hbox (badness 10000) in alignment at lines 106--147
 [] [] [] [] [] 
[3] (./Supplementary_Table_2_model_performance_bootstrap_standalone.aux) )
(see the transcript file for additional information)</mnt/e/WSL/texlive/2026/te
xmf-dist/fonts/type1/public/amsfonts/cm/cmbx12.pfb></mnt/e/WSL/texlive/2026/tex
mf-dist/fonts/type1/public/amsfonts/cm/cmr10.pfb></mnt/e/WSL/texlive/2026/texmf
-dist/fonts/type1/public/amsfonts/cm/cmr12.pfb></mnt/e/WSL/texlive/2026/texmf-d
ist/fonts/type1/public/amsfonts/cm/cmr17.pfb></mnt/e/WSL/texlive/2026/texmf-dis
t/fonts/type1/public/amsfonts/cm/cmr8.pfb>
Output written on Supplementary_Table_2_model_performance_bootstrap_standalone.
pdf (3 pages, 76652 bytes).
SyncTeX written on Supplementary_Table_2_model_performance_bootstrap_standalone.synctex.gz.
Transcript written on Supplementary_Table_2_model_performance_bootstrap_standal
one.log.
Latexmk: Getting log file 'Supplementary_Table_2_model_performance_bootstrap_standalone.log'
Latexmk: Examining 'Supplementary_Table_2_model_performance_bootstrap_standalone.fls'
Latexmk: Examining 'Supplementary_Table_2_model_performance_bootstrap_standalone.log'
Latexmk: Log file says output to 'Supplementary_Table_2_model_performance_bootstrap_standalone.pdf'
Latexmk: All targets (Supplementary_Table_2_model_performance_bootstrap_standalone.pdf) are up-to-date

Using TeX bin: /mnt/e/WSL/texlive/2026/bin/x86_64-linux
Project: /mnt/e/Reserch/CTG_Trajectory_Frontiers_Signal_Processing_R1_Revision_20260705/R1_FRONTIERS_ORIGINAL_TEMPLATE_REVIEW_20260707/latex_original_frontiers_template/standalone_supplementary_tables
Main: Supplementary_Table_3_bootstrap_model_differences_standalone.tex
Rc files read (in order):
  NONE
Latexmk: This is Latexmk, John Collins, 9 March 2026. Version 4.88.
No specific requests made, so using default for latexmk.
Latexmk: Doing full clean up for 'Supplementary_Table_3_bootstrap_model_differences_standalone.tex'

Rc files read (in order):
  NONE
Latexmk: This is Latexmk, John Collins, 9 March 2026. Version 4.88.
No existing .aux file, so I'll make a simple one, and require run of *latex.
Latexmk: applying rule 'pdflatex'...
Rule 'pdflatex':  Reasons for rerun
Category 'other':
  Rerun of 'pdflatex' forced or previously required:
    Reason or flag: 'Initial setup'

------------
Run number 1 of rule 'pdflatex'
------------
------------
Running 'pdflatex  -interaction=nonstopmode -halt-on-error -synctex=1 -recorder  "Supplementary_Table_3_bootstrap_model_differences_standalone.tex"'
------------
This is pdfTeX, Version 3.141592653-2.6-1.40.29 (TeX Live 2026) (preloaded format=pdflatex)
 restricted \write18 enabled.
entering extended mode
(./Supplementary_Table_3_bootstrap_model_differences_standalone.tex
LaTeX2e <2026-06-01>
L3 programming layer <2026-05-26>
(/mnt/e/WSL/texlive/2026/texmf-dist/tex/latex/base/article.cls
Document Class: article 2025/01/22 v1.4n Standard LaTeX document class
(/mnt/e/WSL/texlive/2026/texmf-dist/tex/latex/base/size11.clo))
(/mnt/e/WSL/texlive/2026/texmf-dist/tex/latex/geometry/geometry.sty
(/mnt/e/WSL/texlive/2026/texmf-dist/tex/latex/graphics/keyval.sty)
(/mnt/e/WSL/texlive/2026/texmf-dist/tex/generic/iftex/ifvtex.sty
(/mnt/e/WSL/texlive/2026/texmf-dist/tex/generic/iftex/iftex.sty)))
(/mnt/e/WSL/texlive/2026/texmf-dist/tex/latex/booktabs/booktabs.sty)
(/mnt/e/WSL/texlive/2026/texmf-dist/tex/latex/tools/longtable.sty)
(/mnt/e/WSL/texlive/2026/texmf-dist/tex/latex/tools/array.sty)
(/mnt/e/WSL/texlive/2026/texmf-dist/tex/latex/pdflscape/pdflscape.sty
(/mnt/e/WSL/texlive/2026/texmf-dist/tex/latex/pdflscape/pdflscape-nometadata.st
y (/mnt/e/WSL/texlive/2026/texmf-dist/tex/latex/graphics/lscape.sty
(/mnt/e/WSL/texlive/2026/texmf-dist/tex/latex/graphics/graphics.sty
(/mnt/e/WSL/texlive/2026/texmf-dist/tex/latex/graphics/trig.sty)
(/mnt/e/WSL/texlive/2026/texmf-dist/tex/latex/graphics-cfg/graphics.cfg)
(/mnt/e/WSL/texlive/2026/texmf-dist/tex/latex/graphics-def/pdftex.def)))))
(/mnt/e/WSL/texlive/2026/texmf-dist/tex/latex/url/url.sty)
(/mnt/e/WSL/texlive/2026/texmf-dist/tex/latex/hyperref/hyperref.sty
(/mnt/e/WSL/texlive/2026/texmf-dist/tex/latex/kvsetkeys/kvsetkeys.sty)
(/mnt/e/WSL/texlive/2026/texmf-dist/tex/generic/kvdefinekeys/kvdefinekeys.sty)
(/mnt/e/WSL/texlive/2026/texmf-dist/tex/generic/pdfescape/pdfescape.sty
(/mnt/e/WSL/texlive/2026/texmf-dist/tex/generic/ltxcmds/ltxcmds.sty)
(/mnt/e/WSL/texlive/2026/texmf-dist/tex/generic/pdftexcmds/pdftexcmds.sty
(/mnt/e/WSL/texlive/2026/texmf-dist/tex/generic/infwarerr/infwarerr.sty)))
(/mnt/e/WSL/texlive/2026/texmf-dist/tex/latex/hycolor/hycolor.sty)
(/mnt/e/WSL/texlive/2026/texmf-dist/tex/latex/hyperref/nameref.sty
(/mnt/e/WSL/texlive/2026/texmf-dist/tex/latex/refcount/refcount.sty)
(/mnt/e/WSL/texlive/2026/texmf-dist/tex/generic/gettitlestring/gettitlestring.s
ty (/mnt/e/WSL/texlive/2026/texmf-dist/tex/latex/kvoptions/kvoptions.sty)))
(/mnt/e/WSL/texlive/2026/texmf-dist/tex/latex/etoolbox/etoolbox.sty)
(/mnt/e/WSL/texlive/2026/texmf-dist/tex/generic/stringenc/stringenc.sty)
(/mnt/e/WSL/texlive/2026/texmf-dist/tex/latex/hyperref/pd1enc.def)
(/mnt/e/WSL/texlive/2026/texmf-dist/tex/generic/intcalc/intcalc.sty)
(/mnt/e/WSL/texlive/2026/texmf-dist/tex/latex/hyperref/puenc.def)
(/mnt/e/WSL/texlive/2026/texmf-dist/tex/generic/bitset/bitset.sty
(/mnt/e/WSL/texlive/2026/texmf-dist/tex/generic/bigintcalc/bigintcalc.sty)))
(/mnt/e/WSL/texlive/2026/texmf-dist/tex/latex/hyperref/hpdftex.def
(/mnt/e/WSL/texlive/2026/texmf-dist/tex/latex/rerunfilecheck/rerunfilecheck.sty

(/mnt/e/WSL/texlive/2026/texmf-dist/tex/generic/uniquecounter/uniquecounter.sty
))) (/mnt/e/WSL/texlive/2026/texmf-dist/tex/latex/microtype/microtype.sty
(/mnt/e/WSL/texlive/2026/texmf-dist/tex/latex/microtype/microtype-pdftex.def)
(/mnt/e/WSL/texlive/2026/texmf-dist/tex/latex/microtype/microtype.cfg))
(/mnt/e/WSL/texlive/2026/texmf-dist/tex/latex/l3backend/l3backend-pdftex.def)
(./Supplementary_Table_3_bootstrap_model_differences_standalone.aux)
*geometry* driver: auto-detecting
*geometry* detected driver: pdftex
(/mnt/e/WSL/texlive/2026/texmf-dist/tex/context/base/mkii/supp-pdf.mkii
[Loading MPS to PDF converter (version 2006.09.02).]
) (/mnt/e/WSL/texlive/2026/texmf-dist/tex/latex/epstopdf-pkg/epstopdf-base.sty
(/mnt/e/WSL/texlive/2026/texmf-dist/tex/latex/latexconfig/epstopdf-sys.cfg))
(/mnt/e/WSL/texlive/2026/texmf-dist/tex/latex/microtype/mt-cmr.cfg)
Underfull \hbox (badness 1043) in paragraph at lines 20--21
\OT1/cmr/m/n/10.95 (+20) Standalone dis-play ver-sion for La-TeX up-load/review
. Machine-readable source: source[]tables/
[1{/mnt/e/WSL/texlive/2026/texmf-var/fonts/map/pdftex/updmap/pdftex.map}]
Underfull \hbox (badness 10000) in alignment at lines 28--33
 [] [] [] [] [] 

Underfull \hbox (badness 10000) in alignment at lines 33--38
 [] [] [] [] [] 

Underfull \hbox (badness 10000) in alignment at lines 38--39
 [] [] [] [] [] 

Underfull \hbox (badness 10000) in alignment at lines 39--41
 [] [] [] [] [] 

Underfull \hbox (badness 10000) in alignment at lines 41--51
 [] [] [] [] [] 
[2]
Underfull \hbox (badness 10000) in alignment at lines 62--67
 [] [] [] [] 

Underfull \hbox (badness 10000) in alignment at lines 67--72
 [] [] [] [] 

Underfull \hbox (badness 10000) in alignment at lines 72--73
 [] [] [] [] 

Underfull \hbox (badness 10000) in alignment at lines 73--75
 [] [] [] [] 

Underfull \hbox (badness 10000) in alignment at lines 75--85
 [] [] [] [] 
[3] (./Supplementary_Table_3_bootstrap_model_differences_standalone.aux)

LaTeX Warning: Label(s) may have changed. Rerun to get cross-references right.


Package rerunfilecheck Warning: File `Supplementary_Table_3_bootstrap_model_dif
ferences_standalone.out' has changed.
(rerunfilecheck)                Rerun to get outlines right
(rerunfilecheck)                or use package `bookmark'.

 )
(see the transcript file for additional information)</mnt/e/WSL/texlive/2026/te
xmf-dist/fonts/type1/public/amsfonts/cm/cmbx12.pfb></mnt/e/WSL/texlive/2026/tex
mf-dist/fonts/type1/public/amsfonts/cm/cmr10.pfb></mnt/e/WSL/texlive/2026/texmf
-dist/fonts/type1/public/amsfonts/cm/cmr12.pfb></mnt/e/WSL/texlive/2026/texmf-d
ist/fonts/type1/public/amsfonts/cm/cmr17.pfb></mnt/e/WSL/texlive/2026/texmf-dis
t/fonts/type1/public/amsfonts/cm/cmr8.pfb>
Output written on Supplementary_Table_3_bootstrap_model_differences_standalone.
pdf (3 pages, 76770 bytes).
SyncTeX written on Supplementary_Table_3_bootstrap_model_differences_standalone.synctex.gz.
Transcript written on Supplementary_Table_3_bootstrap_model_differences_standal
one.log.
Latexmk: Getting log file 'Supplementary_Table_3_bootstrap_model_differences_standalone.log'
Latexmk: Examining 'Supplementary_Table_3_bootstrap_model_differences_standalone.fls'
Latexmk: Examining 'Supplementary_Table_3_bootstrap_model_differences_standalone.log'
Latexmk: References changed.
Latexmk: References changed.
Latexmk: Log file says output to 'Supplementary_Table_3_bootstrap_model_differences_standalone.pdf'
Latexmk: applying rule 'pdflatex'...
Rule 'pdflatex':  Reasons for rerun
Changed files or newly in use/created:
  Supplementary_Table_3_bootstrap_model_differences_standalone.aux
  Supplementary_Table_3_bootstrap_model_differences_standalone.out

------------
Run number 2 of rule 'pdflatex'
------------
------------
Running 'pdflatex  -interaction=nonstopmode -halt-on-error -synctex=1 -recorder  "Supplementary_Table_3_bootstrap_model_differences_standalone.tex"'
------------
This is pdfTeX, Version 3.141592653-2.6-1.40.29 (TeX Live 2026) (preloaded format=pdflatex)
 restricted \write18 enabled.
entering extended mode
(./Supplementary_Table_3_bootstrap_model_differences_standalone.tex
LaTeX2e <2026-06-01>
L3 programming layer <2026-05-26>
(/mnt/e/WSL/texlive/2026/texmf-dist/tex/latex/base/article.cls
Document Class: article 2025/01/22 v1.4n Standard LaTeX document class
(/mnt/e/WSL/texlive/2026/texmf-dist/tex/latex/base/size11.clo))
(/mnt/e/WSL/texlive/2026/texmf-dist/tex/latex/geometry/geometry.sty
(/mnt/e/WSL/texlive/2026/texmf-dist/tex/latex/graphics/keyval.sty)
(/mnt/e/WSL/texlive/2026/texmf-dist/tex/generic/iftex/ifvtex.sty
(/mnt/e/WSL/texlive/2026/texmf-dist/tex/generic/iftex/iftex.sty)))
(/mnt/e/WSL/texlive/2026/texmf-dist/tex/latex/booktabs/booktabs.sty)
(/mnt/e/WSL/texlive/2026/texmf-dist/tex/latex/tools/longtable.sty)
(/mnt/e/WSL/texlive/2026/texmf-dist/tex/latex/tools/array.sty)
(/mnt/e/WSL/texlive/2026/texmf-dist/tex/latex/pdflscape/pdflscape.sty
(/mnt/e/WSL/texlive/2026/texmf-dist/tex/latex/pdflscape/pdflscape-nometadata.st
y (/mnt/e/WSL/texlive/2026/texmf-dist/tex/latex/graphics/lscape.sty
(/mnt/e/WSL/texlive/2026/texmf-dist/tex/latex/graphics/graphics.sty
(/mnt/e/WSL/texlive/2026/texmf-dist/tex/latex/graphics/trig.sty)
(/mnt/e/WSL/texlive/2026/texmf-dist/tex/latex/graphics-cfg/graphics.cfg)
(/mnt/e/WSL/texlive/2026/texmf-dist/tex/latex/graphics-def/pdftex.def)))))
(/mnt/e/WSL/texlive/2026/texmf-dist/tex/latex/url/url.sty)
(/mnt/e/WSL/texlive/2026/texmf-dist/tex/latex/hyperref/hyperref.sty
(/mnt/e/WSL/texlive/2026/texmf-dist/tex/latex/kvsetkeys/kvsetkeys.sty)
(/mnt/e/WSL/texlive/2026/texmf-dist/tex/generic/kvdefinekeys/kvdefinekeys.sty)
(/mnt/e/WSL/texlive/2026/texmf-dist/tex/generic/pdfescape/pdfescape.sty
(/mnt/e/WSL/texlive/2026/texmf-dist/tex/generic/ltxcmds/ltxcmds.sty)
(/mnt/e/WSL/texlive/2026/texmf-dist/tex/generic/pdftexcmds/pdftexcmds.sty
(/mnt/e/WSL/texlive/2026/texmf-dist/tex/generic/infwarerr/infwarerr.sty)))
(/mnt/e/WSL/texlive/2026/texmf-dist/tex/latex/hycolor/hycolor.sty)
(/mnt/e/WSL/texlive/2026/texmf-dist/tex/latex/hyperref/nameref.sty
(/mnt/e/WSL/texlive/2026/texmf-dist/tex/latex/refcount/refcount.sty)
(/mnt/e/WSL/texlive/2026/texmf-dist/tex/generic/gettitlestring/gettitlestring.s
ty (/mnt/e/WSL/texlive/2026/texmf-dist/tex/latex/kvoptions/kvoptions.sty)))
(/mnt/e/WSL/texlive/2026/texmf-dist/tex/latex/etoolbox/etoolbox.sty)
(/mnt/e/WSL/texlive/2026/texmf-dist/tex/generic/stringenc/stringenc.sty)
(/mnt/e/WSL/texlive/2026/texmf-dist/tex/latex/hyperref/pd1enc.def)
(/mnt/e/WSL/texlive/2026/texmf-dist/tex/generic/intcalc/intcalc.sty)
(/mnt/e/WSL/texlive/2026/texmf-dist/tex/latex/hyperref/puenc.def)
(/mnt/e/WSL/texlive/2026/texmf-dist/tex/generic/bitset/bitset.sty
(/mnt/e/WSL/texlive/2026/texmf-dist/tex/generic/bigintcalc/bigintcalc.sty)))
(/mnt/e/WSL/texlive/2026/texmf-dist/tex/latex/hyperref/hpdftex.def
(/mnt/e/WSL/texlive/2026/texmf-dist/tex/latex/rerunfilecheck/rerunfilecheck.sty

(/mnt/e/WSL/texlive/2026/texmf-dist/tex/generic/uniquecounter/uniquecounter.sty
))) (/mnt/e/WSL/texlive/2026/texmf-dist/tex/latex/microtype/microtype.sty
(/mnt/e/WSL/texlive/2026/texmf-dist/tex/latex/microtype/microtype-pdftex.def)
(/mnt/e/WSL/texlive/2026/texmf-dist/tex/latex/microtype/microtype.cfg))
(/mnt/e/WSL/texlive/2026/texmf-dist/tex/latex/l3backend/l3backend-pdftex.def)
(./Supplementary_Table_3_bootstrap_model_differences_standalone.aux)
*geometry* driver: auto-detecting
*geometry* detected driver: pdftex
(/mnt/e/WSL/texlive/2026/texmf-dist/tex/context/base/mkii/supp-pdf.mkii
[Loading MPS to PDF converter (version 2006.09.02).]
) (/mnt/e/WSL/texlive/2026/texmf-dist/tex/latex/epstopdf-pkg/epstopdf-base.sty
(/mnt/e/WSL/texlive/2026/texmf-dist/tex/latex/latexconfig/epstopdf-sys.cfg))
(./Supplementary_Table_3_bootstrap_model_differences_standalone.out)
(./Supplementary_Table_3_bootstrap_model_differences_standalone.out)
(/mnt/e/WSL/texlive/2026/texmf-dist/tex/latex/microtype/mt-cmr.cfg)
Underfull \hbox (badness 1043) in paragraph at lines 20--21
\OT1/cmr/m/n/10.95 (+20) Standalone dis-play ver-sion for La-TeX up-load/review
. Machine-readable source: source[]tables/
[1{/mnt/e/WSL/texlive/2026/texmf-var/fonts/map/pdftex/updmap/pdftex.map}]
Underfull \hbox (badness 10000) in alignment at lines 28--33
 [] [] [] [] [] 

Underfull \hbox (badness 10000) in alignment at lines 33--38
 [] [] [] [] [] 

Underfull \hbox (badness 10000) in alignment at lines 38--39
 [] [] [] [] [] 

Underfull \hbox (badness 10000) in alignment at lines 39--41
 [] [] [] [] [] 

Underfull \hbox (badness 10000) in alignment at lines 41--51
 [] [] [] [] [] 
[2]
Underfull \hbox (badness 10000) in alignment at lines 62--67
 [] [] [] [] 

Underfull \hbox (badness 10000) in alignment at lines 67--72
 [] [] [] [] 

Underfull \hbox (badness 10000) in alignment at lines 72--73
 [] [] [] [] 

Underfull \hbox (badness 10000) in alignment at lines 73--75
 [] [] [] [] 

Underfull \hbox (badness 10000) in alignment at lines 75--85
 [] [] [] [] 
[3] (./Supplementary_Table_3_bootstrap_model_differences_standalone.aux) )
(see the transcript file for additional information)</mnt/e/WSL/texlive/2026/te
xmf-dist/fonts/type1/public/amsfonts/cm/cmbx12.pfb></mnt/e/WSL/texlive/2026/tex
mf-dist/fonts/type1/public/amsfonts/cm/cmr10.pfb></mnt/e/WSL/texlive/2026/texmf
-dist/fonts/type1/public/amsfonts/cm/cmr12.pfb></mnt/e/WSL/texlive/2026/texmf-d
ist/fonts/type1/public/amsfonts/cm/cmr17.pfb></mnt/e/WSL/texlive/2026/texmf-dis
t/fonts/type1/public/amsfonts/cm/cmr8.pfb>
Output written on Supplementary_Table_3_bootstrap_model_differences_standalone.
pdf (3 pages, 76770 bytes).
SyncTeX written on Supplementary_Table_3_bootstrap_model_differences_standalone.synctex.gz.
Transcript written on Supplementary_Table_3_bootstrap_model_differences_standal
one.log.
Latexmk: Getting log file 'Supplementary_Table_3_bootstrap_model_differences_standalone.log'
Latexmk: Examining 'Supplementary_Table_3_bootstrap_model_differences_standalone.fls'
Latexmk: Examining 'Supplementary_Table_3_bootstrap_model_differences_standalone.log'
Latexmk: Log file says output to 'Supplementary_Table_3_bootstrap_model_differences_standalone.pdf'
Latexmk: All targets (Supplementary_Table_3_bootstrap_model_differences_standalone.pdf) are up-to-date

Using TeX bin: /mnt/e/WSL/texlive/2026/bin/x86_64-linux
Project: /mnt/e/Reserch/CTG_Trajectory_Frontiers_Signal_Processing_R1_Revision_20260705/R1_FRONTIERS_ORIGINAL_TEMPLATE_REVIEW_20260707/latex_original_frontiers_template/standalone_supplementary_tables
Main: Supplementary_Table_4_dynamic_phenotype_summary_and_prototypes_standalone.tex
Rc files read (in order):
  NONE
Latexmk: This is Latexmk, John Collins, 9 March 2026. Version 4.88.
No specific requests made, so using default for latexmk.
Latexmk: Doing full clean up for 'Supplementary_Table_4_dynamic_phenotype_summary_and_prototypes_standalone.tex'

Rc files read (in order):
  NONE
Latexmk: This is Latexmk, John Collins, 9 March 2026. Version 4.88.
No existing .aux file, so I'll make a simple one, and require run of *latex.
Latexmk: applying rule 'pdflatex'...
Rule 'pdflatex':  Reasons for rerun
Category 'other':
  Rerun of 'pdflatex' forced or previously required:
    Reason or flag: 'Initial setup'

------------
Run number 1 of rule 'pdflatex'
------------
------------
Running 'pdflatex  -interaction=nonstopmode -halt-on-error -synctex=1 -recorder  "Supplementary_Table_4_dynamic_phenotype_summary_and_prototypes_standalone.tex"'
------------
This is pdfTeX, Version 3.141592653-2.6-1.40.29 (TeX Live 2026) (preloaded format=pdflatex)
 restricted \write18 enabled.
entering extended mode

(./Supplementary_Table_4_dynamic_phenotype_summary_and_prototypes_standalone.te
x
LaTeX2e <2026-06-01>
L3 programming layer <2026-05-26>
(/mnt/e/WSL/texlive/2026/texmf-dist/tex/latex/base/article.cls
Document Class: article 2025/01/22 v1.4n Standard LaTeX document class
(/mnt/e/WSL/texlive/2026/texmf-dist/tex/latex/base/size11.clo))
(/mnt/e/WSL/texlive/2026/texmf-dist/tex/latex/geometry/geometry.sty
(/mnt/e/WSL/texlive/2026/texmf-dist/tex/latex/graphics/keyval.sty)
(/mnt/e/WSL/texlive/2026/texmf-dist/tex/generic/iftex/ifvtex.sty
(/mnt/e/WSL/texlive/2026/texmf-dist/tex/generic/iftex/iftex.sty)))
(/mnt/e/WSL/texlive/2026/texmf-dist/tex/latex/booktabs/booktabs.sty)
(/mnt/e/WSL/texlive/2026/texmf-dist/tex/latex/tools/longtable.sty)
(/mnt/e/WSL/texlive/2026/texmf-dist/tex/latex/tools/array.sty)
(/mnt/e/WSL/texlive/2026/texmf-dist/tex/latex/pdflscape/pdflscape.sty
(/mnt/e/WSL/texlive/2026/texmf-dist/tex/latex/pdflscape/pdflscape-nometadata.st
y (/mnt/e/WSL/texlive/2026/texmf-dist/tex/latex/graphics/lscape.sty
(/mnt/e/WSL/texlive/2026/texmf-dist/tex/latex/graphics/graphics.sty
(/mnt/e/WSL/texlive/2026/texmf-dist/tex/latex/graphics/trig.sty)
(/mnt/e/WSL/texlive/2026/texmf-dist/tex/latex/graphics-cfg/graphics.cfg)
(/mnt/e/WSL/texlive/2026/texmf-dist/tex/latex/graphics-def/pdftex.def)))))
(/mnt/e/WSL/texlive/2026/texmf-dist/tex/latex/url/url.sty)
(/mnt/e/WSL/texlive/2026/texmf-dist/tex/latex/hyperref/hyperref.sty
(/mnt/e/WSL/texlive/2026/texmf-dist/tex/latex/kvsetkeys/kvsetkeys.sty)
(/mnt/e/WSL/texlive/2026/texmf-dist/tex/generic/kvdefinekeys/kvdefinekeys.sty)
(/mnt/e/WSL/texlive/2026/texmf-dist/tex/generic/pdfescape/pdfescape.sty
(/mnt/e/WSL/texlive/2026/texmf-dist/tex/generic/ltxcmds/ltxcmds.sty)
(/mnt/e/WSL/texlive/2026/texmf-dist/tex/generic/pdftexcmds/pdftexcmds.sty
(/mnt/e/WSL/texlive/2026/texmf-dist/tex/generic/infwarerr/infwarerr.sty)))
(/mnt/e/WSL/texlive/2026/texmf-dist/tex/latex/hycolor/hycolor.sty)
(/mnt/e/WSL/texlive/2026/texmf-dist/tex/latex/hyperref/nameref.sty
(/mnt/e/WSL/texlive/2026/texmf-dist/tex/latex/refcount/refcount.sty)
(/mnt/e/WSL/texlive/2026/texmf-dist/tex/generic/gettitlestring/gettitlestring.s
ty (/mnt/e/WSL/texlive/2026/texmf-dist/tex/latex/kvoptions/kvoptions.sty)))
(/mnt/e/WSL/texlive/2026/texmf-dist/tex/latex/etoolbox/etoolbox.sty)
(/mnt/e/WSL/texlive/2026/texmf-dist/tex/generic/stringenc/stringenc.sty)
(/mnt/e/WSL/texlive/2026/texmf-dist/tex/latex/hyperref/pd1enc.def)
(/mnt/e/WSL/texlive/2026/texmf-dist/tex/generic/intcalc/intcalc.sty)
(/mnt/e/WSL/texlive/2026/texmf-dist/tex/latex/hyperref/puenc.def)
(/mnt/e/WSL/texlive/2026/texmf-dist/tex/generic/bitset/bitset.sty
(/mnt/e/WSL/texlive/2026/texmf-dist/tex/generic/bigintcalc/bigintcalc.sty)))
(/mnt/e/WSL/texlive/2026/texmf-dist/tex/latex/hyperref/hpdftex.def
(/mnt/e/WSL/texlive/2026/texmf-dist/tex/latex/rerunfilecheck/rerunfilecheck.sty

(/mnt/e/WSL/texlive/2026/texmf-dist/tex/generic/uniquecounter/uniquecounter.sty
))) (/mnt/e/WSL/texlive/2026/texmf-dist/tex/latex/microtype/microtype.sty
(/mnt/e/WSL/texlive/2026/texmf-dist/tex/latex/microtype/microtype-pdftex.def)
(/mnt/e/WSL/texlive/2026/texmf-dist/tex/latex/microtype/microtype.cfg))
(/mnt/e/WSL/texlive/2026/texmf-dist/tex/latex/l3backend/l3backend-pdftex.def)
(./Supplementary_Table_4_dynamic_phenotype_summary_and_prototypes_standalone.au
x)
*geometry* driver: auto-detecting
*geometry* detected driver: pdftex
(/mnt/e/WSL/texlive/2026/texmf-dist/tex/context/base/mkii/supp-pdf.mkii
[Loading MPS to PDF converter (version 2006.09.02).]
) (/mnt/e/WSL/texlive/2026/texmf-dist/tex/latex/epstopdf-pkg/epstopdf-base.sty
(/mnt/e/WSL/texlive/2026/texmf-dist/tex/latex/latexconfig/epstopdf-sys.cfg))
(/mnt/e/WSL/texlive/2026/texmf-dist/tex/latex/microtype/mt-cmr.cfg)
Underfull \hbox (badness 1043) in paragraph at lines 20--21
\OT1/cmr/m/n/10.95 (+20) Standalone dis-play ver-sion for La-TeX up-load/review
. Machine-readable source: source[]tables/
[1{/mnt/e/WSL/texlive/2026/texmf-var/fonts/map/pdftex/updmap/pdftex.map}]
Underfull \hbox (badness 10000) in alignment at lines 30--35
 [] [] [] [] [] 

Underfull \hbox (badness 10000) in alignment at lines 35--40
 [] [] [] [] [] 

Underfull \hbox (badness 10000) in alignment at lines 40--41
 [] [] [] [] [] 

Underfull \hbox (badness 10000) in alignment at lines 41--43
 [] [] [] [] [] 

Underfull \hbox (badness 10000) in alignment at lines 43--48
 [] [] [] [] [] 
[2]
Underfull \hbox (badness 10000) in alignment at lines 59--64
 [] [] [] [] [] 

Underfull \hbox (badness 10000) in alignment at lines 64--69
 [] [] [] [] [] 

Underfull \hbox (badness 10000) in alignment at lines 69--70
 [] [] [] [] [] 

Underfull \hbox (badness 10000) in alignment at lines 70--72
 [] [] [] [] [] 

Underfull \hbox (badness 10000) in alignment at lines 72--77
 [] [] [] [] [] 
[3]
Underfull \hbox (badness 10000) in alignment at lines 88--93
 [] [] [] [] [] 

Underfull \hbox (badness 10000) in alignment at lines 93--98
 [] [] [] [] [] 

Underfull \hbox (badness 10000) in alignment at lines 98--99
 [] [] [] [] [] 

Underfull \hbox (badness 10000) in alignment at lines 99--101
 [] [] [] [] [] 

Underfull \hbox (badness 10000) in alignment at lines 101--106
 [] [] [] [] [] 
[4]
Underfull \hbox (badness 10000) in alignment at lines 117--122
 [] [] [] [] [] 

Underfull \hbox (badness 10000) in alignment at lines 122--127
 [] [] [] [] [] 

Underfull \hbox (badness 10000) in alignment at lines 127--128
 [] [] [] [] [] 

Underfull \hbox (badness 10000) in alignment at lines 128--130
 [] [] [] [] [] 

Underfull \hbox (badness 10000) in alignment at lines 130--135
 [] [] [] [] [] 
[5]
Underfull \hbox (badness 10000) in alignment at lines 146--151
 [] [] [] [] [] 

Underfull \hbox (badness 10000) in alignment at lines 151--156
 [] [] [] [] [] 

Underfull \hbox (badness 10000) in alignment at lines 156--157
 [] [] [] [] [] 

Underfull \hbox (badness 10000) in alignment at lines 157--159
 [] [] [] [] [] 

Underfull \hbox (badness 10000) in alignment at lines 159--164
 [] [] [] [] [] 
[6]
Underfull \hbox (badness 10000) in alignment at lines 175--180
 [] [] [] [] [] 

Underfull \hbox (badness 10000) in alignment at lines 180--185
 [] [] [] [] [] 

Underfull \hbox (badness 10000) in alignment at lines 185--186
 [] [] [] [] [] 

Underfull \hbox (badness 10000) in alignment at lines 186--188
 [] [] [] [] [] 

Underfull \hbox (badness 10000) in alignment at lines 188--193
 [] [] [] [] [] 
[7]
Underfull \hbox (badness 10000) in alignment at lines 204--209
 [] [] [] [] [] 

Underfull \hbox (badness 10000) in alignment at lines 209--214
 [] [] [] [] [] 

Underfull \hbox (badness 10000) in alignment at lines 214--215
 [] [] [] [] [] 

Underfull \hbox (badness 10000) in alignment at lines 215--217
 [] [] [] [] [] 

Underfull \hbox (badness 10000) in alignment at lines 217--222
 [] [] [] [] [] 
[8]
Underfull \hbox (badness 10000) in alignment at lines 233--238
 [] [] [] [] [] 

Underfull \hbox (badness 10000) in alignment at lines 238--243
 [] [] [] [] [] 

Underfull \hbox (badness 10000) in alignment at lines 243--244
 [] [] [] [] [] 

Underfull \hbox (badness 10000) in alignment at lines 244--246
 [] [] [] [] [] 

Underfull \hbox (badness 10000) in alignment at lines 246--251
 [] [] [] [] [] 
[9]
Underfull \hbox (badness 10000) in alignment at lines 262--267
 [] [] [] [] [] 

Underfull \hbox (badness 10000) in alignment at lines 267--272
 [] [] [] [] [] 

Underfull \hbox (badness 10000) in alignment at lines 272--273
 [] [] [] [] [] 

Underfull \hbox (badness 10000) in alignment at lines 273--275
 [] [] [] [] [] 

Underfull \hbox (badness 10000) in alignment at lines 275--280
 [] [] [] [] [] 
[10]
Underfull \hbox (badness 10000) in alignment at lines 291--296
 [] [] [] [] [] 

Underfull \hbox (badness 10000) in alignment at lines 296--301
 [] [] [] [] [] 

Underfull \hbox (badness 10000) in alignment at lines 301--302
 [] [] [] [] [] 

Underfull \hbox (badness 10000) in alignment at lines 302--304
 [] [] [] [] [] 

Underfull \hbox (badness 10000) in alignment at lines 304--309
 [] [] [] [] [] 
[11]
Underfull \hbox (badness 10000) in alignment at lines 320--325
 [] [] [] [] [] 

Underfull \hbox (badness 10000) in alignment at lines 325--330
 [] [] [] [] [] 

Underfull \hbox (badness 10000) in alignment at lines 330--331
 [] [] [] [] [] 

Underfull \hbox (badness 10000) in alignment at lines 331--333
 [] [] [] [] [] 

Underfull \hbox (badness 10000) in alignment at lines 333--338
 [] [] [] [] [] 
[12]
Underfull \hbox (badness 10000) in alignment at lines 349--354
 [] [] [] [] [] 

Underfull \hbox (badness 10000) in alignment at lines 354--359
 [] [] [] [] [] 

Underfull \hbox (badness 10000) in alignment at lines 359--360
 [] [] [] [] [] 

Underfull \hbox (badness 10000) in alignment at lines 360--362
 [] [] [] [] [] 
(/mnt/e/WSL/texlive/2026/texmf-dist/tex/latex/base/omscmr.fd)
Underfull \hbox (badness 10000) in alignment at lines 362--367
 [] [] [] [] [] 
[13] [14]
Underfull \hbox (badness 10000) in alignment at lines 380--385
 [] [] [] [] [] 

Underfull \hbox (badness 10000) in alignment at lines 385--390
 [] [] [] [] [] 

Underfull \hbox (badness 10000) in alignment at lines 390--391
 [] [] [] [] [] 

Underfull \hbox (badness 10000) in alignment at lines 391--393
 [] [] [] [] [] 

Underfull \hbox (badness 10000) in alignment at lines 393--398
 [] [] [] [] [] 
[15]
Underfull \hbox (badness 10000) in alignment at lines 409--414
 [] [] [] [] [] 

Underfull \hbox (badness 10000) in alignment at lines 414--419
 [] [] [] [] [] 

Underfull \hbox (badness 10000) in alignment at lines 419--420
 [] [] [] [] [] 

Underfull \hbox (badness 10000) in alignment at lines 420--422
 [] [] [] [] [] 

Underfull \hbox (badness 10000) in alignment at lines 422--427
 [] [] [] [] [] 
[16]
Underfull \hbox (badness 10000) in alignment at lines 438--443
 [] [] [] [] [] 

Underfull \hbox (badness 10000) in alignment at lines 443--448
 [] [] [] [] [] 

Underfull \hbox (badness 10000) in alignment at lines 448--449
 [] [] [] [] [] 

Underfull \hbox (badness 10000) in alignment at lines 449--451
 [] [] [] [] [] 

Underfull \hbox (badness 10000) in alignment at lines 451--456
 [] [] [] [] [] 
[17]
Underfull \hbox (badness 10000) in alignment at lines 467--472
 [] [] [] [] [] 

Underfull \hbox (badness 10000) in alignment at lines 472--477
 [] [] [] [] [] 

Underfull \hbox (badness 10000) in alignment at lines 477--478
 [] [] [] [] [] 

Underfull \hbox (badness 10000) in alignment at lines 478--480
 [] [] [] [] [] 

Underfull \hbox (badness 10000) in alignment at lines 480--485
 [] [] [] [] [] 
[18]
Underfull \hbox (badness 10000) in alignment at lines 496--501
 [] [] [] [] [] 

Underfull \hbox (badness 10000) in alignment at lines 501--506
 [] [] [] [] [] 

Underfull \hbox (badness 10000) in alignment at lines 506--507
 [] [] [] [] [] 

Underfull \hbox (badness 10000) in alignment at lines 507--509
 [] [] [] [] [] 

Underfull \hbox (badness 10000) in alignment at lines 509--514
 [] [] [] [] [] 
[19]
Underfull \hbox (badness 10000) in alignment at lines 525--530
 [] [] [] [] [] 

Underfull \hbox (badness 10000) in alignment at lines 530--535
 [] [] [] [] [] 

Underfull \hbox (badness 10000) in alignment at lines 535--536
 [] [] [] [] [] 

Underfull \hbox (badness 10000) in alignment at lines 536--538
 [] [] [] [] [] 

Underfull \hbox (badness 10000) in alignment at lines 538--543
 [] [] [] [] [] 
[20]
Underfull \hbox (badness 10000) in alignment at lines 554--559
 [] [] [] [] [] 

Underfull \hbox (badness 10000) in alignment at lines 559--564
 [] [] [] [] [] 

Underfull \hbox (badness 10000) in alignment at lines 564--565
 [] [] [] [] [] 

Underfull \hbox (badness 10000) in alignment at lines 565--567
 [] [] [] [] [] 

Underfull \hbox (badness 10000) in alignment at lines 567--572
 [] [] [] [] [] 
[21]
Underfull \hbox (badness 10000) in alignment at lines 583--588
 [] [] [] [] [] 

Underfull \hbox (badness 10000) in alignment at lines 588--593
 [] [] [] [] [] 

Underfull \hbox (badness 10000) in alignment at lines 593--594
 [] [] [] [] [] 

Underfull \hbox (badness 10000) in alignment at lines 594--596
 [] [] [] [] [] 

Underfull \hbox (badness 10000) in alignment at lines 596--601
 [] [] [] [] [] 
[22]
Underfull \hbox (badness 10000) in alignment at lines 612--617
 [] [] [] [] [] 

Underfull \hbox (badness 10000) in alignment at lines 617--622
 [] [] [] [] [] 

Underfull \hbox (badness 10000) in alignment at lines 622--623
 [] [] [] [] [] 

Underfull \hbox (badness 10000) in alignment at lines 623--625
 [] [] [] [] [] 

Underfull \hbox (badness 10000) in alignment at lines 625--630
 [] [] [] [] [] 
[23]
Underfull \hbox (badness 10000) in alignment at lines 641--646
 [] [] [] [] [] 

Underfull \hbox (badness 10000) in alignment at lines 646--651
 [] [] [] [] [] 

Underfull \hbox (badness 10000) in alignment at lines 651--652
 [] [] [] [] [] 

Underfull \hbox (badness 10000) in alignment at lines 652--654
 [] [] [] [] [] 

Underfull \hbox (badness 10000) in alignment at lines 654--659
 [] [] [] [] [] 
[24]
Underfull \hbox (badness 10000) in alignment at lines 670--675
 [] [] [] [] [] 

Underfull \hbox (badness 10000) in alignment at lines 675--680
 [] [] [] [] [] 

Underfull \hbox (badness 10000) in alignment at lines 680--681
 [] [] [] [] [] 

Underfull \hbox (badness 10000) in alignment at lines 681--683
 [] [] [] [] [] 

Underfull \hbox (badness 10000) in alignment at lines 683--688
 [] [] [] [] [] 
[25]
Underfull \hbox (badness 10000) in alignment at lines 699--704
 [] [] [] [] [] 

Underfull \hbox (badness 10000) in alignment at lines 704--709
 [] [] [] [] [] 

Underfull \hbox (badness 10000) in alignment at lines 709--710
 [] [] [] [] [] 

Underfull \hbox (badness 10000) in alignment at lines 710--712
 [] [] [] [] [] 

Underfull \hbox (badness 10000) in alignment at lines 712--717
 [] [] [] [] [] 
[26]
(./Supplementary_Table_4_dynamic_phenotype_summary_and_prototypes_standalone.au
x)

LaTeX Warning: Label(s) may have changed. Rerun to get cross-references right.


Package rerunfilecheck Warning: File `Supplementary_Table_4_dynamic_phenotype_s
ummary_and_prototypes_standalone.out' has changed.
(rerunfilecheck)                Rerun to get outlines right
(rerunfilecheck)                or use package `bookmark'.

 )
(see the transcript file for additional information)</mnt/e/WSL/texlive/2026/te
xmf-dist/fonts/type1/public/amsfonts/cm/cmbx12.pfb></mnt/e/WSL/texlive/2026/tex
mf-dist/fonts/type1/public/amsfonts/cm/cmr10.pfb></mnt/e/WSL/texlive/2026/texmf
-dist/fonts/type1/public/amsfonts/cm/cmr12.pfb></mnt/e/WSL/texlive/2026/texmf-d
ist/fonts/type1/public/amsfonts/cm/cmr17.pfb></mnt/e/WSL/texlive/2026/texmf-dis
t/fonts/type1/public/amsfonts/cm/cmr8.pfb></mnt/e/WSL/texlive/2026/texmf-dist/f
onts/type1/public/amsfonts/cm/cmsy8.pfb>
Output written on Supplementary_Table_4_dynamic_phenotype_summary_and_prototype
s_standalone.pdf (26 pages, 98688 bytes).
SyncTeX written on Supplementary_Table_4_dynamic_phenotype_summary_and_prototypes_standalone.synctex.gz.
Transcript written on Supplementary_Table_4_dynamic_phenotype_summary_and_proto
types_standalone.log.
Latexmk: Getting log file 'Supplementary_Table_4_dynamic_phenotype_summary_and_prototypes_standalone.log'
Latexmk: Examining 'Supplementary_Table_4_dynamic_phenotype_summary_and_prototypes_standalone.fls'
Latexmk: Examining 'Supplementary_Table_4_dynamic_phenotype_summary_and_prototypes_standalone.log'
Latexmk: References changed.
Latexmk: References changed.
Latexmk: Log file says output to 'Supplementary_Table_4_dynamic_phenotype_summary_and_prototypes_standalone.pdf'
Latexmk: applying rule 'pdflatex'...
Rule 'pdflatex':  Reasons for rerun
Changed files or newly in use/created:
  Supplementary_Table_4_dynamic_phenotype_summary_and_prototypes_standalone.aux
  Supplementary_Table_4_dynamic_phenotype_summary_and_prototypes_standalone.out

------------
Run number 2 of rule 'pdflatex'
------------
------------
Running 'pdflatex  -interaction=nonstopmode -halt-on-error -synctex=1 -recorder  "Supplementary_Table_4_dynamic_phenotype_summary_and_prototypes_standalone.tex"'
------------
This is pdfTeX, Version 3.141592653-2.6-1.40.29 (TeX Live 2026) (preloaded format=pdflatex)
 restricted \write18 enabled.
entering extended mode

(./Supplementary_Table_4_dynamic_phenotype_summary_and_prototypes_standalone.te
x
LaTeX2e <2026-06-01>
L3 programming layer <2026-05-26>
(/mnt/e/WSL/texlive/2026/texmf-dist/tex/latex/base/article.cls
Document Class: article 2025/01/22 v1.4n Standard LaTeX document class
(/mnt/e/WSL/texlive/2026/texmf-dist/tex/latex/base/size11.clo))
(/mnt/e/WSL/texlive/2026/texmf-dist/tex/latex/geometry/geometry.sty
(/mnt/e/WSL/texlive/2026/texmf-dist/tex/latex/graphics/keyval.sty)
(/mnt/e/WSL/texlive/2026/texmf-dist/tex/generic/iftex/ifvtex.sty
(/mnt/e/WSL/texlive/2026/texmf-dist/tex/generic/iftex/iftex.sty)))
(/mnt/e/WSL/texlive/2026/texmf-dist/tex/latex/booktabs/booktabs.sty)
(/mnt/e/WSL/texlive/2026/texmf-dist/tex/latex/tools/longtable.sty)
(/mnt/e/WSL/texlive/2026/texmf-dist/tex/latex/tools/array.sty)
(/mnt/e/WSL/texlive/2026/texmf-dist/tex/latex/pdflscape/pdflscape.sty
(/mnt/e/WSL/texlive/2026/texmf-dist/tex/latex/pdflscape/pdflscape-nometadata.st
y (/mnt/e/WSL/texlive/2026/texmf-dist/tex/latex/graphics/lscape.sty
(/mnt/e/WSL/texlive/2026/texmf-dist/tex/latex/graphics/graphics.sty
(/mnt/e/WSL/texlive/2026/texmf-dist/tex/latex/graphics/trig.sty)
(/mnt/e/WSL/texlive/2026/texmf-dist/tex/latex/graphics-cfg/graphics.cfg)
(/mnt/e/WSL/texlive/2026/texmf-dist/tex/latex/graphics-def/pdftex.def)))))
(/mnt/e/WSL/texlive/2026/texmf-dist/tex/latex/url/url.sty)
(/mnt/e/WSL/texlive/2026/texmf-dist/tex/latex/hyperref/hyperref.sty
(/mnt/e/WSL/texlive/2026/texmf-dist/tex/latex/kvsetkeys/kvsetkeys.sty)
(/mnt/e/WSL/texlive/2026/texmf-dist/tex/generic/kvdefinekeys/kvdefinekeys.sty)
(/mnt/e/WSL/texlive/2026/texmf-dist/tex/generic/pdfescape/pdfescape.sty
(/mnt/e/WSL/texlive/2026/texmf-dist/tex/generic/ltxcmds/ltxcmds.sty)
(/mnt/e/WSL/texlive/2026/texmf-dist/tex/generic/pdftexcmds/pdftexcmds.sty
(/mnt/e/WSL/texlive/2026/texmf-dist/tex/generic/infwarerr/infwarerr.sty)))
(/mnt/e/WSL/texlive/2026/texmf-dist/tex/latex/hycolor/hycolor.sty)
(/mnt/e/WSL/texlive/2026/texmf-dist/tex/latex/hyperref/nameref.sty
(/mnt/e/WSL/texlive/2026/texmf-dist/tex/latex/refcount/refcount.sty)
(/mnt/e/WSL/texlive/2026/texmf-dist/tex/generic/gettitlestring/gettitlestring.s
ty (/mnt/e/WSL/texlive/2026/texmf-dist/tex/latex/kvoptions/kvoptions.sty)))
(/mnt/e/WSL/texlive/2026/texmf-dist/tex/latex/etoolbox/etoolbox.sty)
(/mnt/e/WSL/texlive/2026/texmf-dist/tex/generic/stringenc/stringenc.sty)
(/mnt/e/WSL/texlive/2026/texmf-dist/tex/latex/hyperref/pd1enc.def)
(/mnt/e/WSL/texlive/2026/texmf-dist/tex/generic/intcalc/intcalc.sty)
(/mnt/e/WSL/texlive/2026/texmf-dist/tex/latex/hyperref/puenc.def)
(/mnt/e/WSL/texlive/2026/texmf-dist/tex/generic/bitset/bitset.sty
(/mnt/e/WSL/texlive/2026/texmf-dist/tex/generic/bigintcalc/bigintcalc.sty)))
(/mnt/e/WSL/texlive/2026/texmf-dist/tex/latex/hyperref/hpdftex.def
(/mnt/e/WSL/texlive/2026/texmf-dist/tex/latex/rerunfilecheck/rerunfilecheck.sty

(/mnt/e/WSL/texlive/2026/texmf-dist/tex/generic/uniquecounter/uniquecounter.sty
))) (/mnt/e/WSL/texlive/2026/texmf-dist/tex/latex/microtype/microtype.sty
(/mnt/e/WSL/texlive/2026/texmf-dist/tex/latex/microtype/microtype-pdftex.def)
(/mnt/e/WSL/texlive/2026/texmf-dist/tex/latex/microtype/microtype.cfg))
(/mnt/e/WSL/texlive/2026/texmf-dist/tex/latex/l3backend/l3backend-pdftex.def)
(./Supplementary_Table_4_dynamic_phenotype_summary_and_prototypes_standalone.au
x)
*geometry* driver: auto-detecting
*geometry* detected driver: pdftex
(/mnt/e/WSL/texlive/2026/texmf-dist/tex/context/base/mkii/supp-pdf.mkii
[Loading MPS to PDF converter (version 2006.09.02).]
) (/mnt/e/WSL/texlive/2026/texmf-dist/tex/latex/epstopdf-pkg/epstopdf-base.sty
(/mnt/e/WSL/texlive/2026/texmf-dist/tex/latex/latexconfig/epstopdf-sys.cfg))
(./Supplementary_Table_4_dynamic_phenotype_summary_and_prototypes_standalone.ou
t)
(./Supplementary_Table_4_dynamic_phenotype_summary_and_prototypes_standalone.ou
t) (/mnt/e/WSL/texlive/2026/texmf-dist/tex/latex/microtype/mt-cmr.cfg)
Underfull \hbox (badness 1043) in paragraph at lines 20--21
\OT1/cmr/m/n/10.95 (+20) Standalone dis-play ver-sion for La-TeX up-load/review
. Machine-readable source: source[]tables/
[1{/mnt/e/WSL/texlive/2026/texmf-var/fonts/map/pdftex/updmap/pdftex.map}]
Underfull \hbox (badness 10000) in alignment at lines 30--35
 [] [] [] [] [] 

Underfull \hbox (badness 10000) in alignment at lines 35--40
 [] [] [] [] [] 

Underfull \hbox (badness 10000) in alignment at lines 40--41
 [] [] [] [] [] 

Underfull \hbox (badness 10000) in alignment at lines 41--43
 [] [] [] [] [] 

Underfull \hbox (badness 10000) in alignment at lines 43--48
 [] [] [] [] [] 
[2]
Underfull \hbox (badness 10000) in alignment at lines 59--64
 [] [] [] [] [] 

Underfull \hbox (badness 10000) in alignment at lines 64--69
 [] [] [] [] [] 

Underfull \hbox (badness 10000) in alignment at lines 69--70
 [] [] [] [] [] 

Underfull \hbox (badness 10000) in alignment at lines 70--72
 [] [] [] [] [] 

Underfull \hbox (badness 10000) in alignment at lines 72--77
 [] [] [] [] [] 
[3]
Underfull \hbox (badness 10000) in alignment at lines 88--93
 [] [] [] [] [] 

Underfull \hbox (badness 10000) in alignment at lines 93--98
 [] [] [] [] [] 

Underfull \hbox (badness 10000) in alignment at lines 98--99
 [] [] [] [] [] 

Underfull \hbox (badness 10000) in alignment at lines 99--101
 [] [] [] [] [] 

Underfull \hbox (badness 10000) in alignment at lines 101--106
 [] [] [] [] [] 
[4]
Underfull \hbox (badness 10000) in alignment at lines 117--122
 [] [] [] [] [] 

Underfull \hbox (badness 10000) in alignment at lines 122--127
 [] [] [] [] [] 

Underfull \hbox (badness 10000) in alignment at lines 127--128
 [] [] [] [] [] 

Underfull \hbox (badness 10000) in alignment at lines 128--130
 [] [] [] [] [] 

Underfull \hbox (badness 10000) in alignment at lines 130--135
 [] [] [] [] [] 
[5]
Underfull \hbox (badness 10000) in alignment at lines 146--151
 [] [] [] [] [] 

Underfull \hbox (badness 10000) in alignment at lines 151--156
 [] [] [] [] [] 

Underfull \hbox (badness 10000) in alignment at lines 156--157
 [] [] [] [] [] 

Underfull \hbox (badness 10000) in alignment at lines 157--159
 [] [] [] [] [] 

Underfull \hbox (badness 10000) in alignment at lines 159--164
 [] [] [] [] [] 
[6]
Underfull \hbox (badness 10000) in alignment at lines 175--180
 [] [] [] [] [] 

Underfull \hbox (badness 10000) in alignment at lines 180--185
 [] [] [] [] [] 

Underfull \hbox (badness 10000) in alignment at lines 185--186
 [] [] [] [] [] 

Underfull \hbox (badness 10000) in alignment at lines 186--188
 [] [] [] [] [] 

Underfull \hbox (badness 10000) in alignment at lines 188--193
 [] [] [] [] [] 
[7]
Underfull \hbox (badness 10000) in alignment at lines 204--209
 [] [] [] [] [] 

Underfull \hbox (badness 10000) in alignment at lines 209--214
 [] [] [] [] [] 

Underfull \hbox (badness 10000) in alignment at lines 214--215
 [] [] [] [] [] 

Underfull \hbox (badness 10000) in alignment at lines 215--217
 [] [] [] [] [] 

Underfull \hbox (badness 10000) in alignment at lines 217--222
 [] [] [] [] [] 
[8]
Underfull \hbox (badness 10000) in alignment at lines 233--238
 [] [] [] [] [] 

Underfull \hbox (badness 10000) in alignment at lines 238--243
 [] [] [] [] [] 

Underfull \hbox (badness 10000) in alignment at lines 243--244
 [] [] [] [] [] 

Underfull \hbox (badness 10000) in alignment at lines 244--246
 [] [] [] [] [] 

Underfull \hbox (badness 10000) in alignment at lines 246--251
 [] [] [] [] [] 
[9]
Underfull \hbox (badness 10000) in alignment at lines 262--267
 [] [] [] [] [] 

Underfull \hbox (badness 10000) in alignment at lines 267--272
 [] [] [] [] [] 

Underfull \hbox (badness 10000) in alignment at lines 272--273
 [] [] [] [] [] 

Underfull \hbox (badness 10000) in alignment at lines 273--275
 [] [] [] [] [] 

Underfull \hbox (badness 10000) in alignment at lines 275--280
 [] [] [] [] [] 
[10]
Underfull \hbox (badness 10000) in alignment at lines 291--296
 [] [] [] [] [] 

Underfull \hbox (badness 10000) in alignment at lines 296--301
 [] [] [] [] [] 

Underfull \hbox (badness 10000) in alignment at lines 301--302
 [] [] [] [] [] 

Underfull \hbox (badness 10000) in alignment at lines 302--304
 [] [] [] [] [] 

Underfull \hbox (badness 10000) in alignment at lines 304--309
 [] [] [] [] [] 
[11]
Underfull \hbox (badness 10000) in alignment at lines 320--325
 [] [] [] [] [] 

Underfull \hbox (badness 10000) in alignment at lines 325--330
 [] [] [] [] [] 

Underfull \hbox (badness 10000) in alignment at lines 330--331
 [] [] [] [] [] 

Underfull \hbox (badness 10000) in alignment at lines 331--333
 [] [] [] [] [] 

Underfull \hbox (badness 10000) in alignment at lines 333--338
 [] [] [] [] [] 
[12]
Underfull \hbox (badness 10000) in alignment at lines 349--354
 [] [] [] [] [] 

Underfull \hbox (badness 10000) in alignment at lines 354--359
 [] [] [] [] [] 

Underfull \hbox (badness 10000) in alignment at lines 359--360
 [] [] [] [] [] 

Underfull \hbox (badness 10000) in alignment at lines 360--362
 [] [] [] [] [] 
(/mnt/e/WSL/texlive/2026/texmf-dist/tex/latex/base/omscmr.fd)
Underfull \hbox (badness 10000) in alignment at lines 362--367
 [] [] [] [] [] 
[13] [14]
Underfull \hbox (badness 10000) in alignment at lines 380--385
 [] [] [] [] [] 

Underfull \hbox (badness 10000) in alignment at lines 385--390
 [] [] [] [] [] 

Underfull \hbox (badness 10000) in alignment at lines 390--391
 [] [] [] [] [] 

Underfull \hbox (badness 10000) in alignment at lines 391--393
 [] [] [] [] [] 

Underfull \hbox (badness 10000) in alignment at lines 393--398
 [] [] [] [] [] 
[15]
Underfull \hbox (badness 10000) in alignment at lines 409--414
 [] [] [] [] [] 

Underfull \hbox (badness 10000) in alignment at lines 414--419
 [] [] [] [] [] 

Underfull \hbox (badness 10000) in alignment at lines 419--420
 [] [] [] [] [] 

Underfull \hbox (badness 10000) in alignment at lines 420--422
 [] [] [] [] [] 

Underfull \hbox (badness 10000) in alignment at lines 422--427
 [] [] [] [] [] 
[16]
Underfull \hbox (badness 10000) in alignment at lines 438--443
 [] [] [] [] [] 

Underfull \hbox (badness 10000) in alignment at lines 443--448
 [] [] [] [] [] 

Underfull \hbox (badness 10000) in alignment at lines 448--449
 [] [] [] [] [] 

Underfull \hbox (badness 10000) in alignment at lines 449--451
 [] [] [] [] [] 

Underfull \hbox (badness 10000) in alignment at lines 451--456
 [] [] [] [] [] 
[17]
Underfull \hbox (badness 10000) in alignment at lines 467--472
 [] [] [] [] [] 

Underfull \hbox (badness 10000) in alignment at lines 472--477
 [] [] [] [] [] 

Underfull \hbox (badness 10000) in alignment at lines 477--478
 [] [] [] [] [] 

Underfull \hbox (badness 10000) in alignment at lines 478--480
 [] [] [] [] [] 

Underfull \hbox (badness 10000) in alignment at lines 480--485
 [] [] [] [] [] 
[18]
Underfull \hbox (badness 10000) in alignment at lines 496--501
 [] [] [] [] [] 

Underfull \hbox (badness 10000) in alignment at lines 501--506
 [] [] [] [] [] 

Underfull \hbox (badness 10000) in alignment at lines 506--507
 [] [] [] [] [] 

Underfull \hbox (badness 10000) in alignment at lines 507--509
 [] [] [] [] [] 

Underfull \hbox (badness 10000) in alignment at lines 509--514
 [] [] [] [] [] 
[19]
Underfull \hbox (badness 10000) in alignment at lines 525--530
 [] [] [] [] [] 

Underfull \hbox (badness 10000) in alignment at lines 530--535
 [] [] [] [] [] 

Underfull \hbox (badness 10000) in alignment at lines 535--536
 [] [] [] [] [] 

Underfull \hbox (badness 10000) in alignment at lines 536--538
 [] [] [] [] [] 

Underfull \hbox (badness 10000) in alignment at lines 538--543
 [] [] [] [] [] 
[20]
Underfull \hbox (badness 10000) in alignment at lines 554--559
 [] [] [] [] [] 

Underfull \hbox (badness 10000) in alignment at lines 559--564
 [] [] [] [] [] 

Underfull \hbox (badness 10000) in alignment at lines 564--565
 [] [] [] [] [] 

Underfull \hbox (badness 10000) in alignment at lines 565--567
 [] [] [] [] [] 

Underfull \hbox (badness 10000) in alignment at lines 567--572
 [] [] [] [] [] 
[21]
Underfull \hbox (badness 10000) in alignment at lines 583--588
 [] [] [] [] [] 

Underfull \hbox (badness 10000) in alignment at lines 588--593
 [] [] [] [] [] 

Underfull \hbox (badness 10000) in alignment at lines 593--594
 [] [] [] [] [] 

Underfull \hbox (badness 10000) in alignment at lines 594--596
 [] [] [] [] [] 

Underfull \hbox (badness 10000) in alignment at lines 596--601
 [] [] [] [] [] 
[22]
Underfull \hbox (badness 10000) in alignment at lines 612--617
 [] [] [] [] [] 

Underfull \hbox (badness 10000) in alignment at lines 617--622
 [] [] [] [] [] 

Underfull \hbox (badness 10000) in alignment at lines 622--623
 [] [] [] [] [] 

Underfull \hbox (badness 10000) in alignment at lines 623--625
 [] [] [] [] [] 

Underfull \hbox (badness 10000) in alignment at lines 625--630
 [] [] [] [] [] 
[23]
Underfull \hbox (badness 10000) in alignment at lines 641--646
 [] [] [] [] [] 

Underfull \hbox (badness 10000) in alignment at lines 646--651
 [] [] [] [] [] 

Underfull \hbox (badness 10000) in alignment at lines 651--652
 [] [] [] [] [] 

Underfull \hbox (badness 10000) in alignment at lines 652--654
 [] [] [] [] [] 

Underfull \hbox (badness 10000) in alignment at lines 654--659
 [] [] [] [] [] 
[24]
Underfull \hbox (badness 10000) in alignment at lines 670--675
 [] [] [] [] [] 

Underfull \hbox (badness 10000) in alignment at lines 675--680
 [] [] [] [] [] 

Underfull \hbox (badness 10000) in alignment at lines 680--681
 [] [] [] [] [] 

Underfull \hbox (badness 10000) in alignment at lines 681--683
 [] [] [] [] [] 

Underfull \hbox (badness 10000) in alignment at lines 683--688
 [] [] [] [] [] 
[25]
Underfull \hbox (badness 10000) in alignment at lines 699--704
 [] [] [] [] [] 

Underfull \hbox (badness 10000) in alignment at lines 704--709
 [] [] [] [] [] 

Underfull \hbox (badness 10000) in alignment at lines 709--710
 [] [] [] [] [] 

Underfull \hbox (badness 10000) in alignment at lines 710--712
 [] [] [] [] [] 

Underfull \hbox (badness 10000) in alignment at lines 712--717
 [] [] [] [] [] 
[26]
(./Supplementary_Table_4_dynamic_phenotype_summary_and_prototypes_standalone.au
x) )
(see the transcript file for additional information)</mnt/e/WSL/texlive/2026/te
xmf-dist/fonts/type1/public/amsfonts/cm/cmbx12.pfb></mnt/e/WSL/texlive/2026/tex
mf-dist/fonts/type1/public/amsfonts/cm/cmr10.pfb></mnt/e/WSL/texlive/2026/texmf
-dist/fonts/type1/public/amsfonts/cm/cmr12.pfb></mnt/e/WSL/texlive/2026/texmf-d
ist/fonts/type1/public/amsfonts/cm/cmr17.pfb></mnt/e/WSL/texlive/2026/texmf-dis
t/fonts/type1/public/amsfonts/cm/cmr8.pfb></mnt/e/WSL/texlive/2026/texmf-dist/f
onts/type1/public/amsfonts/cm/cmsy8.pfb>
Output written on Supplementary_Table_4_dynamic_phenotype_summary_and_prototype
s_standalone.pdf (26 pages, 98688 bytes).
SyncTeX written on Supplementary_Table_4_dynamic_phenotype_summary_and_prototypes_standalone.synctex.gz.
Transcript written on Supplementary_Table_4_dynamic_phenotype_summary_and_proto
types_standalone.log.
Latexmk: Getting log file 'Supplementary_Table_4_dynamic_phenotype_summary_and_prototypes_standalone.log'
Latexmk: Examining 'Supplementary_Table_4_dynamic_phenotype_summary_and_prototypes_standalone.fls'
Latexmk: Examining 'Supplementary_Table_4_dynamic_phenotype_summary_and_prototypes_standalone.log'
Latexmk: Log file says output to 'Supplementary_Table_4_dynamic_phenotype_summary_and_prototypes_standalone.pdf'
Latexmk: All targets (Supplementary_Table_4_dynamic_phenotype_summary_and_prototypes_standalone.pdf) are up-to-date

Using TeX bin: /mnt/e/WSL/texlive/2026/bin/x86_64-linux
Project: /mnt/e/Reserch/CTG_Trajectory_Frontiers_Signal_Processing_R1_Revision_20260705/R1_FRONTIERS_ORIGINAL_TEMPLATE_REVIEW_20260707/latex_original_frontiers_template/standalone_supplementary_tables
Main: Supplementary_Table_5_prediction_explainability_standalone.tex
Rc files read (in order):
  NONE
Latexmk: This is Latexmk, John Collins, 9 March 2026. Version 4.88.
No specific requests made, so using default for latexmk.
Latexmk: Doing full clean up for 'Supplementary_Table_5_prediction_explainability_standalone.tex'

Rc files read (in order):
  NONE
Latexmk: This is Latexmk, John Collins, 9 March 2026. Version 4.88.
No existing .aux file, so I'll make a simple one, and require run of *latex.
Latexmk: applying rule 'pdflatex'...
Rule 'pdflatex':  Reasons for rerun
Category 'other':
  Rerun of 'pdflatex' forced or previously required:
    Reason or flag: 'Initial setup'

------------
Run number 1 of rule 'pdflatex'
------------
------------
Running 'pdflatex  -interaction=nonstopmode -halt-on-error -synctex=1 -recorder  "Supplementary_Table_5_prediction_explainability_standalone.tex"'
------------
This is pdfTeX, Version 3.141592653-2.6-1.40.29 (TeX Live 2026) (preloaded format=pdflatex)
 restricted \write18 enabled.
entering extended mode
(./Supplementary_Table_5_prediction_explainability_standalone.tex
LaTeX2e <2026-06-01>
L3 programming layer <2026-05-26>
(/mnt/e/WSL/texlive/2026/texmf-dist/tex/latex/base/article.cls
Document Class: article 2025/01/22 v1.4n Standard LaTeX document class
(/mnt/e/WSL/texlive/2026/texmf-dist/tex/latex/base/size11.clo))
(/mnt/e/WSL/texlive/2026/texmf-dist/tex/latex/geometry/geometry.sty
(/mnt/e/WSL/texlive/2026/texmf-dist/tex/latex/graphics/keyval.sty)
(/mnt/e/WSL/texlive/2026/texmf-dist/tex/generic/iftex/ifvtex.sty
(/mnt/e/WSL/texlive/2026/texmf-dist/tex/generic/iftex/iftex.sty)))
(/mnt/e/WSL/texlive/2026/texmf-dist/tex/latex/booktabs/booktabs.sty)
(/mnt/e/WSL/texlive/2026/texmf-dist/tex/latex/tools/longtable.sty)
(/mnt/e/WSL/texlive/2026/texmf-dist/tex/latex/tools/array.sty)
(/mnt/e/WSL/texlive/2026/texmf-dist/tex/latex/pdflscape/pdflscape.sty
(/mnt/e/WSL/texlive/2026/texmf-dist/tex/latex/pdflscape/pdflscape-nometadata.st
y (/mnt/e/WSL/texlive/2026/texmf-dist/tex/latex/graphics/lscape.sty
(/mnt/e/WSL/texlive/2026/texmf-dist/tex/latex/graphics/graphics.sty
(/mnt/e/WSL/texlive/2026/texmf-dist/tex/latex/graphics/trig.sty)
(/mnt/e/WSL/texlive/2026/texmf-dist/tex/latex/graphics-cfg/graphics.cfg)
(/mnt/e/WSL/texlive/2026/texmf-dist/tex/latex/graphics-def/pdftex.def)))))
(/mnt/e/WSL/texlive/2026/texmf-dist/tex/latex/url/url.sty)
(/mnt/e/WSL/texlive/2026/texmf-dist/tex/latex/hyperref/hyperref.sty
(/mnt/e/WSL/texlive/2026/texmf-dist/tex/latex/kvsetkeys/kvsetkeys.sty)
(/mnt/e/WSL/texlive/2026/texmf-dist/tex/generic/kvdefinekeys/kvdefinekeys.sty)
(/mnt/e/WSL/texlive/2026/texmf-dist/tex/generic/pdfescape/pdfescape.sty
(/mnt/e/WSL/texlive/2026/texmf-dist/tex/generic/ltxcmds/ltxcmds.sty)
(/mnt/e/WSL/texlive/2026/texmf-dist/tex/generic/pdftexcmds/pdftexcmds.sty
(/mnt/e/WSL/texlive/2026/texmf-dist/tex/generic/infwarerr/infwarerr.sty)))
(/mnt/e/WSL/texlive/2026/texmf-dist/tex/latex/hycolor/hycolor.sty)
(/mnt/e/WSL/texlive/2026/texmf-dist/tex/latex/hyperref/nameref.sty
(/mnt/e/WSL/texlive/2026/texmf-dist/tex/latex/refcount/refcount.sty)
(/mnt/e/WSL/texlive/2026/texmf-dist/tex/generic/gettitlestring/gettitlestring.s
ty (/mnt/e/WSL/texlive/2026/texmf-dist/tex/latex/kvoptions/kvoptions.sty)))
(/mnt/e/WSL/texlive/2026/texmf-dist/tex/latex/etoolbox/etoolbox.sty)
(/mnt/e/WSL/texlive/2026/texmf-dist/tex/generic/stringenc/stringenc.sty)
(/mnt/e/WSL/texlive/2026/texmf-dist/tex/latex/hyperref/pd1enc.def)
(/mnt/e/WSL/texlive/2026/texmf-dist/tex/generic/intcalc/intcalc.sty)
(/mnt/e/WSL/texlive/2026/texmf-dist/tex/latex/hyperref/puenc.def)
(/mnt/e/WSL/texlive/2026/texmf-dist/tex/generic/bitset/bitset.sty
(/mnt/e/WSL/texlive/2026/texmf-dist/tex/generic/bigintcalc/bigintcalc.sty)))
(/mnt/e/WSL/texlive/2026/texmf-dist/tex/latex/hyperref/hpdftex.def
(/mnt/e/WSL/texlive/2026/texmf-dist/tex/latex/rerunfilecheck/rerunfilecheck.sty

(/mnt/e/WSL/texlive/2026/texmf-dist/tex/generic/uniquecounter/uniquecounter.sty
))) (/mnt/e/WSL/texlive/2026/texmf-dist/tex/latex/microtype/microtype.sty
(/mnt/e/WSL/texlive/2026/texmf-dist/tex/latex/microtype/microtype-pdftex.def)
(/mnt/e/WSL/texlive/2026/texmf-dist/tex/latex/microtype/microtype.cfg))
(/mnt/e/WSL/texlive/2026/texmf-dist/tex/latex/l3backend/l3backend-pdftex.def)
(./Supplementary_Table_5_prediction_explainability_standalone.aux)
*geometry* driver: auto-detecting
*geometry* detected driver: pdftex
(/mnt/e/WSL/texlive/2026/texmf-dist/tex/context/base/mkii/supp-pdf.mkii
[Loading MPS to PDF converter (version 2006.09.02).]
) (/mnt/e/WSL/texlive/2026/texmf-dist/tex/latex/epstopdf-pkg/epstopdf-base.sty
(/mnt/e/WSL/texlive/2026/texmf-dist/tex/latex/latexconfig/epstopdf-sys.cfg))
(/mnt/e/WSL/texlive/2026/texmf-dist/tex/latex/microtype/mt-cmr.cfg)
Underfull \hbox (badness 1043) in paragraph at lines 20--21
\OT1/cmr/m/n/10.95 (+20) Standalone dis-play ver-sion for La-TeX up-load/review
. Machine-readable source: source[]tables/
[1{/mnt/e/WSL/texlive/2026/texmf-var/fonts/map/pdftex/updmap/pdftex.map}]
Underfull \hbox (badness 10000) in alignment at lines 30--35
 [] [] [] [] [] 

Underfull \hbox (badness 10000) in alignment at lines 35--40
 [] [] [] [] [] 

Underfull \hbox (badness 10000) in alignment at lines 40--41
 [] [] [] [] [] 

Underfull \hbox (badness 10000) in alignment at lines 41--43
 [] [] [] [] [] 

Underfull \hbox (badness 10000) in alignment at lines 43--50
 [] [] [] [] [] 
[2]
Underfull \hbox (badness 10000) in alignment at lines 61--66
 [] [] [] [] 

Underfull \hbox (badness 10000) in alignment at lines 66--71
 [] [] [] [] 

Underfull \hbox (badness 10000) in alignment at lines 71--72
 [] [] [] [] 

Underfull \hbox (badness 10000) in alignment at lines 72--74
 [] [] [] [] 

Underfull \hbox (badness 10000) in alignment at lines 74--81
 [] [] [] [] 
[3] [4]
Underfull \hbox (badness 10000) in alignment at lines 94--99
 [] [] [] [] [] 

Underfull \hbox (badness 10000) in alignment at lines 99--104
 [] [] [] [] [] 

Underfull \hbox (badness 10000) in alignment at lines 104--105
 [] [] [] [] [] 

Underfull \hbox (badness 10000) in alignment at lines 105--107
 [] [] [] [] [] 

Underfull \hbox (badness 10000) in alignment at lines 107--150
 [] [] [] [] [] 
[5] [6]
Underfull \hbox (badness 10000) in alignment at lines 161--166
 [] [] [] [] [] 

Underfull \hbox (badness 10000) in alignment at lines 166--171
 [] [] [] [] [] 

Underfull \hbox (badness 10000) in alignment at lines 171--172
 [] [] [] [] [] 

Underfull \hbox (badness 10000) in alignment at lines 172--174
 [] [] [] [] [] 

Underfull \hbox (badness 10000) in alignment at lines 174--217
 [] [] [] [] [] 
[7] [8]
Underfull \hbox (badness 10000) in alignment at lines 228--233
 [] [] [] [] 

Underfull \hbox (badness 10000) in alignment at lines 233--238
 [] [] [] [] 

Underfull \hbox (badness 10000) in alignment at lines 238--239
 [] [] [] [] 

Underfull \hbox (badness 10000) in alignment at lines 239--241
 [] [] [] [] 

Underfull \hbox (badness 10000) in alignment at lines 241--284
 [] [] [] [] 
[9] [10] (./Supplementary_Table_5_prediction_explainability_standalone.aux)

LaTeX Warning: Label(s) may have changed. Rerun to get cross-references right.


Package rerunfilecheck Warning: File `Supplementary_Table_5_prediction_explaina
bility_standalone.out' has changed.
(rerunfilecheck)                Rerun to get outlines right
(rerunfilecheck)                or use package `bookmark'.

 )
(see the transcript file for additional information)</mnt/e/WSL/texlive/2026/te
xmf-dist/fonts/type1/public/amsfonts/cm/cmbx12.pfb></mnt/e/WSL/texlive/2026/tex
mf-dist/fonts/type1/public/amsfonts/cm/cmr10.pfb></mnt/e/WSL/texlive/2026/texmf
-dist/fonts/type1/public/amsfonts/cm/cmr12.pfb></mnt/e/WSL/texlive/2026/texmf-d
ist/fonts/type1/public/amsfonts/cm/cmr17.pfb></mnt/e/WSL/texlive/2026/texmf-dis
t/fonts/type1/public/amsfonts/cm/cmr8.pfb>
Output written on Supplementary_Table_5_prediction_explainability_standalone.pd
f (10 pages, 81852 bytes).
SyncTeX written on Supplementary_Table_5_prediction_explainability_standalone.synctex.gz.
Transcript written on Supplementary_Table_5_prediction_explainability_standalon
e.log.
Latexmk: Getting log file 'Supplementary_Table_5_prediction_explainability_standalone.log'
Latexmk: Examining 'Supplementary_Table_5_prediction_explainability_standalone.fls'
Latexmk: Examining 'Supplementary_Table_5_prediction_explainability_standalone.log'
Latexmk: References changed.
Latexmk: References changed.
Latexmk: Log file says output to 'Supplementary_Table_5_prediction_explainability_standalone.pdf'
Latexmk: applying rule 'pdflatex'...
Rule 'pdflatex':  Reasons for rerun
Changed files or newly in use/created:
  Supplementary_Table_5_prediction_explainability_standalone.aux
  Supplementary_Table_5_prediction_explainability_standalone.out

------------
Run number 2 of rule 'pdflatex'
------------
------------
Running 'pdflatex  -interaction=nonstopmode -halt-on-error -synctex=1 -recorder  "Supplementary_Table_5_prediction_explainability_standalone.tex"'
------------
This is pdfTeX, Version 3.141592653-2.6-1.40.29 (TeX Live 2026) (preloaded format=pdflatex)
 restricted \write18 enabled.
entering extended mode
(./Supplementary_Table_5_prediction_explainability_standalone.tex
LaTeX2e <2026-06-01>
L3 programming layer <2026-05-26>
(/mnt/e/WSL/texlive/2026/texmf-dist/tex/latex/base/article.cls
Document Class: article 2025/01/22 v1.4n Standard LaTeX document class
(/mnt/e/WSL/texlive/2026/texmf-dist/tex/latex/base/size11.clo))
(/mnt/e/WSL/texlive/2026/texmf-dist/tex/latex/geometry/geometry.sty
(/mnt/e/WSL/texlive/2026/texmf-dist/tex/latex/graphics/keyval.sty)
(/mnt/e/WSL/texlive/2026/texmf-dist/tex/generic/iftex/ifvtex.sty
(/mnt/e/WSL/texlive/2026/texmf-dist/tex/generic/iftex/iftex.sty)))
(/mnt/e/WSL/texlive/2026/texmf-dist/tex/latex/booktabs/booktabs.sty)
(/mnt/e/WSL/texlive/2026/texmf-dist/tex/latex/tools/longtable.sty)
(/mnt/e/WSL/texlive/2026/texmf-dist/tex/latex/tools/array.sty)
(/mnt/e/WSL/texlive/2026/texmf-dist/tex/latex/pdflscape/pdflscape.sty
(/mnt/e/WSL/texlive/2026/texmf-dist/tex/latex/pdflscape/pdflscape-nometadata.st
y (/mnt/e/WSL/texlive/2026/texmf-dist/tex/latex/graphics/lscape.sty
(/mnt/e/WSL/texlive/2026/texmf-dist/tex/latex/graphics/graphics.sty
(/mnt/e/WSL/texlive/2026/texmf-dist/tex/latex/graphics/trig.sty)
(/mnt/e/WSL/texlive/2026/texmf-dist/tex/latex/graphics-cfg/graphics.cfg)
(/mnt/e/WSL/texlive/2026/texmf-dist/tex/latex/graphics-def/pdftex.def)))))
(/mnt/e/WSL/texlive/2026/texmf-dist/tex/latex/url/url.sty)
(/mnt/e/WSL/texlive/2026/texmf-dist/tex/latex/hyperref/hyperref.sty
(/mnt/e/WSL/texlive/2026/texmf-dist/tex/latex/kvsetkeys/kvsetkeys.sty)
(/mnt/e/WSL/texlive/2026/texmf-dist/tex/generic/kvdefinekeys/kvdefinekeys.sty)
(/mnt/e/WSL/texlive/2026/texmf-dist/tex/generic/pdfescape/pdfescape.sty
(/mnt/e/WSL/texlive/2026/texmf-dist/tex/generic/ltxcmds/ltxcmds.sty)
(/mnt/e/WSL/texlive/2026/texmf-dist/tex/generic/pdftexcmds/pdftexcmds.sty
(/mnt/e/WSL/texlive/2026/texmf-dist/tex/generic/infwarerr/infwarerr.sty)))
(/mnt/e/WSL/texlive/2026/texmf-dist/tex/latex/hycolor/hycolor.sty)
(/mnt/e/WSL/texlive/2026/texmf-dist/tex/latex/hyperref/nameref.sty
(/mnt/e/WSL/texlive/2026/texmf-dist/tex/latex/refcount/refcount.sty)
(/mnt/e/WSL/texlive/2026/texmf-dist/tex/generic/gettitlestring/gettitlestring.s
ty (/mnt/e/WSL/texlive/2026/texmf-dist/tex/latex/kvoptions/kvoptions.sty)))
(/mnt/e/WSL/texlive/2026/texmf-dist/tex/latex/etoolbox/etoolbox.sty)
(/mnt/e/WSL/texlive/2026/texmf-dist/tex/generic/stringenc/stringenc.sty)
(/mnt/e/WSL/texlive/2026/texmf-dist/tex/latex/hyperref/pd1enc.def)
(/mnt/e/WSL/texlive/2026/texmf-dist/tex/generic/intcalc/intcalc.sty)
(/mnt/e/WSL/texlive/2026/texmf-dist/tex/latex/hyperref/puenc.def)
(/mnt/e/WSL/texlive/2026/texmf-dist/tex/generic/bitset/bitset.sty
(/mnt/e/WSL/texlive/2026/texmf-dist/tex/generic/bigintcalc/bigintcalc.sty)))
(/mnt/e/WSL/texlive/2026/texmf-dist/tex/latex/hyperref/hpdftex.def
(/mnt/e/WSL/texlive/2026/texmf-dist/tex/latex/rerunfilecheck/rerunfilecheck.sty

(/mnt/e/WSL/texlive/2026/texmf-dist/tex/generic/uniquecounter/uniquecounter.sty
))) (/mnt/e/WSL/texlive/2026/texmf-dist/tex/latex/microtype/microtype.sty
(/mnt/e/WSL/texlive/2026/texmf-dist/tex/latex/microtype/microtype-pdftex.def)
(/mnt/e/WSL/texlive/2026/texmf-dist/tex/latex/microtype/microtype.cfg))
(/mnt/e/WSL/texlive/2026/texmf-dist/tex/latex/l3backend/l3backend-pdftex.def)
(./Supplementary_Table_5_prediction_explainability_standalone.aux)
*geometry* driver: auto-detecting
*geometry* detected driver: pdftex
(/mnt/e/WSL/texlive/2026/texmf-dist/tex/context/base/mkii/supp-pdf.mkii
[Loading MPS to PDF converter (version 2006.09.02).]
) (/mnt/e/WSL/texlive/2026/texmf-dist/tex/latex/epstopdf-pkg/epstopdf-base.sty
(/mnt/e/WSL/texlive/2026/texmf-dist/tex/latex/latexconfig/epstopdf-sys.cfg))
(./Supplementary_Table_5_prediction_explainability_standalone.out)
(./Supplementary_Table_5_prediction_explainability_standalone.out)
(/mnt/e/WSL/texlive/2026/texmf-dist/tex/latex/microtype/mt-cmr.cfg)
Underfull \hbox (badness 1043) in paragraph at lines 20--21
\OT1/cmr/m/n/10.95 (+20) Standalone dis-play ver-sion for La-TeX up-load/review
. Machine-readable source: source[]tables/
[1{/mnt/e/WSL/texlive/2026/texmf-var/fonts/map/pdftex/updmap/pdftex.map}]
Underfull \hbox (badness 10000) in alignment at lines 30--35
 [] [] [] [] [] 

Underfull \hbox (badness 10000) in alignment at lines 35--40
 [] [] [] [] [] 

Underfull \hbox (badness 10000) in alignment at lines 40--41
 [] [] [] [] [] 

Underfull \hbox (badness 10000) in alignment at lines 41--43
 [] [] [] [] [] 

Underfull \hbox (badness 10000) in alignment at lines 43--50
 [] [] [] [] [] 
[2]
Underfull \hbox (badness 10000) in alignment at lines 61--66
 [] [] [] [] 

Underfull \hbox (badness 10000) in alignment at lines 66--71
 [] [] [] [] 

Underfull \hbox (badness 10000) in alignment at lines 71--72
 [] [] [] [] 

Underfull \hbox (badness 10000) in alignment at lines 72--74
 [] [] [] [] 

Underfull \hbox (badness 10000) in alignment at lines 74--81
 [] [] [] [] 
[3] [4]
Underfull \hbox (badness 10000) in alignment at lines 94--99
 [] [] [] [] [] 

Underfull \hbox (badness 10000) in alignment at lines 99--104
 [] [] [] [] [] 

Underfull \hbox (badness 10000) in alignment at lines 104--105
 [] [] [] [] [] 

Underfull \hbox (badness 10000) in alignment at lines 105--107
 [] [] [] [] [] 

Underfull \hbox (badness 10000) in alignment at lines 107--150
 [] [] [] [] [] 
[5] [6]
Underfull \hbox (badness 10000) in alignment at lines 161--166
 [] [] [] [] [] 

Underfull \hbox (badness 10000) in alignment at lines 166--171
 [] [] [] [] [] 

Underfull \hbox (badness 10000) in alignment at lines 171--172
 [] [] [] [] [] 

Underfull \hbox (badness 10000) in alignment at lines 172--174
 [] [] [] [] [] 

Underfull \hbox (badness 10000) in alignment at lines 174--217
 [] [] [] [] [] 
[7] [8]
Underfull \hbox (badness 10000) in alignment at lines 228--233
 [] [] [] [] 

Underfull \hbox (badness 10000) in alignment at lines 233--238
 [] [] [] [] 

Underfull \hbox (badness 10000) in alignment at lines 238--239
 [] [] [] [] 

Underfull \hbox (badness 10000) in alignment at lines 239--241
 [] [] [] [] 

Underfull \hbox (badness 10000) in alignment at lines 241--284
 [] [] [] [] 
[9] [10] (./Supplementary_Table_5_prediction_explainability_standalone.aux) )
(see the transcript file for additional information)</mnt/e/WSL/texlive/2026/te
xmf-dist/fonts/type1/public/amsfonts/cm/cmbx12.pfb></mnt/e/WSL/texlive/2026/tex
mf-dist/fonts/type1/public/amsfonts/cm/cmr10.pfb></mnt/e/WSL/texlive/2026/texmf
-dist/fonts/type1/public/amsfonts/cm/cmr12.pfb></mnt/e/WSL/texlive/2026/texmf-d
ist/fonts/type1/public/amsfonts/cm/cmr17.pfb></mnt/e/WSL/texlive/2026/texmf-dis
t/fonts/type1/public/amsfonts/cm/cmr8.pfb>
Output written on Supplementary_Table_5_prediction_explainability_standalone.pd
f (10 pages, 81852 bytes).
SyncTeX written on Supplementary_Table_5_prediction_explainability_standalone.synctex.gz.
Transcript written on Supplementary_Table_5_prediction_explainability_standalon
e.log.
Latexmk: Getting log file 'Supplementary_Table_5_prediction_explainability_standalone.log'
Latexmk: Examining 'Supplementary_Table_5_prediction_explainability_standalone.fls'
Latexmk: Examining 'Supplementary_Table_5_prediction_explainability_standalone.log'
Latexmk: Log file says output to 'Supplementary_Table_5_prediction_explainability_standalone.pdf'
Latexmk: All targets (Supplementary_Table_5_prediction_explainability_standalone.pdf) are up-to-date

Using TeX bin: /mnt/e/WSL/texlive/2026/bin/x86_64-linux
Project: /mnt/e/Reserch/CTG_Trajectory_Frontiers_Signal_Processing_R1_Revision_20260705/R1_FRONTIERS_ORIGINAL_TEMPLATE_REVIEW_20260707/latex_original_frontiers_template/standalone_supplementary_tables
Main: Supplementary_Table_6_missingness_sensitivity_standalone.tex
Rc files read (in order):
  NONE
Latexmk: This is Latexmk, John Collins, 9 March 2026. Version 4.88.
No specific requests made, so using default for latexmk.
Latexmk: Doing full clean up for 'Supplementary_Table_6_missingness_sensitivity_standalone.tex'

Rc files read (in order):
  NONE
Latexmk: This is Latexmk, John Collins, 9 March 2026. Version 4.88.
No existing .aux file, so I'll make a simple one, and require run of *latex.
Latexmk: applying rule 'pdflatex'...
Rule 'pdflatex':  Reasons for rerun
Category 'other':
  Rerun of 'pdflatex' forced or previously required:
    Reason or flag: 'Initial setup'

------------
Run number 1 of rule 'pdflatex'
------------
------------
Running 'pdflatex  -interaction=nonstopmode -halt-on-error -synctex=1 -recorder  "Supplementary_Table_6_missingness_sensitivity_standalone.tex"'
------------
This is pdfTeX, Version 3.141592653-2.6-1.40.29 (TeX Live 2026) (preloaded format=pdflatex)
 restricted \write18 enabled.
entering extended mode
(./Supplementary_Table_6_missingness_sensitivity_standalone.tex
LaTeX2e <2026-06-01>
L3 programming layer <2026-05-26>
(/mnt/e/WSL/texlive/2026/texmf-dist/tex/latex/base/article.cls
Document Class: article 2025/01/22 v1.4n Standard LaTeX document class
(/mnt/e/WSL/texlive/2026/texmf-dist/tex/latex/base/size11.clo))
(/mnt/e/WSL/texlive/2026/texmf-dist/tex/latex/geometry/geometry.sty
(/mnt/e/WSL/texlive/2026/texmf-dist/tex/latex/graphics/keyval.sty)
(/mnt/e/WSL/texlive/2026/texmf-dist/tex/generic/iftex/ifvtex.sty
(/mnt/e/WSL/texlive/2026/texmf-dist/tex/generic/iftex/iftex.sty)))
(/mnt/e/WSL/texlive/2026/texmf-dist/tex/latex/booktabs/booktabs.sty)
(/mnt/e/WSL/texlive/2026/texmf-dist/tex/latex/tools/longtable.sty)
(/mnt/e/WSL/texlive/2026/texmf-dist/tex/latex/tools/array.sty)
(/mnt/e/WSL/texlive/2026/texmf-dist/tex/latex/pdflscape/pdflscape.sty
(/mnt/e/WSL/texlive/2026/texmf-dist/tex/latex/pdflscape/pdflscape-nometadata.st
y (/mnt/e/WSL/texlive/2026/texmf-dist/tex/latex/graphics/lscape.sty
(/mnt/e/WSL/texlive/2026/texmf-dist/tex/latex/graphics/graphics.sty
(/mnt/e/WSL/texlive/2026/texmf-dist/tex/latex/graphics/trig.sty)
(/mnt/e/WSL/texlive/2026/texmf-dist/tex/latex/graphics-cfg/graphics.cfg)
(/mnt/e/WSL/texlive/2026/texmf-dist/tex/latex/graphics-def/pdftex.def)))))
(/mnt/e/WSL/texlive/2026/texmf-dist/tex/latex/url/url.sty)
(/mnt/e/WSL/texlive/2026/texmf-dist/tex/latex/hyperref/hyperref.sty
(/mnt/e/WSL/texlive/2026/texmf-dist/tex/latex/kvsetkeys/kvsetkeys.sty)
(/mnt/e/WSL/texlive/2026/texmf-dist/tex/generic/kvdefinekeys/kvdefinekeys.sty)
(/mnt/e/WSL/texlive/2026/texmf-dist/tex/generic/pdfescape/pdfescape.sty
(/mnt/e/WSL/texlive/2026/texmf-dist/tex/generic/ltxcmds/ltxcmds.sty)
(/mnt/e/WSL/texlive/2026/texmf-dist/tex/generic/pdftexcmds/pdftexcmds.sty
(/mnt/e/WSL/texlive/2026/texmf-dist/tex/generic/infwarerr/infwarerr.sty)))
(/mnt/e/WSL/texlive/2026/texmf-dist/tex/latex/hycolor/hycolor.sty)
(/mnt/e/WSL/texlive/2026/texmf-dist/tex/latex/hyperref/nameref.sty
(/mnt/e/WSL/texlive/2026/texmf-dist/tex/latex/refcount/refcount.sty)
(/mnt/e/WSL/texlive/2026/texmf-dist/tex/generic/gettitlestring/gettitlestring.s
ty (/mnt/e/WSL/texlive/2026/texmf-dist/tex/latex/kvoptions/kvoptions.sty)))
(/mnt/e/WSL/texlive/2026/texmf-dist/tex/latex/etoolbox/etoolbox.sty)
(/mnt/e/WSL/texlive/2026/texmf-dist/tex/generic/stringenc/stringenc.sty)
(/mnt/e/WSL/texlive/2026/texmf-dist/tex/latex/hyperref/pd1enc.def)
(/mnt/e/WSL/texlive/2026/texmf-dist/tex/generic/intcalc/intcalc.sty)
(/mnt/e/WSL/texlive/2026/texmf-dist/tex/latex/hyperref/puenc.def)
(/mnt/e/WSL/texlive/2026/texmf-dist/tex/generic/bitset/bitset.sty
(/mnt/e/WSL/texlive/2026/texmf-dist/tex/generic/bigintcalc/bigintcalc.sty)))
(/mnt/e/WSL/texlive/2026/texmf-dist/tex/latex/hyperref/hpdftex.def
(/mnt/e/WSL/texlive/2026/texmf-dist/tex/latex/rerunfilecheck/rerunfilecheck.sty

(/mnt/e/WSL/texlive/2026/texmf-dist/tex/generic/uniquecounter/uniquecounter.sty
))) (/mnt/e/WSL/texlive/2026/texmf-dist/tex/latex/microtype/microtype.sty
(/mnt/e/WSL/texlive/2026/texmf-dist/tex/latex/microtype/microtype-pdftex.def)
(/mnt/e/WSL/texlive/2026/texmf-dist/tex/latex/microtype/microtype.cfg))
(/mnt/e/WSL/texlive/2026/texmf-dist/tex/latex/l3backend/l3backend-pdftex.def)
(./Supplementary_Table_6_missingness_sensitivity_standalone.aux)
*geometry* driver: auto-detecting
*geometry* detected driver: pdftex
(/mnt/e/WSL/texlive/2026/texmf-dist/tex/context/base/mkii/supp-pdf.mkii
[Loading MPS to PDF converter (version 2006.09.02).]
) (/mnt/e/WSL/texlive/2026/texmf-dist/tex/latex/epstopdf-pkg/epstopdf-base.sty
(/mnt/e/WSL/texlive/2026/texmf-dist/tex/latex/latexconfig/epstopdf-sys.cfg))
(/mnt/e/WSL/texlive/2026/texmf-dist/tex/latex/microtype/mt-cmr.cfg)
Underfull \hbox (badness 1043) in paragraph at lines 20--21
\OT1/cmr/m/n/10.95 (+20) Standalone dis-play ver-sion for La-TeX up-load/review
. Machine-readable source: source[]tables/
[1{/mnt/e/WSL/texlive/2026/texmf-var/fonts/map/pdftex/updmap/pdftex.map}]
Underfull \hbox (badness 10000) in alignment at lines 30--35
 [] [] [] [] [] 

Underfull \hbox (badness 10000) in alignment at lines 35--40
 [] [] [] [] [] 

Underfull \hbox (badness 10000) in alignment at lines 40--41
 [] [] [] [] [] 

Underfull \hbox (badness 10000) in alignment at lines 41--43
 [] [] [] [] [] 

Underfull \hbox (badness 10000) in alignment at lines 43--62
 [] [] [] [] [] 
[2]
Underfull \hbox (badness 10000) in alignment at lines 73--78
 [] [] [] [] [] 

Underfull \hbox (badness 10000) in alignment at lines 78--83
 [] [] [] [] [] 

Underfull \hbox (badness 10000) in alignment at lines 83--84
 [] [] [] [] [] 

Underfull \hbox (badness 10000) in alignment at lines 84--86
 [] [] [] [] [] 

Underfull \hbox (badness 10000) in alignment at lines 86--105
 [] [] [] [] [] 
[3] [4]
Underfull \hbox (badness 10000) in alignment at lines 118--123
 [] [] [] [] [] 

Underfull \hbox (badness 10000) in alignment at lines 123--128
 [] [] [] [] [] 

Underfull \hbox (badness 10000) in alignment at lines 128--129
 [] [] [] [] [] 

Underfull \hbox (badness 10000) in alignment at lines 129--131
 [] [] [] [] [] 

Underfull \hbox (badness 10000) in alignment at lines 131--153
 [] [] [] [] [] 
[5]
Underfull \hbox (badness 10000) in alignment at lines 164--169
 [] [] [] [] [] 

Underfull \hbox (badness 10000) in alignment at lines 169--174
 [] [] [] [] [] 

Underfull \hbox (badness 10000) in alignment at lines 174--175
 [] [] [] [] [] 

Underfull \hbox (badness 10000) in alignment at lines 175--177
 [] [] [] [] [] 

Underfull \hbox (badness 10000) in alignment at lines 177--199
 [] [] [] [] [] 
[6] (./Supplementary_Table_6_missingness_sensitivity_standalone.aux)

LaTeX Warning: Label(s) may have changed. Rerun to get cross-references right.


Package rerunfilecheck Warning: File `Supplementary_Table_6_missingness_sensiti
vity_standalone.out' has changed.
(rerunfilecheck)                Rerun to get outlines right
(rerunfilecheck)                or use package `bookmark'.

 )
(see the transcript file for additional information)</mnt/e/WSL/texlive/2026/te
xmf-dist/fonts/type1/public/amsfonts/cm/cmbx12.pfb></mnt/e/WSL/texlive/2026/tex
mf-dist/fonts/type1/public/amsfonts/cm/cmr10.pfb></mnt/e/WSL/texlive/2026/texmf
-dist/fonts/type1/public/amsfonts/cm/cmr12.pfb></mnt/e/WSL/texlive/2026/texmf-d
ist/fonts/type1/public/amsfonts/cm/cmr17.pfb></mnt/e/WSL/texlive/2026/texmf-dis
t/fonts/type1/public/amsfonts/cm/cmr8.pfb>
Output written on Supplementary_Table_6_missingness_sensitivity_standalone.pdf 
(6 pages, 79057 bytes).
SyncTeX written on Supplementary_Table_6_missingness_sensitivity_standalone.synctex.gz.
Transcript written on Supplementary_Table_6_missingness_sensitivity_standalone.
log.
Latexmk: Getting log file 'Supplementary_Table_6_missingness_sensitivity_standalone.log'
Latexmk: Examining 'Supplementary_Table_6_missingness_sensitivity_standalone.fls'
Latexmk: Examining 'Supplementary_Table_6_missingness_sensitivity_standalone.log'
Latexmk: References changed.
Latexmk: References changed.
Latexmk: Log file says output to 'Supplementary_Table_6_missingness_sensitivity_standalone.pdf'
Latexmk: applying rule 'pdflatex'...
Rule 'pdflatex':  Reasons for rerun
Changed files or newly in use/created:
  Supplementary_Table_6_missingness_sensitivity_standalone.aux
  Supplementary_Table_6_missingness_sensitivity_standalone.out

------------
Run number 2 of rule 'pdflatex'
------------
------------
Running 'pdflatex  -interaction=nonstopmode -halt-on-error -synctex=1 -recorder  "Supplementary_Table_6_missingness_sensitivity_standalone.tex"'
------------
This is pdfTeX, Version 3.141592653-2.6-1.40.29 (TeX Live 2026) (preloaded format=pdflatex)
 restricted \write18 enabled.
entering extended mode
(./Supplementary_Table_6_missingness_sensitivity_standalone.tex
LaTeX2e <2026-06-01>
L3 programming layer <2026-05-26>
(/mnt/e/WSL/texlive/2026/texmf-dist/tex/latex/base/article.cls
Document Class: article 2025/01/22 v1.4n Standard LaTeX document class
(/mnt/e/WSL/texlive/2026/texmf-dist/tex/latex/base/size11.clo))
(/mnt/e/WSL/texlive/2026/texmf-dist/tex/latex/geometry/geometry.sty
(/mnt/e/WSL/texlive/2026/texmf-dist/tex/latex/graphics/keyval.sty)
(/mnt/e/WSL/texlive/2026/texmf-dist/tex/generic/iftex/ifvtex.sty
(/mnt/e/WSL/texlive/2026/texmf-dist/tex/generic/iftex/iftex.sty)))
(/mnt/e/WSL/texlive/2026/texmf-dist/tex/latex/booktabs/booktabs.sty)
(/mnt/e/WSL/texlive/2026/texmf-dist/tex/latex/tools/longtable.sty)
(/mnt/e/WSL/texlive/2026/texmf-dist/tex/latex/tools/array.sty)
(/mnt/e/WSL/texlive/2026/texmf-dist/tex/latex/pdflscape/pdflscape.sty
(/mnt/e/WSL/texlive/2026/texmf-dist/tex/latex/pdflscape/pdflscape-nometadata.st
y (/mnt/e/WSL/texlive/2026/texmf-dist/tex/latex/graphics/lscape.sty
(/mnt/e/WSL/texlive/2026/texmf-dist/tex/latex/graphics/graphics.sty
(/mnt/e/WSL/texlive/2026/texmf-dist/tex/latex/graphics/trig.sty)
(/mnt/e/WSL/texlive/2026/texmf-dist/tex/latex/graphics-cfg/graphics.cfg)
(/mnt/e/WSL/texlive/2026/texmf-dist/tex/latex/graphics-def/pdftex.def)))))
(/mnt/e/WSL/texlive/2026/texmf-dist/tex/latex/url/url.sty)
(/mnt/e/WSL/texlive/2026/texmf-dist/tex/latex/hyperref/hyperref.sty
(/mnt/e/WSL/texlive/2026/texmf-dist/tex/latex/kvsetkeys/kvsetkeys.sty)
(/mnt/e/WSL/texlive/2026/texmf-dist/tex/generic/kvdefinekeys/kvdefinekeys.sty)
(/mnt/e/WSL/texlive/2026/texmf-dist/tex/generic/pdfescape/pdfescape.sty
(/mnt/e/WSL/texlive/2026/texmf-dist/tex/generic/ltxcmds/ltxcmds.sty)
(/mnt/e/WSL/texlive/2026/texmf-dist/tex/generic/pdftexcmds/pdftexcmds.sty
(/mnt/e/WSL/texlive/2026/texmf-dist/tex/generic/infwarerr/infwarerr.sty)))
(/mnt/e/WSL/texlive/2026/texmf-dist/tex/latex/hycolor/hycolor.sty)
(/mnt/e/WSL/texlive/2026/texmf-dist/tex/latex/hyperref/nameref.sty
(/mnt/e/WSL/texlive/2026/texmf-dist/tex/latex/refcount/refcount.sty)
(/mnt/e/WSL/texlive/2026/texmf-dist/tex/generic/gettitlestring/gettitlestring.s
ty (/mnt/e/WSL/texlive/2026/texmf-dist/tex/latex/kvoptions/kvoptions.sty)))
(/mnt/e/WSL/texlive/2026/texmf-dist/tex/latex/etoolbox/etoolbox.sty)
(/mnt/e/WSL/texlive/2026/texmf-dist/tex/generic/stringenc/stringenc.sty)
(/mnt/e/WSL/texlive/2026/texmf-dist/tex/latex/hyperref/pd1enc.def)
(/mnt/e/WSL/texlive/2026/texmf-dist/tex/generic/intcalc/intcalc.sty)
(/mnt/e/WSL/texlive/2026/texmf-dist/tex/latex/hyperref/puenc.def)
(/mnt/e/WSL/texlive/2026/texmf-dist/tex/generic/bitset/bitset.sty
(/mnt/e/WSL/texlive/2026/texmf-dist/tex/generic/bigintcalc/bigintcalc.sty)))
(/mnt/e/WSL/texlive/2026/texmf-dist/tex/latex/hyperref/hpdftex.def
(/mnt/e/WSL/texlive/2026/texmf-dist/tex/latex/rerunfilecheck/rerunfilecheck.sty

(/mnt/e/WSL/texlive/2026/texmf-dist/tex/generic/uniquecounter/uniquecounter.sty
))) (/mnt/e/WSL/texlive/2026/texmf-dist/tex/latex/microtype/microtype.sty
(/mnt/e/WSL/texlive/2026/texmf-dist/tex/latex/microtype/microtype-pdftex.def)
(/mnt/e/WSL/texlive/2026/texmf-dist/tex/latex/microtype/microtype.cfg))
(/mnt/e/WSL/texlive/2026/texmf-dist/tex/latex/l3backend/l3backend-pdftex.def)
(./Supplementary_Table_6_missingness_sensitivity_standalone.aux)
*geometry* driver: auto-detecting
*geometry* detected driver: pdftex
(/mnt/e/WSL/texlive/2026/texmf-dist/tex/context/base/mkii/supp-pdf.mkii
[Loading MPS to PDF converter (version 2006.09.02).]
) (/mnt/e/WSL/texlive/2026/texmf-dist/tex/latex/epstopdf-pkg/epstopdf-base.sty
(/mnt/e/WSL/texlive/2026/texmf-dist/tex/latex/latexconfig/epstopdf-sys.cfg))
(./Supplementary_Table_6_missingness_sensitivity_standalone.out)
(./Supplementary_Table_6_missingness_sensitivity_standalone.out)
(/mnt/e/WSL/texlive/2026/texmf-dist/tex/latex/microtype/mt-cmr.cfg)
Underfull \hbox (badness 1043) in paragraph at lines 20--21
\OT1/cmr/m/n/10.95 (+20) Standalone dis-play ver-sion for La-TeX up-load/review
. Machine-readable source: source[]tables/
[1{/mnt/e/WSL/texlive/2026/texmf-var/fonts/map/pdftex/updmap/pdftex.map}]
Underfull \hbox (badness 10000) in alignment at lines 30--35
 [] [] [] [] [] 

Underfull \hbox (badness 10000) in alignment at lines 35--40
 [] [] [] [] [] 

Underfull \hbox (badness 10000) in alignment at lines 40--41
 [] [] [] [] [] 

Underfull \hbox (badness 10000) in alignment at lines 41--43
 [] [] [] [] [] 

Underfull \hbox (badness 10000) in alignment at lines 43--62
 [] [] [] [] [] 
[2]
Underfull \hbox (badness 10000) in alignment at lines 73--78
 [] [] [] [] [] 

Underfull \hbox (badness 10000) in alignment at lines 78--83
 [] [] [] [] [] 

Underfull \hbox (badness 10000) in alignment at lines 83--84
 [] [] [] [] [] 

Underfull \hbox (badness 10000) in alignment at lines 84--86
 [] [] [] [] [] 

Underfull \hbox (badness 10000) in alignment at lines 86--105
 [] [] [] [] [] 
[3] [4]
Underfull \hbox (badness 10000) in alignment at lines 118--123
 [] [] [] [] [] 

Underfull \hbox (badness 10000) in alignment at lines 123--128
 [] [] [] [] [] 

Underfull \hbox (badness 10000) in alignment at lines 128--129
 [] [] [] [] [] 

Underfull \hbox (badness 10000) in alignment at lines 129--131
 [] [] [] [] [] 

Underfull \hbox (badness 10000) in alignment at lines 131--153
 [] [] [] [] [] 
[5]
Underfull \hbox (badness 10000) in alignment at lines 164--169
 [] [] [] [] [] 

Underfull \hbox (badness 10000) in alignment at lines 169--174
 [] [] [] [] [] 

Underfull \hbox (badness 10000) in alignment at lines 174--175
 [] [] [] [] [] 

Underfull \hbox (badness 10000) in alignment at lines 175--177
 [] [] [] [] [] 

Underfull \hbox (badness 10000) in alignment at lines 177--199
 [] [] [] [] [] 
[6] (./Supplementary_Table_6_missingness_sensitivity_standalone.aux) )
(see the transcript file for additional information)</mnt/e/WSL/texlive/2026/te
xmf-dist/fonts/type1/public/amsfonts/cm/cmbx12.pfb></mnt/e/WSL/texlive/2026/tex
mf-dist/fonts/type1/public/amsfonts/cm/cmr10.pfb></mnt/e/WSL/texlive/2026/texmf
-dist/fonts/type1/public/amsfonts/cm/cmr12.pfb></mnt/e/WSL/texlive/2026/texmf-d
ist/fonts/type1/public/amsfonts/cm/cmr17.pfb></mnt/e/WSL/texlive/2026/texmf-dis
t/fonts/type1/public/amsfonts/cm/cmr8.pfb>
Output written on Supplementary_Table_6_missingness_sensitivity_standalone.pdf 
(6 pages, 79057 bytes).
SyncTeX written on Supplementary_Table_6_missingness_sensitivity_standalone.synctex.gz.
Transcript written on Supplementary_Table_6_missingness_sensitivity_standalone.
log.
Latexmk: Getting log file 'Supplementary_Table_6_missingness_sensitivity_standalone.log'
Latexmk: Examining 'Supplementary_Table_6_missingness_sensitivity_standalone.fls'
Latexmk: Examining 'Supplementary_Table_6_missingness_sensitivity_standalone.log'
Latexmk: Log file says output to 'Supplementary_Table_6_missingness_sensitivity_standalone.pdf'
Latexmk: All targets (Supplementary_Table_6_missingness_sensitivity_standalone.pdf) are up-to-date

Using TeX bin: /mnt/e/WSL/texlive/2026/bin/x86_64-linux
Project: /mnt/e/Reserch/CTG_Trajectory_Frontiers_Signal_Processing_R1_Revision_20260705/R1_FRONTIERS_ORIGINAL_TEMPLATE_REVIEW_20260707/latex_original_frontiers_template/standalone_supplementary_tables
Main: Supplementary_Table_7_recalibration_and_decision_curve_standalone.tex
Rc files read (in order):
  NONE
Latexmk: This is Latexmk, John Collins, 9 March 2026. Version 4.88.
No specific requests made, so using default for latexmk.
Latexmk: Doing full clean up for 'Supplementary_Table_7_recalibration_and_decision_curve_standalone.tex'

Rc files read (in order):
  NONE
Latexmk: This is Latexmk, John Collins, 9 March 2026. Version 4.88.
No existing .aux file, so I'll make a simple one, and require run of *latex.
Latexmk: applying rule 'pdflatex'...
Rule 'pdflatex':  Reasons for rerun
Category 'other':
  Rerun of 'pdflatex' forced or previously required:
    Reason or flag: 'Initial setup'

------------
Run number 1 of rule 'pdflatex'
------------
------------
Running 'pdflatex  -interaction=nonstopmode -halt-on-error -synctex=1 -recorder  "Supplementary_Table_7_recalibration_and_decision_curve_standalone.tex"'
------------
This is pdfTeX, Version 3.141592653-2.6-1.40.29 (TeX Live 2026) (preloaded format=pdflatex)
 restricted \write18 enabled.
entering extended mode
(./Supplementary_Table_7_recalibration_and_decision_curve_standalone.tex
LaTeX2e <2026-06-01>
L3 programming layer <2026-05-26>
(/mnt/e/WSL/texlive/2026/texmf-dist/tex/latex/base/article.cls
Document Class: article 2025/01/22 v1.4n Standard LaTeX document class
(/mnt/e/WSL/texlive/2026/texmf-dist/tex/latex/base/size11.clo))
(/mnt/e/WSL/texlive/2026/texmf-dist/tex/latex/geometry/geometry.sty
(/mnt/e/WSL/texlive/2026/texmf-dist/tex/latex/graphics/keyval.sty)
(/mnt/e/WSL/texlive/2026/texmf-dist/tex/generic/iftex/ifvtex.sty
(/mnt/e/WSL/texlive/2026/texmf-dist/tex/generic/iftex/iftex.sty)))
(/mnt/e/WSL/texlive/2026/texmf-dist/tex/latex/booktabs/booktabs.sty)
(/mnt/e/WSL/texlive/2026/texmf-dist/tex/latex/tools/longtable.sty)
(/mnt/e/WSL/texlive/2026/texmf-dist/tex/latex/tools/array.sty)
(/mnt/e/WSL/texlive/2026/texmf-dist/tex/latex/pdflscape/pdflscape.sty
(/mnt/e/WSL/texlive/2026/texmf-dist/tex/latex/pdflscape/pdflscape-nometadata.st
y (/mnt/e/WSL/texlive/2026/texmf-dist/tex/latex/graphics/lscape.sty
(/mnt/e/WSL/texlive/2026/texmf-dist/tex/latex/graphics/graphics.sty
(/mnt/e/WSL/texlive/2026/texmf-dist/tex/latex/graphics/trig.sty)
(/mnt/e/WSL/texlive/2026/texmf-dist/tex/latex/graphics-cfg/graphics.cfg)
(/mnt/e/WSL/texlive/2026/texmf-dist/tex/latex/graphics-def/pdftex.def)))))
(/mnt/e/WSL/texlive/2026/texmf-dist/tex/latex/url/url.sty)
(/mnt/e/WSL/texlive/2026/texmf-dist/tex/latex/hyperref/hyperref.sty
(/mnt/e/WSL/texlive/2026/texmf-dist/tex/latex/kvsetkeys/kvsetkeys.sty)
(/mnt/e/WSL/texlive/2026/texmf-dist/tex/generic/kvdefinekeys/kvdefinekeys.sty)
(/mnt/e/WSL/texlive/2026/texmf-dist/tex/generic/pdfescape/pdfescape.sty
(/mnt/e/WSL/texlive/2026/texmf-dist/tex/generic/ltxcmds/ltxcmds.sty)
(/mnt/e/WSL/texlive/2026/texmf-dist/tex/generic/pdftexcmds/pdftexcmds.sty
(/mnt/e/WSL/texlive/2026/texmf-dist/tex/generic/infwarerr/infwarerr.sty)))
(/mnt/e/WSL/texlive/2026/texmf-dist/tex/latex/hycolor/hycolor.sty)
(/mnt/e/WSL/texlive/2026/texmf-dist/tex/latex/hyperref/nameref.sty
(/mnt/e/WSL/texlive/2026/texmf-dist/tex/latex/refcount/refcount.sty)
(/mnt/e/WSL/texlive/2026/texmf-dist/tex/generic/gettitlestring/gettitlestring.s
ty (/mnt/e/WSL/texlive/2026/texmf-dist/tex/latex/kvoptions/kvoptions.sty)))
(/mnt/e/WSL/texlive/2026/texmf-dist/tex/latex/etoolbox/etoolbox.sty)
(/mnt/e/WSL/texlive/2026/texmf-dist/tex/generic/stringenc/stringenc.sty)
(/mnt/e/WSL/texlive/2026/texmf-dist/tex/latex/hyperref/pd1enc.def)
(/mnt/e/WSL/texlive/2026/texmf-dist/tex/generic/intcalc/intcalc.sty)
(/mnt/e/WSL/texlive/2026/texmf-dist/tex/latex/hyperref/puenc.def)
(/mnt/e/WSL/texlive/2026/texmf-dist/tex/generic/bitset/bitset.sty
(/mnt/e/WSL/texlive/2026/texmf-dist/tex/generic/bigintcalc/bigintcalc.sty)))
(/mnt/e/WSL/texlive/2026/texmf-dist/tex/latex/hyperref/hpdftex.def
(/mnt/e/WSL/texlive/2026/texmf-dist/tex/latex/rerunfilecheck/rerunfilecheck.sty

(/mnt/e/WSL/texlive/2026/texmf-dist/tex/generic/uniquecounter/uniquecounter.sty
))) (/mnt/e/WSL/texlive/2026/texmf-dist/tex/latex/microtype/microtype.sty
(/mnt/e/WSL/texlive/2026/texmf-dist/tex/latex/microtype/microtype-pdftex.def)
(/mnt/e/WSL/texlive/2026/texmf-dist/tex/latex/microtype/microtype.cfg))
(/mnt/e/WSL/texlive/2026/texmf-dist/tex/latex/l3backend/l3backend-pdftex.def)
(./Supplementary_Table_7_recalibration_and_decision_curve_standalone.aux)
*geometry* driver: auto-detecting
*geometry* detected driver: pdftex
(/mnt/e/WSL/texlive/2026/texmf-dist/tex/context/base/mkii/supp-pdf.mkii
[Loading MPS to PDF converter (version 2006.09.02).]
) (/mnt/e/WSL/texlive/2026/texmf-dist/tex/latex/epstopdf-pkg/epstopdf-base.sty
(/mnt/e/WSL/texlive/2026/texmf-dist/tex/latex/latexconfig/epstopdf-sys.cfg))
(/mnt/e/WSL/texlive/2026/texmf-dist/tex/latex/microtype/mt-cmr.cfg)
Underfull \hbox (badness 1043) in paragraph at lines 20--21
\OT1/cmr/m/n/10.95 (+20) Standalone dis-play ver-sion for La-TeX up-load/review
. Machine-readable source: source[]tables/
[1{/mnt/e/WSL/texlive/2026/texmf-var/fonts/map/pdftex/updmap/pdftex.map}]
Underfull \hbox (badness 10000) in alignment at lines 30--35
 [] [] [] [] [] 

Underfull \hbox (badness 10000) in alignment at lines 35--40
 [] [] [] [] [] 

Underfull \hbox (badness 10000) in alignment at lines 40--41
 [] [] [] [] [] 

Underfull \hbox (badness 10000) in alignment at lines 41--43
 [] [] [] [] [] 

Underfull \hbox (badness 10000) in alignment at lines 43--107
 [] [] [] [] [] 
[2] [3]
Underfull \hbox (badness 10000) in alignment at lines 118--123
 [] [] [] [] [] 

Underfull \hbox (badness 10000) in alignment at lines 123--128
 [] [] [] [] [] 

Underfull \hbox (badness 10000) in alignment at lines 128--129
 [] [] [] [] [] 

Underfull \hbox (badness 10000) in alignment at lines 129--131
 [] [] [] [] [] 

Underfull \hbox (badness 10000) in alignment at lines 131--195
 [] [] [] [] [] 
[4] [5] [6]
Underfull \hbox (badness 10000) in alignment at lines 208--213
 [] [] [] [] [] 

Underfull \hbox (badness 10000) in alignment at lines 213--218
 [] [] [] [] [] 

Underfull \hbox (badness 10000) in alignment at lines 218--219
 [] [] [] [] [] 

Underfull \hbox (badness 10000) in alignment at lines 219--221
 [] [] [] [] [] 

Underfull \hbox (badness 10000) in alignment at lines 221--252
 [] [] [] [] [] 
[7]
Underfull \hbox (badness 10000) in alignment at lines 263--268
 [] [] [] [] 

Underfull \hbox (badness 10000) in alignment at lines 268--273
 [] [] [] [] 

Underfull \hbox (badness 10000) in alignment at lines 273--274
 [] [] [] [] 

Underfull \hbox (badness 10000) in alignment at lines 274--276
 [] [] [] [] 

Underfull \hbox (badness 10000) in alignment at lines 276--307
 [] [] [] [] 
[8] [9]
Underfull \hbox (badness 10000) in alignment at lines 320--325
 [] [] [] [] 

Underfull \hbox (badness 10000) in alignment at lines 325--330
 [] [] [] [] 

Underfull \hbox (badness 10000) in alignment at lines 330--331
 [] [] [] [] 

Underfull \hbox (badness 10000) in alignment at lines 331--333
 [] [] [] [] 

Underfull \hbox (badness 10000) in alignment at lines 333--367
 [] [] [] [] 
[10] (./Supplementary_Table_7_recalibration_and_decision_curve_standalone.aux)

LaTeX Warning: Label(s) may have changed. Rerun to get cross-references right.


Package rerunfilecheck Warning: File `Supplementary_Table_7_recalibration_and_d
ecision_curve_standalone.out' has changed.
(rerunfilecheck)                Rerun to get outlines right
(rerunfilecheck)                or use package `bookmark'.

 )
(see the transcript file for additional information)</mnt/e/WSL/texlive/2026/te
xmf-dist/fonts/type1/public/amsfonts/cm/cmbx12.pfb></mnt/e/WSL/texlive/2026/tex
mf-dist/fonts/type1/public/amsfonts/cm/cmr10.pfb></mnt/e/WSL/texlive/2026/texmf
-dist/fonts/type1/public/amsfonts/cm/cmr12.pfb></mnt/e/WSL/texlive/2026/texmf-d
ist/fonts/type1/public/amsfonts/cm/cmr17.pfb></mnt/e/WSL/texlive/2026/texmf-dis
t/fonts/type1/public/amsfonts/cm/cmr8.pfb></mnt/e/WSL/texlive/2026/texmf-dist/f
onts/type1/public/amsfonts/cm/cmti8.pfb>
Output written on Supplementary_Table_7_recalibration_and_decision_curve_standa
lone.pdf (10 pages, 98322 bytes).
SyncTeX written on Supplementary_Table_7_recalibration_and_decision_curve_standalone.synctex.gz.
Transcript written on Supplementary_Table_7_recalibration_and_decision_curve_st
andalone.log.
Latexmk: Getting log file 'Supplementary_Table_7_recalibration_and_decision_curve_standalone.log'
Latexmk: Examining 'Supplementary_Table_7_recalibration_and_decision_curve_standalone.fls'
Latexmk: Examining 'Supplementary_Table_7_recalibration_and_decision_curve_standalone.log'
Latexmk: References changed.
Latexmk: References changed.
Latexmk: Log file says output to 'Supplementary_Table_7_recalibration_and_decision_curve_standalone.pdf'
Latexmk: applying rule 'pdflatex'...
Rule 'pdflatex':  Reasons for rerun
Changed files or newly in use/created:
  Supplementary_Table_7_recalibration_and_decision_curve_standalone.aux
  Supplementary_Table_7_recalibration_and_decision_curve_standalone.out

------------
Run number 2 of rule 'pdflatex'
------------
------------
Running 'pdflatex  -interaction=nonstopmode -halt-on-error -synctex=1 -recorder  "Supplementary_Table_7_recalibration_and_decision_curve_standalone.tex"'
------------
This is pdfTeX, Version 3.141592653-2.6-1.40.29 (TeX Live 2026) (preloaded format=pdflatex)
 restricted \write18 enabled.
entering extended mode
(./Supplementary_Table_7_recalibration_and_decision_curve_standalone.tex
LaTeX2e <2026-06-01>
L3 programming layer <2026-05-26>
(/mnt/e/WSL/texlive/2026/texmf-dist/tex/latex/base/article.cls
Document Class: article 2025/01/22 v1.4n Standard LaTeX document class
(/mnt/e/WSL/texlive/2026/texmf-dist/tex/latex/base/size11.clo))
(/mnt/e/WSL/texlive/2026/texmf-dist/tex/latex/geometry/geometry.sty
(/mnt/e/WSL/texlive/2026/texmf-dist/tex/latex/graphics/keyval.sty)
(/mnt/e/WSL/texlive/2026/texmf-dist/tex/generic/iftex/ifvtex.sty
(/mnt/e/WSL/texlive/2026/texmf-dist/tex/generic/iftex/iftex.sty)))
(/mnt/e/WSL/texlive/2026/texmf-dist/tex/latex/booktabs/booktabs.sty)
(/mnt/e/WSL/texlive/2026/texmf-dist/tex/latex/tools/longtable.sty)
(/mnt/e/WSL/texlive/2026/texmf-dist/tex/latex/tools/array.sty)
(/mnt/e/WSL/texlive/2026/texmf-dist/tex/latex/pdflscape/pdflscape.sty
(/mnt/e/WSL/texlive/2026/texmf-dist/tex/latex/pdflscape/pdflscape-nometadata.st
y (/mnt/e/WSL/texlive/2026/texmf-dist/tex/latex/graphics/lscape.sty
(/mnt/e/WSL/texlive/2026/texmf-dist/tex/latex/graphics/graphics.sty
(/mnt/e/WSL/texlive/2026/texmf-dist/tex/latex/graphics/trig.sty)
(/mnt/e/WSL/texlive/2026/texmf-dist/tex/latex/graphics-cfg/graphics.cfg)
(/mnt/e/WSL/texlive/2026/texmf-dist/tex/latex/graphics-def/pdftex.def)))))
(/mnt/e/WSL/texlive/2026/texmf-dist/tex/latex/url/url.sty)
(/mnt/e/WSL/texlive/2026/texmf-dist/tex/latex/hyperref/hyperref.sty
(/mnt/e/WSL/texlive/2026/texmf-dist/tex/latex/kvsetkeys/kvsetkeys.sty)
(/mnt/e/WSL/texlive/2026/texmf-dist/tex/generic/kvdefinekeys/kvdefinekeys.sty)
(/mnt/e/WSL/texlive/2026/texmf-dist/tex/generic/pdfescape/pdfescape.sty
(/mnt/e/WSL/texlive/2026/texmf-dist/tex/generic/ltxcmds/ltxcmds.sty)
(/mnt/e/WSL/texlive/2026/texmf-dist/tex/generic/pdftexcmds/pdftexcmds.sty
(/mnt/e/WSL/texlive/2026/texmf-dist/tex/generic/infwarerr/infwarerr.sty)))
(/mnt/e/WSL/texlive/2026/texmf-dist/tex/latex/hycolor/hycolor.sty)
(/mnt/e/WSL/texlive/2026/texmf-dist/tex/latex/hyperref/nameref.sty
(/mnt/e/WSL/texlive/2026/texmf-dist/tex/latex/refcount/refcount.sty)
(/mnt/e/WSL/texlive/2026/texmf-dist/tex/generic/gettitlestring/gettitlestring.s
ty (/mnt/e/WSL/texlive/2026/texmf-dist/tex/latex/kvoptions/kvoptions.sty)))
(/mnt/e/WSL/texlive/2026/texmf-dist/tex/latex/etoolbox/etoolbox.sty)
(/mnt/e/WSL/texlive/2026/texmf-dist/tex/generic/stringenc/stringenc.sty)
(/mnt/e/WSL/texlive/2026/texmf-dist/tex/latex/hyperref/pd1enc.def)
(/mnt/e/WSL/texlive/2026/texmf-dist/tex/generic/intcalc/intcalc.sty)
(/mnt/e/WSL/texlive/2026/texmf-dist/tex/latex/hyperref/puenc.def)
(/mnt/e/WSL/texlive/2026/texmf-dist/tex/generic/bitset/bitset.sty
(/mnt/e/WSL/texlive/2026/texmf-dist/tex/generic/bigintcalc/bigintcalc.sty)))
(/mnt/e/WSL/texlive/2026/texmf-dist/tex/latex/hyperref/hpdftex.def
(/mnt/e/WSL/texlive/2026/texmf-dist/tex/latex/rerunfilecheck/rerunfilecheck.sty

(/mnt/e/WSL/texlive/2026/texmf-dist/tex/generic/uniquecounter/uniquecounter.sty
))) (/mnt/e/WSL/texlive/2026/texmf-dist/tex/latex/microtype/microtype.sty
(/mnt/e/WSL/texlive/2026/texmf-dist/tex/latex/microtype/microtype-pdftex.def)
(/mnt/e/WSL/texlive/2026/texmf-dist/tex/latex/microtype/microtype.cfg))
(/mnt/e/WSL/texlive/2026/texmf-dist/tex/latex/l3backend/l3backend-pdftex.def)
(./Supplementary_Table_7_recalibration_and_decision_curve_standalone.aux)
*geometry* driver: auto-detecting
*geometry* detected driver: pdftex
(/mnt/e/WSL/texlive/2026/texmf-dist/tex/context/base/mkii/supp-pdf.mkii
[Loading MPS to PDF converter (version 2006.09.02).]
) (/mnt/e/WSL/texlive/2026/texmf-dist/tex/latex/epstopdf-pkg/epstopdf-base.sty
(/mnt/e/WSL/texlive/2026/texmf-dist/tex/latex/latexconfig/epstopdf-sys.cfg))
(./Supplementary_Table_7_recalibration_and_decision_curve_standalone.out)
(./Supplementary_Table_7_recalibration_and_decision_curve_standalone.out)
(/mnt/e/WSL/texlive/2026/texmf-dist/tex/latex/microtype/mt-cmr.cfg)
Underfull \hbox (badness 1043) in paragraph at lines 20--21
\OT1/cmr/m/n/10.95 (+20) Standalone dis-play ver-sion for La-TeX up-load/review
. Machine-readable source: source[]tables/
[1{/mnt/e/WSL/texlive/2026/texmf-var/fonts/map/pdftex/updmap/pdftex.map}]
Underfull \hbox (badness 10000) in alignment at lines 30--35
 [] [] [] [] [] 

Underfull \hbox (badness 10000) in alignment at lines 35--40
 [] [] [] [] [] 

Underfull \hbox (badness 10000) in alignment at lines 40--41
 [] [] [] [] [] 

Underfull \hbox (badness 10000) in alignment at lines 41--43
 [] [] [] [] [] 

Underfull \hbox (badness 10000) in alignment at lines 43--107
 [] [] [] [] [] 
[2] [3]
Underfull \hbox (badness 10000) in alignment at lines 118--123
 [] [] [] [] [] 

Underfull \hbox (badness 10000) in alignment at lines 123--128
 [] [] [] [] [] 

Underfull \hbox (badness 10000) in alignment at lines 128--129
 [] [] [] [] [] 

Underfull \hbox (badness 10000) in alignment at lines 129--131
 [] [] [] [] [] 

Underfull \hbox (badness 10000) in alignment at lines 131--195
 [] [] [] [] [] 
[4] [5] [6]
Underfull \hbox (badness 10000) in alignment at lines 208--213
 [] [] [] [] [] 

Underfull \hbox (badness 10000) in alignment at lines 213--218
 [] [] [] [] [] 

Underfull \hbox (badness 10000) in alignment at lines 218--219
 [] [] [] [] [] 

Underfull \hbox (badness 10000) in alignment at lines 219--221
 [] [] [] [] [] 

Underfull \hbox (badness 10000) in alignment at lines 221--252
 [] [] [] [] [] 
[7]
Underfull \hbox (badness 10000) in alignment at lines 263--268
 [] [] [] [] 

Underfull \hbox (badness 10000) in alignment at lines 268--273
 [] [] [] [] 

Underfull \hbox (badness 10000) in alignment at lines 273--274
 [] [] [] [] 

Underfull \hbox (badness 10000) in alignment at lines 274--276
 [] [] [] [] 

Underfull \hbox (badness 10000) in alignment at lines 276--307
 [] [] [] [] 
[8] [9]
Underfull \hbox (badness 10000) in alignment at lines 320--325
 [] [] [] [] 

Underfull \hbox (badness 10000) in alignment at lines 325--330
 [] [] [] [] 

Underfull \hbox (badness 10000) in alignment at lines 330--331
 [] [] [] [] 

Underfull \hbox (badness 10000) in alignment at lines 331--333
 [] [] [] [] 

Underfull \hbox (badness 10000) in alignment at lines 333--367
 [] [] [] [] 
[10] (./Supplementary_Table_7_recalibration_and_decision_curve_standalone.aux) 
)
(see the transcript file for additional information)</mnt/e/WSL/texlive/2026/te
xmf-dist/fonts/type1/public/amsfonts/cm/cmbx12.pfb></mnt/e/WSL/texlive/2026/tex
mf-dist/fonts/type1/public/amsfonts/cm/cmr10.pfb></mnt/e/WSL/texlive/2026/texmf
-dist/fonts/type1/public/amsfonts/cm/cmr12.pfb></mnt/e/WSL/texlive/2026/texmf-d
ist/fonts/type1/public/amsfonts/cm/cmr17.pfb></mnt/e/WSL/texlive/2026/texmf-dis
t/fonts/type1/public/amsfonts/cm/cmr8.pfb></mnt/e/WSL/texlive/2026/texmf-dist/f
onts/type1/public/amsfonts/cm/cmti8.pfb>
Output written on Supplementary_Table_7_recalibration_and_decision_curve_standa
lone.pdf (10 pages, 98322 bytes).
SyncTeX written on Supplementary_Table_7_recalibration_and_decision_curve_standalone.synctex.gz.
Transcript written on Supplementary_Table_7_recalibration_and_decision_curve_st
andalone.log.
Latexmk: Getting log file 'Supplementary_Table_7_recalibration_and_decision_curve_standalone.log'
Latexmk: Examining 'Supplementary_Table_7_recalibration_and_decision_curve_standalone.fls'
Latexmk: Examining 'Supplementary_Table_7_recalibration_and_decision_curve_standalone.log'
Latexmk: Log file says output to 'Supplementary_Table_7_recalibration_and_decision_curve_standalone.pdf'
Latexmk: All targets (Supplementary_Table_7_recalibration_and_decision_curve_standalone.pdf) are up-to-date

Using TeX bin: /mnt/e/WSL/texlive/2026/bin/x86_64-linux
Project: /mnt/e/Reserch/CTG_Trajectory_Frontiers_Signal_Processing_R1_Revision_20260705/R1_FRONTIERS_ORIGINAL_TEMPLATE_REVIEW_20260707/latex_original_frontiers_template/standalone_supplementary_tables
Main: Supplementary_Table_8_external_representation_validation_standalone.tex
Rc files read (in order):
  NONE
Latexmk: This is Latexmk, John Collins, 9 March 2026. Version 4.88.
No specific requests made, so using default for latexmk.
Latexmk: Doing full clean up for 'Supplementary_Table_8_external_representation_validation_standalone.tex'

Rc files read (in order):
  NONE
Latexmk: This is Latexmk, John Collins, 9 March 2026. Version 4.88.
No existing .aux file, so I'll make a simple one, and require run of *latex.
Latexmk: applying rule 'pdflatex'...
Rule 'pdflatex':  Reasons for rerun
Category 'other':
  Rerun of 'pdflatex' forced or previously required:
    Reason or flag: 'Initial setup'

------------
Run number 1 of rule 'pdflatex'
------------
------------
Running 'pdflatex  -interaction=nonstopmode -halt-on-error -synctex=1 -recorder  "Supplementary_Table_8_external_representation_validation_standalone.tex"'
------------
This is pdfTeX, Version 3.141592653-2.6-1.40.29 (TeX Live 2026) (preloaded format=pdflatex)
 restricted \write18 enabled.
entering extended mode
(./Supplementary_Table_8_external_representation_validation_standalone.tex
LaTeX2e <2026-06-01>
L3 programming layer <2026-05-26>
(/mnt/e/WSL/texlive/2026/texmf-dist/tex/latex/base/article.cls
Document Class: article 2025/01/22 v1.4n Standard LaTeX document class
(/mnt/e/WSL/texlive/2026/texmf-dist/tex/latex/base/size11.clo))
(/mnt/e/WSL/texlive/2026/texmf-dist/tex/latex/geometry/geometry.sty
(/mnt/e/WSL/texlive/2026/texmf-dist/tex/latex/graphics/keyval.sty)
(/mnt/e/WSL/texlive/2026/texmf-dist/tex/generic/iftex/ifvtex.sty
(/mnt/e/WSL/texlive/2026/texmf-dist/tex/generic/iftex/iftex.sty)))
(/mnt/e/WSL/texlive/2026/texmf-dist/tex/latex/booktabs/booktabs.sty)
(/mnt/e/WSL/texlive/2026/texmf-dist/tex/latex/tools/longtable.sty)
(/mnt/e/WSL/texlive/2026/texmf-dist/tex/latex/tools/array.sty)
(/mnt/e/WSL/texlive/2026/texmf-dist/tex/latex/pdflscape/pdflscape.sty
(/mnt/e/WSL/texlive/2026/texmf-dist/tex/latex/pdflscape/pdflscape-nometadata.st
y (/mnt/e/WSL/texlive/2026/texmf-dist/tex/latex/graphics/lscape.sty
(/mnt/e/WSL/texlive/2026/texmf-dist/tex/latex/graphics/graphics.sty
(/mnt/e/WSL/texlive/2026/texmf-dist/tex/latex/graphics/trig.sty)
(/mnt/e/WSL/texlive/2026/texmf-dist/tex/latex/graphics-cfg/graphics.cfg)
(/mnt/e/WSL/texlive/2026/texmf-dist/tex/latex/graphics-def/pdftex.def)))))
(/mnt/e/WSL/texlive/2026/texmf-dist/tex/latex/url/url.sty)
(/mnt/e/WSL/texlive/2026/texmf-dist/tex/latex/hyperref/hyperref.sty
(/mnt/e/WSL/texlive/2026/texmf-dist/tex/latex/kvsetkeys/kvsetkeys.sty)
(/mnt/e/WSL/texlive/2026/texmf-dist/tex/generic/kvdefinekeys/kvdefinekeys.sty)
(/mnt/e/WSL/texlive/2026/texmf-dist/tex/generic/pdfescape/pdfescape.sty
(/mnt/e/WSL/texlive/2026/texmf-dist/tex/generic/ltxcmds/ltxcmds.sty)
(/mnt/e/WSL/texlive/2026/texmf-dist/tex/generic/pdftexcmds/pdftexcmds.sty
(/mnt/e/WSL/texlive/2026/texmf-dist/tex/generic/infwarerr/infwarerr.sty)))
(/mnt/e/WSL/texlive/2026/texmf-dist/tex/latex/hycolor/hycolor.sty)
(/mnt/e/WSL/texlive/2026/texmf-dist/tex/latex/hyperref/nameref.sty
(/mnt/e/WSL/texlive/2026/texmf-dist/tex/latex/refcount/refcount.sty)
(/mnt/e/WSL/texlive/2026/texmf-dist/tex/generic/gettitlestring/gettitlestring.s
ty (/mnt/e/WSL/texlive/2026/texmf-dist/tex/latex/kvoptions/kvoptions.sty)))
(/mnt/e/WSL/texlive/2026/texmf-dist/tex/latex/etoolbox/etoolbox.sty)
(/mnt/e/WSL/texlive/2026/texmf-dist/tex/generic/stringenc/stringenc.sty)
(/mnt/e/WSL/texlive/2026/texmf-dist/tex/latex/hyperref/pd1enc.def)
(/mnt/e/WSL/texlive/2026/texmf-dist/tex/generic/intcalc/intcalc.sty)
(/mnt/e/WSL/texlive/2026/texmf-dist/tex/latex/hyperref/puenc.def)
(/mnt/e/WSL/texlive/2026/texmf-dist/tex/generic/bitset/bitset.sty
(/mnt/e/WSL/texlive/2026/texmf-dist/tex/generic/bigintcalc/bigintcalc.sty)))
(/mnt/e/WSL/texlive/2026/texmf-dist/tex/latex/hyperref/hpdftex.def
(/mnt/e/WSL/texlive/2026/texmf-dist/tex/latex/rerunfilecheck/rerunfilecheck.sty

(/mnt/e/WSL/texlive/2026/texmf-dist/tex/generic/uniquecounter/uniquecounter.sty
))) (/mnt/e/WSL/texlive/2026/texmf-dist/tex/latex/microtype/microtype.sty
(/mnt/e/WSL/texlive/2026/texmf-dist/tex/latex/microtype/microtype-pdftex.def)
(/mnt/e/WSL/texlive/2026/texmf-dist/tex/latex/microtype/microtype.cfg))
(/mnt/e/WSL/texlive/2026/texmf-dist/tex/latex/l3backend/l3backend-pdftex.def)
(./Supplementary_Table_8_external_representation_validation_standalone.aux)
*geometry* driver: auto-detecting
*geometry* detected driver: pdftex
(/mnt/e/WSL/texlive/2026/texmf-dist/tex/context/base/mkii/supp-pdf.mkii
[Loading MPS to PDF converter (version 2006.09.02).]
) (/mnt/e/WSL/texlive/2026/texmf-dist/tex/latex/epstopdf-pkg/epstopdf-base.sty
(/mnt/e/WSL/texlive/2026/texmf-dist/tex/latex/latexconfig/epstopdf-sys.cfg))
(/mnt/e/WSL/texlive/2026/texmf-dist/tex/latex/microtype/mt-cmr.cfg)
Underfull \hbox (badness 1043) in paragraph at lines 20--21
\OT1/cmr/m/n/10.95 (+20) Standalone dis-play ver-sion for La-TeX up-load/review
. Machine-readable source: source[]tables/
[1{/mnt/e/WSL/texlive/2026/texmf-var/fonts/map/pdftex/updmap/pdftex.map}]
Underfull \hbox (badness 10000) in alignment at lines 30--35
 [] [] 

Underfull \hbox (badness 10000) in alignment at lines 35--40
 [] [] 

Underfull \hbox (badness 10000) in alignment at lines 40--41
 [] [] 

Underfull \hbox (badness 10000) in alignment at lines 41--43
 [] [] 

Underfull \hbox (badness 10000) in alignment at lines 43--52
 [] [] 
[2] [3]
Underfull \hbox (badness 10000) in alignment at lines 65--70
 [] [] 

Underfull \hbox (badness 10000) in alignment at lines 70--75
 [] [] 

Underfull \hbox (badness 10000) in alignment at lines 75--76
 [] [] 

Underfull \hbox (badness 10000) in alignment at lines 76--78
 [] [] 

Underfull \hbox (badness 10000) in alignment at lines 78--83
 [] [] 
[4] (./Supplementary_Table_8_external_representation_validation_standalone.aux)

LaTeX Warning: Label(s) may have changed. Rerun to get cross-references right.


Package rerunfilecheck Warning: File `Supplementary_Table_8_external_representa
tion_validation_standalone.out' has changed.
(rerunfilecheck)                Rerun to get outlines right
(rerunfilecheck)                or use package `bookmark'.

 )
(see the transcript file for additional information)</mnt/e/WSL/texlive/2026/te
xmf-dist/fonts/type1/public/amsfonts/cm/cmbx12.pfb></mnt/e/WSL/texlive/2026/tex
mf-dist/fonts/type1/public/amsfonts/cm/cmr10.pfb></mnt/e/WSL/texlive/2026/texmf
-dist/fonts/type1/public/amsfonts/cm/cmr12.pfb></mnt/e/WSL/texlive/2026/texmf-d
ist/fonts/type1/public/amsfonts/cm/cmr17.pfb></mnt/e/WSL/texlive/2026/texmf-dis
t/fonts/type1/public/amsfonts/cm/cmr8.pfb>
Output written on Supplementary_Table_8_external_representation_validation_stan
dalone.pdf (4 pages, 78994 bytes).
SyncTeX written on Supplementary_Table_8_external_representation_validation_standalone.synctex.gz.
Transcript written on Supplementary_Table_8_external_representation_validation_
standalone.log.
Latexmk: Getting log file 'Supplementary_Table_8_external_representation_validation_standalone.log'
Latexmk: Examining 'Supplementary_Table_8_external_representation_validation_standalone.fls'
Latexmk: Examining 'Supplementary_Table_8_external_representation_validation_standalone.log'
Latexmk: References changed.
Latexmk: References changed.
Latexmk: Log file says output to 'Supplementary_Table_8_external_representation_validation_standalone.pdf'
Latexmk: applying rule 'pdflatex'...
Rule 'pdflatex':  Reasons for rerun
Changed files or newly in use/created:
  Supplementary_Table_8_external_representation_validation_standalone.aux
  Supplementary_Table_8_external_representation_validation_standalone.out

------------
Run number 2 of rule 'pdflatex'
------------
------------
Running 'pdflatex  -interaction=nonstopmode -halt-on-error -synctex=1 -recorder  "Supplementary_Table_8_external_representation_validation_standalone.tex"'
------------
This is pdfTeX, Version 3.141592653-2.6-1.40.29 (TeX Live 2026) (preloaded format=pdflatex)
 restricted \write18 enabled.
entering extended mode
(./Supplementary_Table_8_external_representation_validation_standalone.tex
LaTeX2e <2026-06-01>
L3 programming layer <2026-05-26>
(/mnt/e/WSL/texlive/2026/texmf-dist/tex/latex/base/article.cls
Document Class: article 2025/01/22 v1.4n Standard LaTeX document class
(/mnt/e/WSL/texlive/2026/texmf-dist/tex/latex/base/size11.clo))
(/mnt/e/WSL/texlive/2026/texmf-dist/tex/latex/geometry/geometry.sty
(/mnt/e/WSL/texlive/2026/texmf-dist/tex/latex/graphics/keyval.sty)
(/mnt/e/WSL/texlive/2026/texmf-dist/tex/generic/iftex/ifvtex.sty
(/mnt/e/WSL/texlive/2026/texmf-dist/tex/generic/iftex/iftex.sty)))
(/mnt/e/WSL/texlive/2026/texmf-dist/tex/latex/booktabs/booktabs.sty)
(/mnt/e/WSL/texlive/2026/texmf-dist/tex/latex/tools/longtable.sty)
(/mnt/e/WSL/texlive/2026/texmf-dist/tex/latex/tools/array.sty)
(/mnt/e/WSL/texlive/2026/texmf-dist/tex/latex/pdflscape/pdflscape.sty
(/mnt/e/WSL/texlive/2026/texmf-dist/tex/latex/pdflscape/pdflscape-nometadata.st
y (/mnt/e/WSL/texlive/2026/texmf-dist/tex/latex/graphics/lscape.sty
(/mnt/e/WSL/texlive/2026/texmf-dist/tex/latex/graphics/graphics.sty
(/mnt/e/WSL/texlive/2026/texmf-dist/tex/latex/graphics/trig.sty)
(/mnt/e/WSL/texlive/2026/texmf-dist/tex/latex/graphics-cfg/graphics.cfg)
(/mnt/e/WSL/texlive/2026/texmf-dist/tex/latex/graphics-def/pdftex.def)))))
(/mnt/e/WSL/texlive/2026/texmf-dist/tex/latex/url/url.sty)
(/mnt/e/WSL/texlive/2026/texmf-dist/tex/latex/hyperref/hyperref.sty
(/mnt/e/WSL/texlive/2026/texmf-dist/tex/latex/kvsetkeys/kvsetkeys.sty)
(/mnt/e/WSL/texlive/2026/texmf-dist/tex/generic/kvdefinekeys/kvdefinekeys.sty)
(/mnt/e/WSL/texlive/2026/texmf-dist/tex/generic/pdfescape/pdfescape.sty
(/mnt/e/WSL/texlive/2026/texmf-dist/tex/generic/ltxcmds/ltxcmds.sty)
(/mnt/e/WSL/texlive/2026/texmf-dist/tex/generic/pdftexcmds/pdftexcmds.sty
(/mnt/e/WSL/texlive/2026/texmf-dist/tex/generic/infwarerr/infwarerr.sty)))
(/mnt/e/WSL/texlive/2026/texmf-dist/tex/latex/hycolor/hycolor.sty)
(/mnt/e/WSL/texlive/2026/texmf-dist/tex/latex/hyperref/nameref.sty
(/mnt/e/WSL/texlive/2026/texmf-dist/tex/latex/refcount/refcount.sty)
(/mnt/e/WSL/texlive/2026/texmf-dist/tex/generic/gettitlestring/gettitlestring.s
ty (/mnt/e/WSL/texlive/2026/texmf-dist/tex/latex/kvoptions/kvoptions.sty)))
(/mnt/e/WSL/texlive/2026/texmf-dist/tex/latex/etoolbox/etoolbox.sty)
(/mnt/e/WSL/texlive/2026/texmf-dist/tex/generic/stringenc/stringenc.sty)
(/mnt/e/WSL/texlive/2026/texmf-dist/tex/latex/hyperref/pd1enc.def)
(/mnt/e/WSL/texlive/2026/texmf-dist/tex/generic/intcalc/intcalc.sty)
(/mnt/e/WSL/texlive/2026/texmf-dist/tex/latex/hyperref/puenc.def)
(/mnt/e/WSL/texlive/2026/texmf-dist/tex/generic/bitset/bitset.sty
(/mnt/e/WSL/texlive/2026/texmf-dist/tex/generic/bigintcalc/bigintcalc.sty)))
(/mnt/e/WSL/texlive/2026/texmf-dist/tex/latex/hyperref/hpdftex.def
(/mnt/e/WSL/texlive/2026/texmf-dist/tex/latex/rerunfilecheck/rerunfilecheck.sty

(/mnt/e/WSL/texlive/2026/texmf-dist/tex/generic/uniquecounter/uniquecounter.sty
))) (/mnt/e/WSL/texlive/2026/texmf-dist/tex/latex/microtype/microtype.sty
(/mnt/e/WSL/texlive/2026/texmf-dist/tex/latex/microtype/microtype-pdftex.def)
(/mnt/e/WSL/texlive/2026/texmf-dist/tex/latex/microtype/microtype.cfg))
(/mnt/e/WSL/texlive/2026/texmf-dist/tex/latex/l3backend/l3backend-pdftex.def)
(./Supplementary_Table_8_external_representation_validation_standalone.aux)
*geometry* driver: auto-detecting
*geometry* detected driver: pdftex
(/mnt/e/WSL/texlive/2026/texmf-dist/tex/context/base/mkii/supp-pdf.mkii
[Loading MPS to PDF converter (version 2006.09.02).]
) (/mnt/e/WSL/texlive/2026/texmf-dist/tex/latex/epstopdf-pkg/epstopdf-base.sty
(/mnt/e/WSL/texlive/2026/texmf-dist/tex/latex/latexconfig/epstopdf-sys.cfg))
(./Supplementary_Table_8_external_representation_validation_standalone.out)
(./Supplementary_Table_8_external_representation_validation_standalone.out)
(/mnt/e/WSL/texlive/2026/texmf-dist/tex/latex/microtype/mt-cmr.cfg)
Underfull \hbox (badness 1043) in paragraph at lines 20--21
\OT1/cmr/m/n/10.95 (+20) Standalone dis-play ver-sion for La-TeX up-load/review
. Machine-readable source: source[]tables/
[1{/mnt/e/WSL/texlive/2026/texmf-var/fonts/map/pdftex/updmap/pdftex.map}]
Underfull \hbox (badness 10000) in alignment at lines 30--35
 [] [] 

Underfull \hbox (badness 10000) in alignment at lines 35--40
 [] [] 

Underfull \hbox (badness 10000) in alignment at lines 40--41
 [] [] 

Underfull \hbox (badness 10000) in alignment at lines 41--43
 [] [] 

Underfull \hbox (badness 10000) in alignment at lines 43--52
 [] [] 
[2] [3]
Underfull \hbox (badness 10000) in alignment at lines 65--70
 [] [] 

Underfull \hbox (badness 10000) in alignment at lines 70--75
 [] [] 

Underfull \hbox (badness 10000) in alignment at lines 75--76
 [] [] 

Underfull \hbox (badness 10000) in alignment at lines 76--78
 [] [] 

Underfull \hbox (badness 10000) in alignment at lines 78--83
 [] [] 
[4] (./Supplementary_Table_8_external_representation_validation_standalone.aux)
 )
(see the transcript file for additional information)</mnt/e/WSL/texlive/2026/te
xmf-dist/fonts/type1/public/amsfonts/cm/cmbx12.pfb></mnt/e/WSL/texlive/2026/tex
mf-dist/fonts/type1/public/amsfonts/cm/cmr10.pfb></mnt/e/WSL/texlive/2026/texmf
-dist/fonts/type1/public/amsfonts/cm/cmr12.pfb></mnt/e/WSL/texlive/2026/texmf-d
ist/fonts/type1/public/amsfonts/cm/cmr17.pfb></mnt/e/WSL/texlive/2026/texmf-dis
t/fonts/type1/public/amsfonts/cm/cmr8.pfb>
Output written on Supplementary_Table_8_external_representation_validation_stan
dalone.pdf (4 pages, 78994 bytes).
SyncTeX written on Supplementary_Table_8_external_representation_validation_standalone.synctex.gz.
Transcript written on Supplementary_Table_8_external_representation_validation_
standalone.log.
Latexmk: Getting log file 'Supplementary_Table_8_external_representation_validation_standalone.log'
Latexmk: Examining 'Supplementary_Table_8_external_representation_validation_standalone.fls'
Latexmk: Examining 'Supplementary_Table_8_external_representation_validation_standalone.log'
Latexmk: Log file says output to 'Supplementary_Table_8_external_representation_validation_standalone.pdf'
Latexmk: All targets (Supplementary_Table_8_external_representation_validation_standalone.pdf) are up-to-date

Using TeX bin: /mnt/e/WSL/texlive/2026/bin/x86_64-linux
Project: /mnt/e/Reserch/CTG_Trajectory_Frontiers_Signal_Processing_R1_Revision_20260705/R1_FRONTIERS_ORIGINAL_TEMPLATE_REVIEW_20260707/latex_original_frontiers_template/standalone_supplementary_tables
Main: Supplementary_Table_9_reviewer_sensitivity_analyses_standalone.tex
Rc files read (in order):
  NONE
Latexmk: This is Latexmk, John Collins, 9 March 2026. Version 4.88.
No specific requests made, so using default for latexmk.
Latexmk: Doing full clean up for 'Supplementary_Table_9_reviewer_sensitivity_analyses_standalone.tex'

Rc files read (in order):
  NONE
Latexmk: This is Latexmk, John Collins, 9 March 2026. Version 4.88.
No existing .aux file, so I'll make a simple one, and require run of *latex.
Latexmk: applying rule 'pdflatex'...
Rule 'pdflatex':  Reasons for rerun
Category 'other':
  Rerun of 'pdflatex' forced or previously required:
    Reason or flag: 'Initial setup'

------------
Run number 1 of rule 'pdflatex'
------------
------------
Running 'pdflatex  -interaction=nonstopmode -halt-on-error -synctex=1 -recorder  "Supplementary_Table_9_reviewer_sensitivity_analyses_standalone.tex"'
------------
This is pdfTeX, Version 3.141592653-2.6-1.40.29 (TeX Live 2026) (preloaded format=pdflatex)
 restricted \write18 enabled.
entering extended mode
(./Supplementary_Table_9_reviewer_sensitivity_analyses_standalone.tex
LaTeX2e <2026-06-01>
L3 programming layer <2026-05-26>
(/mnt/e/WSL/texlive/2026/texmf-dist/tex/latex/base/article.cls
Document Class: article 2025/01/22 v1.4n Standard LaTeX document class
(/mnt/e/WSL/texlive/2026/texmf-dist/tex/latex/base/size11.clo))
(/mnt/e/WSL/texlive/2026/texmf-dist/tex/latex/geometry/geometry.sty
(/mnt/e/WSL/texlive/2026/texmf-dist/tex/latex/graphics/keyval.sty)
(/mnt/e/WSL/texlive/2026/texmf-dist/tex/generic/iftex/ifvtex.sty
(/mnt/e/WSL/texlive/2026/texmf-dist/tex/generic/iftex/iftex.sty)))
(/mnt/e/WSL/texlive/2026/texmf-dist/tex/latex/booktabs/booktabs.sty)
(/mnt/e/WSL/texlive/2026/texmf-dist/tex/latex/tools/longtable.sty)
(/mnt/e/WSL/texlive/2026/texmf-dist/tex/latex/tools/array.sty)
(/mnt/e/WSL/texlive/2026/texmf-dist/tex/latex/pdflscape/pdflscape.sty
(/mnt/e/WSL/texlive/2026/texmf-dist/tex/latex/pdflscape/pdflscape-nometadata.st
y (/mnt/e/WSL/texlive/2026/texmf-dist/tex/latex/graphics/lscape.sty
(/mnt/e/WSL/texlive/2026/texmf-dist/tex/latex/graphics/graphics.sty
(/mnt/e/WSL/texlive/2026/texmf-dist/tex/latex/graphics/trig.sty)
(/mnt/e/WSL/texlive/2026/texmf-dist/tex/latex/graphics-cfg/graphics.cfg)
(/mnt/e/WSL/texlive/2026/texmf-dist/tex/latex/graphics-def/pdftex.def)))))
(/mnt/e/WSL/texlive/2026/texmf-dist/tex/latex/url/url.sty)
(/mnt/e/WSL/texlive/2026/texmf-dist/tex/latex/hyperref/hyperref.sty
(/mnt/e/WSL/texlive/2026/texmf-dist/tex/latex/kvsetkeys/kvsetkeys.sty)
(/mnt/e/WSL/texlive/2026/texmf-dist/tex/generic/kvdefinekeys/kvdefinekeys.sty)
(/mnt/e/WSL/texlive/2026/texmf-dist/tex/generic/pdfescape/pdfescape.sty
(/mnt/e/WSL/texlive/2026/texmf-dist/tex/generic/ltxcmds/ltxcmds.sty)
(/mnt/e/WSL/texlive/2026/texmf-dist/tex/generic/pdftexcmds/pdftexcmds.sty
(/mnt/e/WSL/texlive/2026/texmf-dist/tex/generic/infwarerr/infwarerr.sty)))
(/mnt/e/WSL/texlive/2026/texmf-dist/tex/latex/hycolor/hycolor.sty)
(/mnt/e/WSL/texlive/2026/texmf-dist/tex/latex/hyperref/nameref.sty
(/mnt/e/WSL/texlive/2026/texmf-dist/tex/latex/refcount/refcount.sty)
(/mnt/e/WSL/texlive/2026/texmf-dist/tex/generic/gettitlestring/gettitlestring.s
ty (/mnt/e/WSL/texlive/2026/texmf-dist/tex/latex/kvoptions/kvoptions.sty)))
(/mnt/e/WSL/texlive/2026/texmf-dist/tex/latex/etoolbox/etoolbox.sty)
(/mnt/e/WSL/texlive/2026/texmf-dist/tex/generic/stringenc/stringenc.sty)
(/mnt/e/WSL/texlive/2026/texmf-dist/tex/latex/hyperref/pd1enc.def)
(/mnt/e/WSL/texlive/2026/texmf-dist/tex/generic/intcalc/intcalc.sty)
(/mnt/e/WSL/texlive/2026/texmf-dist/tex/latex/hyperref/puenc.def)
(/mnt/e/WSL/texlive/2026/texmf-dist/tex/generic/bitset/bitset.sty
(/mnt/e/WSL/texlive/2026/texmf-dist/tex/generic/bigintcalc/bigintcalc.sty)))
(/mnt/e/WSL/texlive/2026/texmf-dist/tex/latex/hyperref/hpdftex.def
(/mnt/e/WSL/texlive/2026/texmf-dist/tex/latex/rerunfilecheck/rerunfilecheck.sty

(/mnt/e/WSL/texlive/2026/texmf-dist/tex/generic/uniquecounter/uniquecounter.sty
))) (/mnt/e/WSL/texlive/2026/texmf-dist/tex/latex/microtype/microtype.sty
(/mnt/e/WSL/texlive/2026/texmf-dist/tex/latex/microtype/microtype-pdftex.def)
(/mnt/e/WSL/texlive/2026/texmf-dist/tex/latex/microtype/microtype.cfg))
(/mnt/e/WSL/texlive/2026/texmf-dist/tex/latex/l3backend/l3backend-pdftex.def)
(./Supplementary_Table_9_reviewer_sensitivity_analyses_standalone.aux)
*geometry* driver: auto-detecting
*geometry* detected driver: pdftex
(/mnt/e/WSL/texlive/2026/texmf-dist/tex/context/base/mkii/supp-pdf.mkii
[Loading MPS to PDF converter (version 2006.09.02).]
) (/mnt/e/WSL/texlive/2026/texmf-dist/tex/latex/epstopdf-pkg/epstopdf-base.sty
(/mnt/e/WSL/texlive/2026/texmf-dist/tex/latex/latexconfig/epstopdf-sys.cfg))
(/mnt/e/WSL/texlive/2026/texmf-dist/tex/latex/microtype/mt-cmr.cfg)
Underfull \hbox (badness 1043) in paragraph at lines 20--21
\OT1/cmr/m/n/10.95 (+20) Standalone dis-play ver-sion for La-TeX up-load/review
. Machine-readable source: source[]tables/
[1{/mnt/e/WSL/texlive/2026/texmf-var/fonts/map/pdftex/updmap/pdftex.map}]
Underfull \hbox (badness 10000) in alignment at lines 30--35
 [] [] [] [] [] 

Underfull \hbox (badness 10000) in alignment at lines 35--40
 [] [] [] [] [] 

Underfull \hbox (badness 10000) in alignment at lines 40--41
 [] [] [] [] [] 

Underfull \hbox (badness 10000) in alignment at lines 41--43
 [] [] [] [] [] 

Underfull \hbox (badness 10000) in alignment at lines 43--52
 [] [] [] [] [] 
[2]
Underfull \hbox (badness 10000) in alignment at lines 63--68
 [] [] [] [] [] 

Underfull \hbox (badness 10000) in alignment at lines 68--73
 [] [] [] [] [] 

Underfull \hbox (badness 10000) in alignment at lines 73--74
 [] [] [] [] [] 

Underfull \hbox (badness 10000) in alignment at lines 74--76
 [] [] [] [] [] 

Underfull \hbox (badness 10000) in alignment at lines 76--85
 [] [] [] [] [] 
[3]
Underfull \hbox (badness 10000) in alignment at lines 96--101
 [] [] [] [] [] 

Underfull \hbox (badness 10000) in alignment at lines 101--106
 [] [] [] [] [] 

Underfull \hbox (badness 10000) in alignment at lines 106--107
 [] [] [] [] [] 

Underfull \hbox (badness 10000) in alignment at lines 107--109
 [] [] [] [] [] 

Underfull \hbox (badness 10000) in alignment at lines 109--118
 [] [] [] [] [] 
[4] [5]
Underfull \hbox (badness 10000) in alignment at lines 131--136
 [] [] [] [] [] 

Underfull \hbox (badness 10000) in alignment at lines 136--141
 [] [] [] [] [] 

Underfull \hbox (badness 10000) in alignment at lines 141--142
 [] [] [] [] [] 

Underfull \hbox (badness 10000) in alignment at lines 142--144
 [] [] [] [] [] 

Underfull \hbox (badness 10000) in alignment at lines 144--146
 [] [] [] [] [] 
[6]
Underfull \hbox (badness 10000) in alignment at lines 157--162
 [] [] [] [] [] 

Underfull \hbox (badness 10000) in alignment at lines 162--167
 [] [] [] [] [] 

Underfull \hbox (badness 10000) in alignment at lines 167--168
 [] [] [] [] [] 

Underfull \hbox (badness 10000) in alignment at lines 168--170
 [] [] [] [] [] 

Underfull \hbox (badness 10000) in alignment at lines 170--172
 [] [] [] [] [] 
[7]
Underfull \hbox (badness 10000) in alignment at lines 183--188
 [] [] [] [] [] 

Underfull \hbox (badness 10000) in alignment at lines 188--193
 [] [] [] [] [] 

Underfull \hbox (badness 10000) in alignment at lines 193--194
 [] [] [] [] [] 

Underfull \hbox (badness 10000) in alignment at lines 194--196
 [] [] [] [] [] 

Underfull \hbox (badness 10000) in alignment at lines 196--198
 [] [] [] [] [] 
[8] [9]
Underfull \hbox (badness 10000) in alignment at lines 211--216
 [] [] [] [] [] 

Underfull \hbox (badness 10000) in alignment at lines 216--221
 [] [] [] [] [] 

Underfull \hbox (badness 10000) in alignment at lines 221--222
 [] [] [] [] [] 

Underfull \hbox (badness 10000) in alignment at lines 222--224
 [] [] [] [] [] 

Underfull \hbox (badness 10000) in alignment at lines 224--232
 [] [] [] [] [] 
[10]
Underfull \hbox (badness 10000) in alignment at lines 243--248
 [] [] [] [] [] 

Underfull \hbox (badness 10000) in alignment at lines 248--253
 [] [] [] [] [] 

Underfull \hbox (badness 10000) in alignment at lines 253--254
 [] [] [] [] [] 

Underfull \hbox (badness 10000) in alignment at lines 254--256
 [] [] [] [] [] 

Underfull \hbox (badness 10000) in alignment at lines 256--264
 [] [] [] [] [] 
[11]
Underfull \hbox (badness 10000) in alignment at lines 275--280
 [] [] [] [] [] 

Underfull \hbox (badness 10000) in alignment at lines 280--285
 [] [] [] [] [] 

Underfull \hbox (badness 10000) in alignment at lines 285--286
 [] [] [] [] [] 

Underfull \hbox (badness 10000) in alignment at lines 286--288
 [] [] [] [] [] 

Underfull \hbox (badness 10000) in alignment at lines 288--296
 [] [] [] [] [] 
[12]
Underfull \hbox (badness 10000) in alignment at lines 307--312
 [] [] [] [] [] 

Underfull \hbox (badness 10000) in alignment at lines 312--317
 [] [] [] [] [] 

Underfull \hbox (badness 10000) in alignment at lines 317--318
 [] [] [] [] [] 

Underfull \hbox (badness 10000) in alignment at lines 318--320
 [] [] [] [] [] 

Underfull \hbox (badness 10000) in alignment at lines 320--328
 [] [] [] [] [] 
[13] [14]
Underfull \hbox (badness 10000) in alignment at lines 341--346
 [] [] [] [] [] 

Underfull \hbox (badness 10000) in alignment at lines 346--351
 [] [] [] [] [] 

Underfull \hbox (badness 10000) in alignment at lines 351--352
 [] [] [] [] [] 

Underfull \hbox (badness 10000) in alignment at lines 352--354
 [] [] [] [] [] 

Underfull \hbox (badness 10000) in alignment at lines 354--363
 [] [] [] [] [] 
[15]
Underfull \hbox (badness 10000) in alignment at lines 374--379
 [] [] [] [] [] 

Underfull \hbox (badness 10000) in alignment at lines 379--384
 [] [] [] [] [] 

Underfull \hbox (badness 10000) in alignment at lines 384--385
 [] [] [] [] [] 

Underfull \hbox (badness 10000) in alignment at lines 385--387
 [] [] [] [] [] 

Underfull \hbox (badness 10000) in alignment at lines 387--396
 [] [] [] [] [] 
[16]
Underfull \hbox (badness 10000) in alignment at lines 407--412
 [] [] [] [] [] 

Underfull \hbox (badness 10000) in alignment at lines 412--417
 [] [] [] [] [] 

Underfull \hbox (badness 10000) in alignment at lines 417--418
 [] [] [] [] [] 

Underfull \hbox (badness 10000) in alignment at lines 418--420
 [] [] [] [] [] 

Underfull \hbox (badness 10000) in alignment at lines 420--429
 [] [] [] [] [] 
[17]
Underfull \hbox (badness 10000) in alignment at lines 440--445
 [] [] [] 

Underfull \hbox (badness 10000) in alignment at lines 445--450
 [] [] [] 

Underfull \hbox (badness 10000) in alignment at lines 450--451
 [] [] [] 

Underfull \hbox (badness 10000) in alignment at lines 451--453
 [] [] [] 

Underfull \hbox (badness 10000) in alignment at lines 453--462
 [] [] [] 
[18] (./Supplementary_Table_9_reviewer_sensitivity_analyses_standalone.aux)

LaTeX Warning: Label(s) may have changed. Rerun to get cross-references right.


Package rerunfilecheck Warning: File `Supplementary_Table_9_reviewer_sensitivit
y_analyses_standalone.out' has changed.
(rerunfilecheck)                Rerun to get outlines right
(rerunfilecheck)                or use package `bookmark'.

 )
(see the transcript file for additional information)</mnt/e/WSL/texlive/2026/te
xmf-dist/fonts/type1/public/amsfonts/cm/cmbx12.pfb></mnt/e/WSL/texlive/2026/tex
mf-dist/fonts/type1/public/amsfonts/cm/cmr10.pfb></mnt/e/WSL/texlive/2026/texmf
-dist/fonts/type1/public/amsfonts/cm/cmr12.pfb></mnt/e/WSL/texlive/2026/texmf-d
ist/fonts/type1/public/amsfonts/cm/cmr17.pfb></mnt/e/WSL/texlive/2026/texmf-dis
t/fonts/type1/public/amsfonts/cm/cmr8.pfb>
Output written on Supplementary_Table_9_reviewer_sensitivity_analyses_standalon
e.pdf (18 pages, 92606 bytes).
SyncTeX written on Supplementary_Table_9_reviewer_sensitivity_analyses_standalone.synctex.gz.
Transcript written on Supplementary_Table_9_reviewer_sensitivity_analyses_stand
alone.log.
Latexmk: Getting log file 'Supplementary_Table_9_reviewer_sensitivity_analyses_standalone.log'
Latexmk: Examining 'Supplementary_Table_9_reviewer_sensitivity_analyses_standalone.fls'
Latexmk: Examining 'Supplementary_Table_9_reviewer_sensitivity_analyses_standalone.log'
Latexmk: References changed.
Latexmk: References changed.
Latexmk: Log file says output to 'Supplementary_Table_9_reviewer_sensitivity_analyses_standalone.pdf'
Latexmk: applying rule 'pdflatex'...
Rule 'pdflatex':  Reasons for rerun
Changed files or newly in use/created:
  Supplementary_Table_9_reviewer_sensitivity_analyses_standalone.aux
  Supplementary_Table_9_reviewer_sensitivity_analyses_standalone.out

------------
Run number 2 of rule 'pdflatex'
------------
------------
Running 'pdflatex  -interaction=nonstopmode -halt-on-error -synctex=1 -recorder  "Supplementary_Table_9_reviewer_sensitivity_analyses_standalone.tex"'
------------
This is pdfTeX, Version 3.141592653-2.6-1.40.29 (TeX Live 2026) (preloaded format=pdflatex)
 restricted \write18 enabled.
entering extended mode
(./Supplementary_Table_9_reviewer_sensitivity_analyses_standalone.tex
LaTeX2e <2026-06-01>
L3 programming layer <2026-05-26>
(/mnt/e/WSL/texlive/2026/texmf-dist/tex/latex/base/article.cls
Document Class: article 2025/01/22 v1.4n Standard LaTeX document class
(/mnt/e/WSL/texlive/2026/texmf-dist/tex/latex/base/size11.clo))
(/mnt/e/WSL/texlive/2026/texmf-dist/tex/latex/geometry/geometry.sty
(/mnt/e/WSL/texlive/2026/texmf-dist/tex/latex/graphics/keyval.sty)
(/mnt/e/WSL/texlive/2026/texmf-dist/tex/generic/iftex/ifvtex.sty
(/mnt/e/WSL/texlive/2026/texmf-dist/tex/generic/iftex/iftex.sty)))
(/mnt/e/WSL/texlive/2026/texmf-dist/tex/latex/booktabs/booktabs.sty)
(/mnt/e/WSL/texlive/2026/texmf-dist/tex/latex/tools/longtable.sty)
(/mnt/e/WSL/texlive/2026/texmf-dist/tex/latex/tools/array.sty)
(/mnt/e/WSL/texlive/2026/texmf-dist/tex/latex/pdflscape/pdflscape.sty
(/mnt/e/WSL/texlive/2026/texmf-dist/tex/latex/pdflscape/pdflscape-nometadata.st
y (/mnt/e/WSL/texlive/2026/texmf-dist/tex/latex/graphics/lscape.sty
(/mnt/e/WSL/texlive/2026/texmf-dist/tex/latex/graphics/graphics.sty
(/mnt/e/WSL/texlive/2026/texmf-dist/tex/latex/graphics/trig.sty)
(/mnt/e/WSL/texlive/2026/texmf-dist/tex/latex/graphics-cfg/graphics.cfg)
(/mnt/e/WSL/texlive/2026/texmf-dist/tex/latex/graphics-def/pdftex.def)))))
(/mnt/e/WSL/texlive/2026/texmf-dist/tex/latex/url/url.sty)
(/mnt/e/WSL/texlive/2026/texmf-dist/tex/latex/hyperref/hyperref.sty
(/mnt/e/WSL/texlive/2026/texmf-dist/tex/latex/kvsetkeys/kvsetkeys.sty)
(/mnt/e/WSL/texlive/2026/texmf-dist/tex/generic/kvdefinekeys/kvdefinekeys.sty)
(/mnt/e/WSL/texlive/2026/texmf-dist/tex/generic/pdfescape/pdfescape.sty
(/mnt/e/WSL/texlive/2026/texmf-dist/tex/generic/ltxcmds/ltxcmds.sty)
(/mnt/e/WSL/texlive/2026/texmf-dist/tex/generic/pdftexcmds/pdftexcmds.sty
(/mnt/e/WSL/texlive/2026/texmf-dist/tex/generic/infwarerr/infwarerr.sty)))
(/mnt/e/WSL/texlive/2026/texmf-dist/tex/latex/hycolor/hycolor.sty)
(/mnt/e/WSL/texlive/2026/texmf-dist/tex/latex/hyperref/nameref.sty
(/mnt/e/WSL/texlive/2026/texmf-dist/tex/latex/refcount/refcount.sty)
(/mnt/e/WSL/texlive/2026/texmf-dist/tex/generic/gettitlestring/gettitlestring.s
ty (/mnt/e/WSL/texlive/2026/texmf-dist/tex/latex/kvoptions/kvoptions.sty)))
(/mnt/e/WSL/texlive/2026/texmf-dist/tex/latex/etoolbox/etoolbox.sty)
(/mnt/e/WSL/texlive/2026/texmf-dist/tex/generic/stringenc/stringenc.sty)
(/mnt/e/WSL/texlive/2026/texmf-dist/tex/latex/hyperref/pd1enc.def)
(/mnt/e/WSL/texlive/2026/texmf-dist/tex/generic/intcalc/intcalc.sty)
(/mnt/e/WSL/texlive/2026/texmf-dist/tex/latex/hyperref/puenc.def)
(/mnt/e/WSL/texlive/2026/texmf-dist/tex/generic/bitset/bitset.sty
(/mnt/e/WSL/texlive/2026/texmf-dist/tex/generic/bigintcalc/bigintcalc.sty)))
(/mnt/e/WSL/texlive/2026/texmf-dist/tex/latex/hyperref/hpdftex.def
(/mnt/e/WSL/texlive/2026/texmf-dist/tex/latex/rerunfilecheck/rerunfilecheck.sty

(/mnt/e/WSL/texlive/2026/texmf-dist/tex/generic/uniquecounter/uniquecounter.sty
))) (/mnt/e/WSL/texlive/2026/texmf-dist/tex/latex/microtype/microtype.sty
(/mnt/e/WSL/texlive/2026/texmf-dist/tex/latex/microtype/microtype-pdftex.def)
(/mnt/e/WSL/texlive/2026/texmf-dist/tex/latex/microtype/microtype.cfg))
(/mnt/e/WSL/texlive/2026/texmf-dist/tex/latex/l3backend/l3backend-pdftex.def)
(./Supplementary_Table_9_reviewer_sensitivity_analyses_standalone.aux)
*geometry* driver: auto-detecting
*geometry* detected driver: pdftex
(/mnt/e/WSL/texlive/2026/texmf-dist/tex/context/base/mkii/supp-pdf.mkii
[Loading MPS to PDF converter (version 2006.09.02).]
) (/mnt/e/WSL/texlive/2026/texmf-dist/tex/latex/epstopdf-pkg/epstopdf-base.sty
(/mnt/e/WSL/texlive/2026/texmf-dist/tex/latex/latexconfig/epstopdf-sys.cfg))
(./Supplementary_Table_9_reviewer_sensitivity_analyses_standalone.out)
(./Supplementary_Table_9_reviewer_sensitivity_analyses_standalone.out)
(/mnt/e/WSL/texlive/2026/texmf-dist/tex/latex/microtype/mt-cmr.cfg)
Underfull \hbox (badness 1043) in paragraph at lines 20--21
\OT1/cmr/m/n/10.95 (+20) Standalone dis-play ver-sion for La-TeX up-load/review
. Machine-readable source: source[]tables/
[1{/mnt/e/WSL/texlive/2026/texmf-var/fonts/map/pdftex/updmap/pdftex.map}]
Underfull \hbox (badness 10000) in alignment at lines 30--35
 [] [] [] [] [] 

Underfull \hbox (badness 10000) in alignment at lines 35--40
 [] [] [] [] [] 

Underfull \hbox (badness 10000) in alignment at lines 40--41
 [] [] [] [] [] 

Underfull \hbox (badness 10000) in alignment at lines 41--43
 [] [] [] [] [] 

Underfull \hbox (badness 10000) in alignment at lines 43--52
 [] [] [] [] [] 
[2]
Underfull \hbox (badness 10000) in alignment at lines 63--68
 [] [] [] [] [] 

Underfull \hbox (badness 10000) in alignment at lines 68--73
 [] [] [] [] [] 

Underfull \hbox (badness 10000) in alignment at lines 73--74
 [] [] [] [] [] 

Underfull \hbox (badness 10000) in alignment at lines 74--76
 [] [] [] [] [] 

Underfull \hbox (badness 10000) in alignment at lines 76--85
 [] [] [] [] [] 
[3]
Underfull \hbox (badness 10000) in alignment at lines 96--101
 [] [] [] [] [] 

Underfull \hbox (badness 10000) in alignment at lines 101--106
 [] [] [] [] [] 

Underfull \hbox (badness 10000) in alignment at lines 106--107
 [] [] [] [] [] 

Underfull \hbox (badness 10000) in alignment at lines 107--109
 [] [] [] [] [] 

Underfull \hbox (badness 10000) in alignment at lines 109--118
 [] [] [] [] [] 
[4] [5]
Underfull \hbox (badness 10000) in alignment at lines 131--136
 [] [] [] [] [] 

Underfull \hbox (badness 10000) in alignment at lines 136--141
 [] [] [] [] [] 

Underfull \hbox (badness 10000) in alignment at lines 141--142
 [] [] [] [] [] 

Underfull \hbox (badness 10000) in alignment at lines 142--144
 [] [] [] [] [] 

Underfull \hbox (badness 10000) in alignment at lines 144--146
 [] [] [] [] [] 
[6]
Underfull \hbox (badness 10000) in alignment at lines 157--162
 [] [] [] [] [] 

Underfull \hbox (badness 10000) in alignment at lines 162--167
 [] [] [] [] [] 

Underfull \hbox (badness 10000) in alignment at lines 167--168
 [] [] [] [] [] 

Underfull \hbox (badness 10000) in alignment at lines 168--170
 [] [] [] [] [] 

Underfull \hbox (badness 10000) in alignment at lines 170--172
 [] [] [] [] [] 
[7]
Underfull \hbox (badness 10000) in alignment at lines 183--188
 [] [] [] [] [] 

Underfull \hbox (badness 10000) in alignment at lines 188--193
 [] [] [] [] [] 

Underfull \hbox (badness 10000) in alignment at lines 193--194
 [] [] [] [] [] 

Underfull \hbox (badness 10000) in alignment at lines 194--196
 [] [] [] [] [] 

Underfull \hbox (badness 10000) in alignment at lines 196--198
 [] [] [] [] [] 
[8] [9]
Underfull \hbox (badness 10000) in alignment at lines 211--216
 [] [] [] [] [] 

Underfull \hbox (badness 10000) in alignment at lines 216--221
 [] [] [] [] [] 

Underfull \hbox (badness 10000) in alignment at lines 221--222
 [] [] [] [] [] 

Underfull \hbox (badness 10000) in alignment at lines 222--224
 [] [] [] [] [] 

Underfull \hbox (badness 10000) in alignment at lines 224--232
 [] [] [] [] [] 
[10]
Underfull \hbox (badness 10000) in alignment at lines 243--248
 [] [] [] [] [] 

Underfull \hbox (badness 10000) in alignment at lines 248--253
 [] [] [] [] [] 

Underfull \hbox (badness 10000) in alignment at lines 253--254
 [] [] [] [] [] 

Underfull \hbox (badness 10000) in alignment at lines 254--256
 [] [] [] [] [] 

Underfull \hbox (badness 10000) in alignment at lines 256--264
 [] [] [] [] [] 
[11]
Underfull \hbox (badness 10000) in alignment at lines 275--280
 [] [] [] [] [] 

Underfull \hbox (badness 10000) in alignment at lines 280--285
 [] [] [] [] [] 

Underfull \hbox (badness 10000) in alignment at lines 285--286
 [] [] [] [] [] 

Underfull \hbox (badness 10000) in alignment at lines 286--288
 [] [] [] [] [] 

Underfull \hbox (badness 10000) in alignment at lines 288--296
 [] [] [] [] [] 
[12]
Underfull \hbox (badness 10000) in alignment at lines 307--312
 [] [] [] [] [] 

Underfull \hbox (badness 10000) in alignment at lines 312--317
 [] [] [] [] [] 

Underfull \hbox (badness 10000) in alignment at lines 317--318
 [] [] [] [] [] 

Underfull \hbox (badness 10000) in alignment at lines 318--320
 [] [] [] [] [] 

Underfull \hbox (badness 10000) in alignment at lines 320--328
 [] [] [] [] [] 
[13] [14]
Underfull \hbox (badness 10000) in alignment at lines 341--346
 [] [] [] [] [] 

Underfull \hbox (badness 10000) in alignment at lines 346--351
 [] [] [] [] [] 

Underfull \hbox (badness 10000) in alignment at lines 351--352
 [] [] [] [] [] 

Underfull \hbox (badness 10000) in alignment at lines 352--354
 [] [] [] [] [] 

Underfull \hbox (badness 10000) in alignment at lines 354--363
 [] [] [] [] [] 
[15]
Underfull \hbox (badness 10000) in alignment at lines 374--379
 [] [] [] [] [] 

Underfull \hbox (badness 10000) in alignment at lines 379--384
 [] [] [] [] [] 

Underfull \hbox (badness 10000) in alignment at lines 384--385
 [] [] [] [] [] 

Underfull \hbox (badness 10000) in alignment at lines 385--387
 [] [] [] [] [] 

Underfull \hbox (badness 10000) in alignment at lines 387--396
 [] [] [] [] [] 
[16]
Underfull \hbox (badness 10000) in alignment at lines 407--412
 [] [] [] [] [] 

Underfull \hbox (badness 10000) in alignment at lines 412--417
 [] [] [] [] [] 

Underfull \hbox (badness 10000) in alignment at lines 417--418
 [] [] [] [] [] 

Underfull \hbox (badness 10000) in alignment at lines 418--420
 [] [] [] [] [] 

Underfull \hbox (badness 10000) in alignment at lines 420--429
 [] [] [] [] [] 
[17]
Underfull \hbox (badness 10000) in alignment at lines 440--445
 [] [] [] 

Underfull \hbox (badness 10000) in alignment at lines 445--450
 [] [] [] 

Underfull \hbox (badness 10000) in alignment at lines 450--451
 [] [] [] 

Underfull \hbox (badness 10000) in alignment at lines 451--453
 [] [] [] 

Underfull \hbox (badness 10000) in alignment at lines 453--462
 [] [] [] 
[18] (./Supplementary_Table_9_reviewer_sensitivity_analyses_standalone.aux) )
(see the transcript file for additional information)</mnt/e/WSL/texlive/2026/te
xmf-dist/fonts/type1/public/amsfonts/cm/cmbx12.pfb></mnt/e/WSL/texlive/2026/tex
mf-dist/fonts/type1/public/amsfonts/cm/cmr10.pfb></mnt/e/WSL/texlive/2026/texmf
-dist/fonts/type1/public/amsfonts/cm/cmr12.pfb></mnt/e/WSL/texlive/2026/texmf-d
ist/fonts/type1/public/amsfonts/cm/cmr17.pfb></mnt/e/WSL/texlive/2026/texmf-dis
t/fonts/type1/public/amsfonts/cm/cmr8.pfb>
Output written on Supplementary_Table_9_reviewer_sensitivity_analyses_standalon
e.pdf (18 pages, 92606 bytes).
SyncTeX written on Supplementary_Table_9_reviewer_sensitivity_analyses_standalone.synctex.gz.
Transcript written on Supplementary_Table_9_reviewer_sensitivity_analyses_stand
alone.log.
Latexmk: Getting log file 'Supplementary_Table_9_reviewer_sensitivity_analyses_standalone.log'
Latexmk: Examining 'Supplementary_Table_9_reviewer_sensitivity_analyses_standalone.fls'
Latexmk: Examining 'Supplementary_Table_9_reviewer_sensitivity_analyses_standalone.log'
Latexmk: Log file says output to 'Supplementary_Table_9_reviewer_sensitivity_analyses_standalone.pdf'
Latexmk: All targets (Supplementary_Table_9_reviewer_sensitivity_analyses_standalone.pdf) are up-to-date

